item_id,department,level,difficulty,workload
ECON400_00000,ECON,400,2.929702326541359,4.964513269887341
ECON500_00001,ECON,500,4.425452639851483,4.122965119666407
ECON300_00002,ECON,300,3.292026460106591,3.914226316613714
MATH500_00003,MATH,500,1.9646317340578707,1.7487149038804106
PSYCH400_00004,PSYCH,400,3.9284867788111657,2.6446084420993685
PHYS200_00005,PHYS,200,2.4568368518882253,3.71831203021962
ENGL500_00006,ENGL,500,1.3425044417559233,4.798263949538914
STAT500_00007,STAT,500,2.2121614803452427,3.587562220457051
ENGR400_00008,ENGR,400,1.9442866508920593,3.270786729834321
PHYS500_00009,PHYS,500,2.541551350678107,3.39539862214409
STAT400_00010,STAT,400,2.489031186366551,4.678689634541262
CS100_00011,CS,100,2.920073349707299,3.7619596133647724
PSYCH400_00012,PSYCH,400,2.8077952305057283,4.31452552399413
MATH200_00013,MATH,200,3.62621850884747,2.5643573320359714
PHYS100_00014,PHYS,100,2.25056953731825,1.1009822857847218
PHYS200_00015,PHYS,200,2.6802820194666146,2.5608575781899137
PHYS100_00016,PHYS,100,3.892328731236648,2.44876881778207
ENGL400_00017,ENGL,400,2.420781443189436,1.43392334671747
STAT100_00018,STAT,100,2.227855348415658,3.360211298456467
ECON500_00019,ECON,500,1.3641251120338573,4.6907960713044785
PSYCH300_00020,PSYCH,300,3.635533007375546,4.6118863393226395
ENGR500_00021,ENGR,500,1.1255076403009703,4.420112687248514
CS500_00022,CS,500,4.032390337902788,4.9205627407790775
ECON200_00023,ECON,200,3.462110783184268,1.667585540054223
PHYS100_00024,PHYS,100,3.95796589067855,3.0915836047446636
BIO100_00025,BIO,100,3.092883157284325,1.2115180538921875
ENGL400_00026,ENGL,400,1.8884564557697283,3.845946591434804
BIO200_00027,BIO,200,2.8782154416920043,2.9211044015219674
BIO500_00028,BIO,500,3.69183970907352,4.156353196300442
CHEM100_00029,CHEM,100,2.2251205141647974,4.193266379803145
BIO200_00030,BIO,200,1.5401834747545218,3.0573594777886055
ENGR300_00031,ENGR,300,4.573300857419512,3.2764756094351157
PHYS400_00032,PHYS,400,3.126274817268868,3.446801647545135
ENGR200_00033,ENGR,200,4.819166537188068,1.9572534665486843
MATH500_00034,MATH,500,4.913084201521478,4.570948359646896
PSYCH100_00035,PSYCH,100,1.9341930519400972,1.9901660107291823
ENGL300_00036,ENGL,300,4.929770127938721,4.0458826448303284
ENGR100_00037,ENGR,100,4.201553100981776,4.425441973301185
MATH100_00038,MATH,100,3.5842240526157894,2.727295368183441
STAT100_00039,STAT,100,3.2427441388686677,4.870873221316633
PHYS500_00040,PHYS,500,3.9608089307797774,2.5199876077824124
PSYCH100_00041,PSYCH,100,2.3894583329641934,4.09419935989578
PHYS100_00042,PHYS,100,1.513910766648841,4.398183616676533
CS200_00043,CS,200,4.517569174028166,3.556390560195574
PSYCH100_00044,PSYCH,100,1.6276488711907149,2.8282274059944803
ECON200_00045,ECON,200,3.553584411756786,1.4581388283539507
CHEM400_00046,CHEM,400,4.157410783808006,1.807700386281287
MATH500_00047,MATH,500,1.3555244991696571,1.3190876013709296
BIO100_00048,BIO,100,1.161206212263599,2.278339333544355
MATH500_00049,MATH,500,4.610801163974823,2.7932059733138694
STAT200_00050,STAT,200,3.8185409116915263,2.77137349469126
PHYS200_00051,PHYS,200,4.43308757561876,1.0305735965450138
ENGR100_00052,ENGR,100,4.977271772107645,4.67242578767824
ENGL500_00053,ENGL,500,3.1338524034320656,4.054364965307777
ENGL400_00054,ENGL,400,4.035861882064102,1.5239061893463015
ENGL100_00055,ENGL,100,1.26238682488311,3.0752011869972478
MATH300_00056,MATH,300,1.43292354840603,1.7106337975773855
ENGR200_00057,ENGR,200,1.4895568549981033,2.9518550366573035
STAT400_00058,STAT,400,3.4931303687613493,1.9000427880180024
PSYCH400_00059,PSYCH,400,2.0406287732213486,4.245852209809783
CS300_00060,CS,300,2.669803466346042,1.3074820017921058
ECON400_00061,ECON,400,4.192992104818595,2.6632922564234405
ECON200_00062,ECON,200,2.329733304481859,4.679870203251624
CHEM300_00063,CHEM,300,3.3076967859920514,3.148098842877212
CS500_00064,CS,500,3.9293510166287913,4.373283940742702
CHEM200_00065,CHEM,200,2.4661545275159105,4.406774470905772
ENGL100_00066,ENGL,100,2.786510931690266,1.6609993088515016
PSYCH400_00067,PSYCH,400,2.470118429424839,3.895143307838239
PHYS300_00068,PHYS,300,3.3956332119608983,4.523129946611689
ECON100_00069,ECON,100,3.0471100883039655,2.952668351013267
BIO100_00070,BIO,100,1.8305549591698336,1.331220790608461
PHYS200_00071,PHYS,200,3.449542353303514,3.6069187913135896
MATH100_00072,MATH,100,4.188061668348025,1.0654983508757137
ECON500_00073,ECON,500,2.076800311987512,2.6525522179851917
ENGR100_00074,ENGR,100,1.182315590913913,2.6404056135147105
ENGL200_00075,ENGL,200,2.1636107906695186,1.6954656125453575
MATH400_00076,MATH,400,1.1993119538832522,3.503146275943108
ENGL200_00077,ENGL,200,2.7509813073950062,3.37885617433528
BIO400_00078,BIO,400,4.083959049929243,4.349301317483809
STAT200_00079,STAT,200,2.82635187813139,1.7745347115272136
ECON500_00080,ECON,500,3.38438896396608,4.323485285237437
PSYCH200_00081,PSYCH,200,3.969675800029186,3.5086662284253536
ECON300_00082,ECON,300,2.536969727012377,3.294845822969282
ENGL100_00083,ENGL,100,2.186105300415706,3.696090504315254
ENGL400_00084,ENGL,400,2.9120669737071374,1.7395301187618424
ENGR100_00085,ENGR,100,3.271772473423171,2.495815061781009
ENGR200_00086,ENGR,200,1.6583193156622542,4.045593165264779
ENGL500_00087,ENGL,500,1.0552868676537828,2.362090768836082
ENGL400_00088,ENGL,400,3.4799947397848663,1.7821024461789188
PHYS200_00089,PHYS,200,4.308671750862825,4.730862098311949
CS100_00090,CS,100,3.980652805918197,1.5962889792762205
PHYS500_00091,PHYS,500,3.266479574532819,3.0987377763724995
MATH300_00092,MATH,300,1.0027546215561607,2.9312223504004122
CHEM100_00093,CHEM,100,2.7295971246288344,2.574102962593791
BIO400_00094,BIO,400,3.381915374021186,2.1445378440358422
ENGR200_00095,ENGR,200,4.620130430824009,3.158323665401695
STAT100_00096,STAT,100,2.9176091526444727,1.5109323963779553
CHEM200_00097,CHEM,200,4.313674062412272,1.52661024745163
CHEM200_00098,CHEM,200,4.968621336261083,1.353069329063476
BIO100_00099,BIO,100,3.696166007951712,1.6664678344357844
ECON500_00100,ECON,500,4.235629176788419,4.148072818786158
PSYCH500_00101,PSYCH,500,2.9624003898579825,4.237908128892398
CS300_00102,CS,300,3.6041309202882514,3.844904557041246
ENGL300_00103,ENGL,300,4.182765738877909,1.3473925372200384
CHEM100_00104,CHEM,100,2.059805308733519,1.3152781108353064
PSYCH400_00105,PSYCH,400,2.8155444846139144,2.1392746497236104
PHYS200_00106,PHYS,200,1.727532241455215,4.067911479429945
MATH100_00107,MATH,100,4.8737007084658055,4.511752967865688
MATH200_00108,MATH,200,1.8038532253757755,4.714170564372331
BIO200_00109,BIO,200,3.274229952685433,4.859528721885049
ENGL500_00110,ENGL,500,4.647031916123536,4.957270781120657
BIO300_00111,BIO,300,2.214405181898503,1.3720763123211657
ENGR500_00112,ENGR,500,1.1347202498945763,4.453056339556514
PSYCH500_00113,PSYCH,500,3.5543170820807832,1.6539158316949942
ENGR100_00114,ENGR,100,2.1525183630051092,4.111986980638518
STAT400_00115,STAT,400,4.986868526721527,2.479553649103425
CHEM400_00116,CHEM,400,3.023578047104767,3.161149325741016
PSYCH500_00117,PSYCH,500,3.163958451098031,2.9020585053895376
STAT200_00118,STAT,200,4.881655911121722,3.7361208952602443
STAT500_00119,STAT,500,2.9243696632071043,1.074373727407778
CHEM200_00120,CHEM,200,3.407875874881764,3.4687934424311844
CS300_00121,CS,300,3.8779994275838603,4.509897253876504
PHYS500_00122,PHYS,500,3.42099162754714,2.4489813248811876
ECON300_00123,ECON,300,3.0008534033296836,3.5971182381376074
BIO400_00124,BIO,400,3.6273132762496787,2.146034130957498
STAT500_00125,STAT,500,4.881120336483178,1.9316628651908276
BIO300_00126,BIO,300,4.536402128730135,3.70221542601245
PSYCH500_00127,PSYCH,500,1.0348458415293615,3.016382029868316
ENGR200_00128,ENGR,200,1.6104764389382988,3.069530536810853
PSYCH500_00129,PSYCH,500,3.529467587401925,3.1372410831164803
PHYS100_00130,PHYS,100,1.8477603812382926,4.309561122282894
ENGL400_00131,ENGL,400,4.33183252653212,2.181406122863999
ECON300_00132,ECON,300,1.6899647424962785,3.4740300915910085
CHEM500_00133,CHEM,500,1.8134702130656928,1.3631870091322602
CHEM200_00134,CHEM,200,2.6651354089118224,2.9765365987201955
BIO500_00135,BIO,500,4.86866001544179,4.383052398909587
BIO500_00136,BIO,500,2.82180055414673,3.408739496028516
BIO200_00137,BIO,200,2.188987053872206,2.7286162515078884
PHYS300_00138,PHYS,300,3.2777568655586906,3.3237179339964773
BIO400_00139,BIO,400,3.8079472599763964,3.292999856146155
STAT100_00140,STAT,100,1.3609693319683696,4.992874309614342
MATH500_00141,MATH,500,2.6697648100345543,2.364981163181601
CS100_00142,CS,100,1.077280236194197,4.238378816067513
CS300_00143,CS,300,3.5651697440021355,2.6479213382567077
ENGR400_00144,ENGR,400,1.6231316517434493,1.9759135033729232
ENGR100_00145,ENGR,100,3.7414527641462385,4.677420326329549
ECON100_00146,ECON,100,2.8940685475159587,2.685220899170364
PSYCH400_00147,PSYCH,400,2.2252497902765223,4.143921767568289
BIO200_00148,BIO,200,3.607164961011902,3.407709490968141
STAT500_00149,STAT,500,4.198599107917813,2.731449152737182
ECON100_00150,ECON,100,1.1717007725323136,4.863385043533062
ENGL300_00151,ENGL,300,4.775071085850705,2.5477086459489717
CHEM500_00152,CHEM,500,1.874174291203233,1.7534410905613753
ENGR100_00153,ENGR,100,4.462885393702226,2.4395869324583814
MATH500_00154,MATH,500,3.1758126819989276,2.891113132924071
BIO400_00155,BIO,400,1.4733051635087264,3.880301309980376
CHEM500_00156,CHEM,500,4.490898770431798,4.100188568750084
CS300_00157,CS,300,2.5022656595267736,2.7688092539205607
ENGR100_00158,ENGR,100,4.270496721608322,1.1246922307204232
PHYS200_00159,PHYS,200,1.1829113443716208,4.888208710560868
BIO300_00160,BIO,300,3.113597487118072,1.65605779941817
MATH300_00161,MATH,300,1.4590918613208617,1.7170478342734459
BIO200_00162,BIO,200,2.5779528579767628,3.7881115599790105
MATH200_00163,MATH,200,2.5827534790396975,4.459606300982702
CHEM300_00164,CHEM,300,2.240973037304392,4.129511715749786
CHEM400_00165,CHEM,400,1.5358758495131228,3.9147018931698954
MATH200_00166,MATH,200,2.1892968909542025,1.356970336539887
PSYCH500_00167,PSYCH,500,4.113870127839679,1.7150145166164785
ECON400_00168,ECON,400,3.240724128156023,2.4251889511875935
CS200_00169,CS,200,1.6718995253745468,2.2899225079660734
ENGL400_00170,ENGL,400,1.3771219502800425,4.422758645289289
CHEM400_00171,CHEM,400,4.089809998324488,3.0626447896704185
STAT300_00172,STAT,300,3.5100109327068334,3.847054122997029
PHYS300_00173,PHYS,300,2.7216849743026947,1.8074129690771472
ECON300_00174,ECON,300,3.3650603360393943,1.427884259809101
ENGR300_00175,ENGR,300,4.900151841154994,1.420252137441016
BIO300_00176,BIO,300,4.904293423539383,2.4858543041120167
ENGL500_00177,ENGL,500,4.221528845248018,2.892936706829378
PHYS300_00178,PHYS,300,3.2103186379837774,2.9657969867977987
ENGR400_00179,ENGR,400,1.5399144123506012,4.207403484338299
CHEM200_00180,CHEM,200,3.274930592611592,1.3331741992931785
CHEM300_00181,CHEM,300,3.081634854216727,4.31491161155326
PHYS300_00182,PHYS,300,3.9835944396758456,3.845603591085594
PSYCH100_00183,PSYCH,100,4.3079138617970525,1.5472086417092035
CS500_00184,CS,500,2.9061936932147154,4.421843884500542
ENGR400_00185,ENGR,400,1.405087602401816,3.0064103615161812
PSYCH100_00186,PSYCH,100,2.5578260869696967,3.1964581766522158
CHEM400_00187,CHEM,400,4.869357177223976,3.353376968248669
BIO200_00188,BIO,200,2.5256720081561914,2.6125672832503954
CS400_00189,CS,400,3.8272603573037145,1.6239026274210633
ENGL100_00190,ENGL,100,1.2329704323520914,4.989156371292108
ENGR400_00191,ENGR,400,2.1724243642348973,3.943996536387684
CS400_00192,CS,400,2.3464408876249023,2.174701871812241
PHYS100_00193,PHYS,100,4.002469294090813,4.403604462940439
BIO400_00194,BIO,400,1.154084008616619,2.3057735525965435
MATH300_00195,MATH,300,4.697375117342999,2.8707175327722996
PSYCH400_00196,PSYCH,400,1.0449329855094365,1.460436438809566
ECON500_00197,ECON,500,2.9943356564005503,3.9818375377949318
ENGL300_00198,ENGL,300,2.7228636921324867,1.3672648050558411
ECON300_00199,ECON,300,2.552997657097162,4.707134674195989
MATH500_00200,MATH,500,3.06307959188861,4.899068256023872
ECON300_00201,ECON,300,4.607158313359545,1.8280768805488332
ECON500_00202,ECON,500,1.5290671593938647,2.604048464891446
PSYCH500_00203,PSYCH,500,4.440007139925366,4.564929240260058
ENGL300_00204,ENGL,300,3.813933507805409,1.0871790280860552
CS200_00205,CS,200,4.6557151254455755,2.8102645729431717
ECON200_00206,ECON,200,4.752480027783269,4.414183737081437
STAT200_00207,STAT,200,3.9202907259962747,1.9366148010310074
BIO500_00208,BIO,500,4.673705786566024,2.155768746549467
BIO200_00209,BIO,200,4.8196180629841585,3.141046897028943
ENGR300_00210,ENGR,300,4.934908427924466,3.108212983057194
CHEM300_00211,CHEM,300,2.675395235963736,3.4760367117345514
CS200_00212,CS,200,1.7526688536688346,4.610437430280392
PSYCH200_00213,PSYCH,200,3.038946365522949,3.870504090495221
ENGR400_00214,ENGR,400,3.9678932165023286,1.6884968241394325
STAT500_00215,STAT,500,4.873048393706883,2.9628604731091204
BIO400_00216,BIO,400,4.953034733888193,3.0933813324397588
ENGR400_00217,ENGR,400,4.764714300626665,2.2008248261022256
STAT200_00218,STAT,200,1.829428490325233,3.868427399291888
STAT100_00219,STAT,100,2.17701659457575,2.288696466892173
ECON300_00220,ECON,300,2.671148179168163,4.984210057978247
ENGR100_00221,ENGR,100,3.830021060642808,2.2429878868066164
PHYS300_00222,PHYS,300,1.0735934376657337,2.770689824784705
ENGR500_00223,ENGR,500,4.8372899904744955,4.92453152474952
MATH200_00224,MATH,200,3.053496065345859,3.203471651646385
BIO300_00225,BIO,300,4.949681437006298,3.104016575261303
ECON200_00226,ECON,200,4.062648084144696,1.4024256786608351
MATH300_00227,MATH,300,3.9097952445909776,1.4189055641491337
ENGR500_00228,ENGR,500,1.4761600131162487,3.5309645952641833
ENGR200_00229,ENGR,200,3.491876162076541,2.0158117508226763
BIO400_00230,BIO,400,4.184577726374091,1.85455715772131
PHYS200_00231,PHYS,200,2.9995460705904775,3.4753741501401376
PSYCH400_00232,PSYCH,400,2.6953086928926338,2.702934247904736
STAT200_00233,STAT,200,3.95526467032984,2.399676280662611
PSYCH100_00234,PSYCH,100,1.2245109187996572,3.38949699667714
STAT300_00235,STAT,300,1.290648111419777,1.7919284302807323
ENGL300_00236,ENGL,300,3.319401585290762,4.763636983394093
ECON500_00237,ECON,500,1.2267666557283876,1.95338128106849
PSYCH500_00238,PSYCH,500,4.294234338290496,4.811436853062711
CS300_00239,CS,300,4.51903034649326,3.5393138308485392
CS200_00240,CS,200,4.924191216062455,2.9815259263253795
ENGL100_00241,ENGL,100,3.8402752869500225,4.786499813435892
ECON400_00242,ECON,400,3.7829920354877578,1.4775607508615831
CS300_00243,CS,300,4.242193768813218,3.756269262086599
ENGR300_00244,ENGR,300,2.828974215602731,4.968166087556741
BIO500_00245,BIO,500,2.3954667751915246,2.3869739379501884
PSYCH400_00246,PSYCH,400,4.445313260549668,2.956427557447303
CHEM300_00247,CHEM,300,3.7934553158557014,3.1299553673622764
ENGR300_00248,ENGR,300,2.4379043614160123,3.373500424822159
STAT500_00249,STAT,500,3.92310274104529,3.810640692974165
CHEM400_00250,CHEM,400,1.17656124288425,4.579777076584012
PSYCH400_00251,PSYCH,400,4.067784342023257,2.995401360253344
CS100_00252,CS,100,3.8903209540023767,4.578989905249262
PSYCH200_00253,PSYCH,200,3.438778899263134,3.802032059762553
CS200_00254,CS,200,4.655424786647466,4.099356414691208
ENGL100_00255,ENGL,100,4.3950440841227705,3.9517555927577557
ECON300_00256,ECON,300,2.4604583761875958,2.3234096219547875
PSYCH300_00257,PSYCH,300,4.266042617671914,1.1208221466771353
ECON300_00258,ECON,300,1.745287074623302,4.010391842820223
CHEM100_00259,CHEM,100,2.412353285051417,3.9485766146201278
ECON400_00260,ECON,400,2.919078688232627,4.681260930265072
PHYS200_00261,PHYS,200,3.60247984257684,2.222508202382858
BIO300_00262,BIO,300,1.8307137533750124,1.9244678072592682
ENGL100_00263,ENGL,100,2.6214057385226712,3.7634082155143163
PSYCH400_00264,PSYCH,400,3.8936491170002157,3.3064228812210334
ENGL400_00265,ENGL,400,1.6342880321581563,1.1288413977243956
ECON100_00266,ECON,100,4.948441699663084,3.8426052456814572
PSYCH200_00267,PSYCH,200,3.564010686987546,1.3543491401036851
BIO400_00268,BIO,400,3.4762038482724305,3.3098113554679776
ENGL100_00269,ENGL,100,4.402944468258845,2.0326724799794045
CHEM100_00270,CHEM,100,4.522412061426824,3.5191568793699837
BIO400_00271,BIO,400,2.6454543735191356,2.7418364759320673
MATH500_00272,MATH,500,1.2242958235736547,2.215803246256671
ENGR100_00273,ENGR,100,2.8481888782227087,1.5110087148034066
PHYS400_00274,PHYS,400,4.589932275667764,1.2146396606667698
ENGL100_00275,ENGL,100,1.709727702600024,2.3013037053695458
STAT300_00276,STAT,300,3.7264459318937475,4.022287425750541
BIO500_00277,BIO,500,3.548588354586423,3.593934537671616
CHEM200_00278,CHEM,200,1.613747291523806,4.168282494372125
PHYS400_00279,PHYS,400,2.4962389939194143,2.664913951228264
ENGR100_00280,ENGR,100,3.6533634364107423,1.4042795310739482
STAT500_00281,STAT,500,1.4232701815832143,3.4143729119457435
BIO400_00282,BIO,400,2.003023133282748,2.3772558968003596
PSYCH200_00283,PSYCH,200,3.943755500652854,4.959391562428507
PHYS100_00284,PHYS,100,4.03033342950972,4.117204477810879
MATH200_00285,MATH,200,1.3296759953179227,1.8933450958273963
BIO100_00286,BIO,100,1.23966841388294,2.8220995195813687
ENGR500_00287,ENGR,500,1.0376547249586507,1.3807826656467537
BIO300_00288,BIO,300,2.6072006143817847,1.7965025354190733
CHEM200_00289,CHEM,200,2.254467157578131,3.9270321167526063
PSYCH200_00290,PSYCH,200,1.7423074811397607,1.6540974069596421
ENGR200_00291,ENGR,200,3.049105780245323,2.1834316982107334
CHEM400_00292,CHEM,400,1.3676463188952397,1.0462631421487356
PHYS500_00293,PHYS,500,2.3961718275347073,4.850986899455991
ENGR300_00294,ENGR,300,2.3797993975743696,1.8675281243149797
CHEM500_00295,CHEM,500,2.216479532699372,3.7952500902453417
ENGL300_00296,ENGL,300,3.1233185584850363,4.5430753997535085
PHYS300_00297,PHYS,300,4.255470971045234,2.092084717599435
PHYS200_00298,PHYS,200,2.3289043604369417,3.369835334743958
ENGL100_00299,ENGL,100,2.6685831775583235,1.6227742982640003
ENGR500_00300,ENGR,500,3.825419494164952,3.6381011426250516
BIO200_00301,BIO,200,3.3873862153026915,1.5251283330180487
STAT200_00302,STAT,200,4.623961368924423,1.8077893351160328
PHYS500_00303,PHYS,500,1.1291295036546094,4.4946047878948505
ECON500_00304,ECON,500,3.3483726473758866,1.6708636199561808
PSYCH500_00305,PSYCH,500,2.094713169977302,3.2642980767550287
ENGR500_00306,ENGR,500,4.684559006654451,2.293617006637607
ENGR200_00307,ENGR,200,2.418274498633969,4.001401304759993
CHEM400_00308,CHEM,400,4.901198055429861,4.209257153207946
PSYCH100_00309,PSYCH,100,4.181289974629445,3.280431430922074
STAT200_00310,STAT,200,4.972505407076471,3.461853497981548
MATH200_00311,MATH,200,4.867589988873756,3.9564356731815202
ECON400_00312,ECON,400,4.983204818246751,4.548496758206601
BIO300_00313,BIO,300,1.372469699883101,3.073088524264993
ECON500_00314,ECON,500,2.3407020151490077,3.4657208785328577
CS100_00315,CS,100,2.048938023432051,3.45197596993568
CHEM400_00316,CHEM,400,4.404582739993611,1.8886734841483492
BIO400_00317,BIO,400,3.778289554870903,4.259396419987202
ENGR200_00318,ENGR,200,4.070045545741332,4.997112285129395
ECON500_00319,ECON,500,3.2475155937371802,2.8539070409441485
BIO400_00320,BIO,400,2.528749417148887,4.156539167614206
ECON100_00321,ECON,100,3.3994110392147796,3.0360151854949886
BIO100_00322,BIO,100,2.087146392122259,2.417550964299593
MATH100_00323,MATH,100,3.7782096517989467,2.0465692674154745
MATH400_00324,MATH,400,4.520368467863687,4.083377650303088
PHYS200_00325,PHYS,200,3.787425714942047,2.933846677856227
BIO500_00326,BIO,500,3.216251359756818,1.7474528214636833
ENGR500_00327,ENGR,500,3.8901997626717426,3.5463850280758726
STAT300_00328,STAT,300,3.6518511398849203,2.694348284236788
BIO400_00329,BIO,400,4.542513646929264,2.34053624160929
ECON200_00330,ECON,200,2.297881341998828,3.72306279939479
CS200_00331,CS,200,2.5771652972223347,4.0320701860901975
CS400_00332,CS,400,2.0191536815684032,1.3750870023636104
ENGR200_00333,ENGR,200,4.712010375948222,1.006414006008396
MATH500_00334,MATH,500,2.6931181528469246,4.19413475069207
CHEM200_00335,CHEM,200,3.315010153423788,2.1047849958447324
PSYCH500_00336,PSYCH,500,4.125076535959621,4.329585730196898
ENGR100_00337,ENGR,100,2.7123215356337846,3.717058208488967
MATH400_00338,MATH,400,1.8844477609895791,4.000514109018834
ENGL200_00339,ENGL,200,1.3248485115271214,1.4402512402561771
ENGL500_00340,ENGL,500,3.8992520943607873,2.7706813625715934
BIO500_00341,BIO,500,4.63370767285285,1.424361796387085
ENGR500_00342,ENGR,500,1.4394593493771337,3.30898863257367
CHEM500_00343,CHEM,500,3.7289607917351195,3.877650239671632
MATH400_00344,MATH,400,4.3197190998597,4.769800354806327
MATH300_00345,MATH,300,3.3557978378376663,1.4431826244868589
PHYS500_00346,PHYS,500,3.3056315131766087,4.946301736908898
BIO200_00347,BIO,200,4.655772269842595,3.6358647812821725
BIO300_00348,BIO,300,3.487940972557216,2.796415721794652
ECON400_00349,ECON,400,1.2525647557988018,1.3271299736708895
PSYCH200_00350,PSYCH,200,4.011971493502578,1.7552337499634438
STAT500_00351,STAT,500,1.2803249818140747,2.681946515618109
ECON500_00352,ECON,500,1.467649864893637,4.211959393492345
MATH400_00353,MATH,400,2.8713586839201217,4.404476367155167
BIO100_00354,BIO,100,3.1241420880955832,1.0998138271748958
CHEM300_00355,CHEM,300,1.2034163075131579,2.6863790912587593
ENGL500_00356,ENGL,500,3.011451129612837,4.8297985603005795
PSYCH400_00357,PSYCH,400,3.510788036256133,2.5676651504303347
MATH100_00358,MATH,100,2.457136956554002,1.8687047477682843
PHYS200_00359,PHYS,200,3.983770803216284,3.8143945574676597
PSYCH200_00360,PSYCH,200,2.550745003602507,1.3379275401205306
MATH400_00361,MATH,400,3.747329520780765,2.7038890353353313
CHEM300_00362,CHEM,300,1.169610472543353,1.231752362222362
CHEM100_00363,CHEM,100,1.6235983163513827,3.786115265667116
CHEM200_00364,CHEM,200,1.5369663103140656,3.858239211075834
CS500_00365,CS,500,1.0670704502155615,4.946610764586078
CHEM300_00366,CHEM,300,3.725066369657819,1.2760607771070513
ENGL100_00367,ENGL,100,2.086817851148092,3.4630172048157646
BIO400_00368,BIO,400,2.141487632764478,2.3733705244631
ENGL200_00369,ENGL,200,4.130578365596321,1.4556400529308178
ENGL200_00370,ENGL,200,2.249607236587849,4.259680251131137
CHEM200_00371,CHEM,200,4.963217150821317,2.177582706219443
STAT100_00372,STAT,100,3.882230910776799,1.2201144345609363
STAT100_00373,STAT,100,1.5160155881898558,2.5532520743458726
ECON500_00374,ECON,500,1.2967603846313724,4.947340267886263
STAT300_00375,STAT,300,3.4042258339494063,3.7269412529233823
ENGL300_00376,ENGL,300,4.497303704417284,1.7948842926018997
MATH100_00377,MATH,100,3.6264150230103165,3.9909011831493353
ENGL300_00378,ENGL,300,2.302392371809916,3.9390982016348954
CHEM500_00379,CHEM,500,3.754936160649632,1.906218179540081
MATH300_00380,MATH,300,4.986747316727629,4.4030416208147685
CHEM400_00381,CHEM,400,1.8297393790299785,3.239604006430465
BIO200_00382,BIO,200,3.187225258429291,2.925649020191793
PHYS100_00383,PHYS,100,4.369679899685616,2.506997255703921
CHEM100_00384,CHEM,100,2.826537662171683,3.149650269129424
PSYCH300_00385,PSYCH,300,1.0439745067255233,3.2010260609399115
PHYS200_00386,PHYS,200,1.7215600923356815,3.3588008890164875
CS500_00387,CS,500,2.0618322478599413,2.9782989280577614
BIO500_00388,BIO,500,4.176951741843649,1.9549099039814535
BIO100_00389,BIO,100,3.6271668999073348,2.2019294673051046
PHYS100_00390,PHYS,100,3.3094079624043524,1.5078274071097324
STAT500_00391,STAT,500,4.929494131116769,4.02132599176465
ENGR500_00392,ENGR,500,3.7501610578135933,3.488827923513312
ECON300_00393,ECON,300,1.5131736900567336,4.9813906284050145
PHYS500_00394,PHYS,500,1.983308083951242,2.059773928253083
PSYCH100_00395,PSYCH,100,3.7748559856595505,4.811785121644097
ENGL200_00396,ENGL,200,3.1140184048759316,3.0221335731007075
ENGL200_00397,ENGL,200,3.3501235474421227,3.8717312551760865
STAT500_00398,STAT,500,1.53563237588074,1.4565778242398926
CS100_00399,CS,100,4.679973549825359,4.490902166479282
ECON300_00400,ECON,300,3.936611780903443,3.516057727832357
ENGR200_00401,ENGR,200,3.486312067140985,3.464922163108392
ENGL200_00402,ENGL,200,4.093293648805468,4.471821828047846
CHEM500_00403,CHEM,500,3.852537231891731,4.215014707739833
ENGR100_00404,ENGR,100,1.7185448933526568,3.1587934617773175
MATH100_00405,MATH,100,3.7206716453053468,4.509768921055038
MATH400_00406,MATH,400,3.63413381722912,1.4943706148924858
ECON200_00407,ECON,200,2.989937782133874,2.785124597226069
CHEM400_00408,CHEM,400,3.990378245413699,3.484580597106826
ENGL100_00409,ENGL,100,3.4315360811948006,4.7715811294761625
CS100_00410,CS,100,4.330733516834863,4.219347889063005
STAT400_00411,STAT,400,4.374652459628294,1.047450505731331
CS400_00412,CS,400,4.472478279127801,3.5359691083687594
PSYCH400_00413,PSYCH,400,1.3831516902999184,2.9743830730795984
PHYS300_00414,PHYS,300,4.481390181374777,4.453782274037341
BIO100_00415,BIO,100,4.307630715561755,2.879456225251366
PSYCH100_00416,PSYCH,100,2.118373887336011,2.1309066733747972
CHEM500_00417,CHEM,500,2.776576881559539,4.278097237036679
CS500_00418,CS,500,4.577013401885035,1.0730662601423582
MATH300_00419,MATH,300,2.7238360639026813,2.119024767317165
PSYCH100_00420,PSYCH,100,1.9487057992993906,4.8354127760085355
MATH300_00421,MATH,300,1.3057198961282115,2.9401934641488494
PHYS200_00422,PHYS,200,2.5165783998387545,2.2920981592457927
ENGL200_00423,ENGL,200,4.246196113367205,1.4533944044400693
ENGL100_00424,ENGL,100,2.8361613619878625,3.716681280699954
PSYCH100_00425,PSYCH,100,4.257578824844918,3.7662734849727797
PSYCH100_00426,PSYCH,100,1.4031460990540667,1.6608512672486153
MATH500_00427,MATH,500,1.7735482470451611,4.112496633230697
PHYS500_00428,PHYS,500,4.649155753232727,1.3313019376068924
PSYCH200_00429,PSYCH,200,1.7277699877878088,1.7604392099082058
ENGR400_00430,ENGR,400,3.846844444235852,4.176611310399562
ENGL400_00431,ENGL,400,1.434250010604074,1.171880390599065
ENGL200_00432,ENGL,200,3.3390669876125605,4.348619562682191
PHYS400_00433,PHYS,400,1.664202835986305,4.5216580357714555
PHYS100_00434,PHYS,100,2.0707578058612475,2.492433327928106
STAT400_00435,STAT,400,2.3975607135672834,2.5293289488617154
ENGR500_00436,ENGR,500,2.115158873568834,4.285108350915646
CHEM300_00437,CHEM,300,4.722256395139838,2.1011271531280205
CS100_00438,CS,100,2.1550476566628336,2.393901373704685
PSYCH200_00439,PSYCH,200,1.922218146453921,1.983640762667195
PHYS300_00440,PHYS,300,4.6900735801896625,3.1265550706725143
STAT400_00441,STAT,400,1.9071359073349745,2.7803159191192504
STAT400_00442,STAT,400,1.8692482980756906,4.393732602409866
ECON100_00443,ECON,100,3.029054563478724,3.4058517055492894
ECON300_00444,ECON,300,4.93975623557937,1.8652901903884613
MATH500_00445,MATH,500,3.849463553232386,4.37185866991296
PHYS400_00446,PHYS,400,3.7757272187133206,1.4853956355274431
PSYCH300_00447,PSYCH,300,1.9461864658699084,3.5693890594449806
CHEM200_00448,CHEM,200,4.95217096898676,1.8721677091560736
MATH200_00449,MATH,200,1.2540120730864204,4.2862026610604875
ENGR300_00450,ENGR,300,2.4346717823986443,2.890792781180475
CS200_00451,CS,200,1.507075301503296,3.6940756264014367
CHEM400_00452,CHEM,400,3.882966077444279,2.111574746573713
ECON400_00453,ECON,400,3.550938151247779,3.0310874868601005
STAT100_00454,STAT,100,4.86305845416587,3.0066623938528894
PHYS300_00455,PHYS,300,1.9140788209270765,4.469610981395836
CS200_00456,CS,200,3.2548075583909832,1.434905603399819
CHEM300_00457,CHEM,300,2.2541039973334827,4.210283457565817
CHEM200_00458,CHEM,200,2.724418999848184,2.7990134558876503
ENGR100_00459,ENGR,100,4.67721453287658,4.852416440237787
ENGL300_00460,ENGL,300,1.7433075075534612,1.6626431128733254
ECON300_00461,ECON,300,3.8156578395426175,1.0562712869564654
STAT100_00462,STAT,100,1.5649196580338947,3.682653874441885
MATH100_00463,MATH,100,4.027663095296809,2.557352422943824
ENGL400_00464,ENGL,400,3.148737686742064,1.7111125248915
ENGR200_00465,ENGR,200,3.4451159010860075,2.737827718278155
CHEM100_00466,CHEM,100,1.1735623137658227,4.099404518319805
ENGL500_00467,ENGL,500,2.568046614286115,3.5650934823703553
CS300_00468,CS,300,1.8486480702185446,2.8939560193925553
PSYCH300_00469,PSYCH,300,1.2277015414384294,1.7035029344795949
MATH500_00470,MATH,500,2.2837328588002395,2.1121621313586756
MATH100_00471,MATH,100,4.6361220200121975,2.083097523064443
ENGR100_00472,ENGR,100,3.2449842317459305,2.354584771860962
ENGL200_00473,ENGL,200,3.3037926568781435,2.5716421599313204
CHEM100_00474,CHEM,100,4.889051917316216,2.0018938722363635
STAT500_00475,STAT,500,2.2003135092550323,4.111056169452857
CS500_00476,CS,500,2.734170509477384,4.328915603885397
ENGL400_00477,ENGL,400,2.662446071481968,4.213935511480527
MATH300_00478,MATH,300,4.325006193687704,2.379607696221793
CS500_00479,CS,500,2.33881206922522,1.5271248995433186
PHYS500_00480,PHYS,500,3.3776791612494166,3.34903734188421
CS300_00481,CS,300,3.8396877679083308,1.8054325558480668
CS300_00482,CS,300,4.15066124550715,1.6239916939501389
PHYS400_00483,PHYS,400,4.6440081241483355,4.7781628982838225
CHEM100_00484,CHEM,100,3.244445820670893,1.8585148350708005
ENGR200_00485,ENGR,200,3.176644991771418,4.646546882544188
ENGR500_00486,ENGR,500,2.614621356131002,4.316107027005192
PSYCH100_00487,PSYCH,100,1.8131872352826974,3.4874209302227768
ENGL100_00488,ENGL,100,1.0596554725885277,3.310181536291904
ENGL300_00489,ENGL,300,4.847224730009371,2.9039237052118763
ENGR300_00490,ENGR,300,4.920375115988844,2.212223190014224
MATH200_00491,MATH,200,1.6950608949729786,1.313351884239693
ECON100_00492,ECON,100,1.726997713222989,4.29588747607996
PSYCH300_00493,PSYCH,300,2.7602284020949654,4.603421462927082
ENGR100_00494,ENGR,100,2.436297147574064,1.8625852139811854
ENGR500_00495,ENGR,500,2.7020122507871007,2.9693078436458693
CS200_00496,CS,200,3.098907001646101,4.344197950271844
CHEM300_00497,CHEM,300,1.0746560648636052,2.6160600879513587
CS400_00498,CS,400,1.5462484077873904,1.0472463073251292
CS200_00499,CS,200,4.3335092756880265,3.8375195896090584
CS300_00500,CS,300,2.828956818430177,2.715026680911345
CHEM300_00501,CHEM,300,2.4557925134700946,3.2142221056732914
ECON400_00502,ECON,400,4.336306748947996,2.2348202097294743
STAT200_00503,STAT,200,3.1768995727905294,1.0074658206682514
ENGR200_00504,ENGR,200,2.759253010985863,1.2207244359978318
ECON200_00505,ECON,200,3.347175363488975,4.5331066795364405
ENGL100_00506,ENGL,100,3.051870968387475,4.854280605152414
ENGL300_00507,ENGL,300,2.4891708530710113,2.3400047108916993
STAT100_00508,STAT,100,4.419354463241257,4.779419681116856
BIO400_00509,BIO,400,1.0712931281633322,3.3403765002736447
ENGL200_00510,ENGL,200,4.774821224654003,2.7287618071147484
CHEM300_00511,CHEM,300,1.5799384676755288,4.943433243327484
ECON300_00512,ECON,300,2.6799461548563164,1.4895816782720832
BIO100_00513,BIO,100,1.1321623745487615,2.182316943628847
ENGL500_00514,ENGL,500,3.513585148140688,1.9139742751825484
ENGR500_00515,ENGR,500,2.5308642140712956,1.4643595349248026
PHYS200_00516,PHYS,200,1.0485768099576949,3.4459451711082774
ECON500_00517,ECON,500,2.4748316664301484,2.430350892913365
CHEM300_00518,CHEM,300,3.0434469428567748,1.2389923000762386
PSYCH200_00519,PSYCH,200,2.022588764732731,3.458945454348565
MATH400_00520,MATH,400,1.300761332681339,1.6596277278710536
ENGR200_00521,ENGR,200,1.477999393698231,3.342939895406686
ENGL200_00522,ENGL,200,1.205864331039486,3.0739873770946726
STAT500_00523,STAT,500,4.204231244279859,3.9093838466415147
STAT300_00524,STAT,300,2.8240825413450974,4.826979985432899
CHEM100_00525,CHEM,100,4.853035057453855,4.353043212808563
CS100_00526,CS,100,3.1916342308514962,1.4034703727382012
CS300_00527,CS,300,1.1924817737600244,2.660881034806031
ENGR400_00528,ENGR,400,3.2391979459256426,3.255475824598491
CHEM500_00529,CHEM,500,3.4114190723912436,2.073729469026235
STAT200_00530,STAT,200,4.629903678552817,2.146166211598616
ENGL300_00531,ENGL,300,4.72207409563985,1.2839659177137102
CS200_00532,CS,200,2.331174985143053,3.0663917944768033
ECON300_00533,ECON,300,4.222977244328178,1.891040827814138
PSYCH400_00534,PSYCH,400,2.022712369631246,3.2265049840835327
BIO400_00535,BIO,400,4.073856403685498,2.7550240246047832
MATH500_00536,MATH,500,1.0749485635796887,1.462031895894961
MATH400_00537,MATH,400,3.1179354002408806,2.364713010329867
ECON100_00538,ECON,100,3.219285731536258,4.161194384467697
STAT300_00539,STAT,300,2.991315461153254,4.450135164348617
ENGL200_00540,ENGL,200,3.024432213558881,4.590276248299038
ECON400_00541,ECON,400,3.0643323139169065,1.7307790389316176
PSYCH200_00542,PSYCH,200,2.21821854924076,2.968754815949659
BIO200_00543,BIO,200,3.524559720875082,4.252852342880345
MATH100_00544,MATH,100,1.4537517045460508,3.9799644591212964
MATH200_00545,MATH,200,2.470332953055361,2.041872484858753
ENGL500_00546,ENGL,500,4.931372925926006,1.2110965517217855
ECON100_00547,ECON,100,3.8694438291904683,4.525443571040384
CS400_00548,CS,400,2.7179711506951145,2.091352648144051
PSYCH200_00549,PSYCH,200,1.6996147284852565,1.267042620621107
STAT400_00550,STAT,400,1.589047193131794,1.8285505541068265
PSYCH300_00551,PSYCH,300,1.2183629407897767,1.2442480315822926
CS200_00552,CS,200,1.5260066325298864,3.6082319476940787
PHYS300_00553,PHYS,300,4.994422419061162,3.016613704848971
CHEM400_00554,CHEM,400,2.5131428876017776,2.9631821450227314
ENGR100_00555,ENGR,100,1.0302892235968555,3.7687916052306676
ECON100_00556,ECON,100,2.473624133816462,1.6332023834365024
STAT200_00557,STAT,200,2.4037182672352357,3.6529818223483863
MATH100_00558,MATH,100,2.62169813006768,3.046831834416882
BIO400_00559,BIO,400,1.4259877011487858,3.04737143850299
STAT300_00560,STAT,300,4.191484144706582,1.3694089528561957
ENGL200_00561,ENGL,200,4.0422037564186315,2.9272400485093715
PSYCH300_00562,PSYCH,300,1.6544369227749596,2.2256819376164
ECON100_00563,ECON,100,2.1400273946431887,3.8867775436120313
ENGR200_00564,ENGR,200,4.775669867969838,3.7545974054455833
PSYCH400_00565,PSYCH,400,2.872431759900277,1.7018587214024166
ECON500_00566,ECON,500,1.3553064440267453,4.190080383101405
ENGL100_00567,ENGL,100,3.3403482069327866,3.015272313241248
STAT500_00568,STAT,500,1.1180318777119322,2.4043537308195404
CS100_00569,CS,100,2.9933418809296404,1.132143852696518
STAT100_00570,STAT,100,3.588002793504115,4.091233251701754
MATH300_00571,MATH,300,1.8186943790662715,4.505908490396398
ENGL200_00572,ENGL,200,2.3420028512417663,3.0972016541236567
STAT100_00573,STAT,100,4.787584705514389,2.7589542968602045
PSYCH200_00574,PSYCH,200,3.8534305232858292,1.0593685207790005
ECON400_00575,ECON,400,1.7238712064948327,3.796196417265932
PHYS300_00576,PHYS,300,1.5905523418399539,1.5171382600421937
PSYCH400_00577,PSYCH,400,2.193047742132876,3.0378282876845324
PHYS400_00578,PHYS,400,2.2755473972230167,3.5342172724340006
MATH300_00579,MATH,300,2.053117950327218,2.646499253010463
STAT500_00580,STAT,500,3.304739897474254,1.3426130528035731
ENGR100_00581,ENGR,100,3.2346985075237717,2.363902046537524
PSYCH200_00582,PSYCH,200,1.8589725656692089,3.03119331557475
BIO300_00583,BIO,300,2.459774080354661,1.8037855210511577
ENGR200_00584,ENGR,200,1.419553347684758,4.995505250496622
PHYS200_00585,PHYS,200,4.8021643728360965,4.244779711577118
PSYCH300_00586,PSYCH,300,1.522266381810165,3.79563617601865
CS400_00587,CS,400,3.9703272764919997,3.9937899906127887
PSYCH400_00588,PSYCH,400,3.980919603971143,2.663503676050495
CS400_00589,CS,400,2.2379168198441417,4.402327140662815
ECON200_00590,ECON,200,3.794292306557039,4.804787832847856
ENGL500_00591,ENGL,500,1.6033767419147176,3.0982940400311025
PHYS100_00592,PHYS,100,3.806839761762817,2.494703909488106
STAT100_00593,STAT,100,4.491394320416401,2.9969431655700696
BIO300_00594,BIO,300,1.5247257125764029,2.6731627975564125
PSYCH400_00595,PSYCH,400,2.9853199201101615,4.747769117090134
ECON300_00596,ECON,300,3.0607155366195506,4.3182231269511036
PHYS100_00597,PHYS,100,2.1324248691471595,4.3783486490982835
ENGL200_00598,ENGL,200,4.705803329996263,1.2790618213800715
ECON400_00599,ECON,400,3.9288796127547685,3.7512908973434826
PHYS400_00600,PHYS,400,1.3962108975142824,4.535351394846751
PSYCH300_00601,PSYCH,300,3.328233743695419,1.9911898260397725
ECON400_00602,ECON,400,4.544597294414066,4.659286052765745
STAT400_00603,STAT,400,2.0232402352653045,3.4011964402263377
STAT100_00604,STAT,100,1.1126979056735133,1.2472296701676195
CS200_00605,CS,200,3.115135126531228,1.3322853774776902
ECON500_00606,ECON,500,4.73105056079322,4.480918642618766
CS400_00607,CS,400,4.219919558532808,4.930770484279254
PSYCH300_00608,PSYCH,300,1.5109768084855384,3.2947797693741108
MATH100_00609,MATH,100,2.3924950515304504,2.7628174902170257
CS100_00610,CS,100,3.7904006340154863,3.2972810046506
MATH200_00611,MATH,200,3.051848597409241,3.3041824246174047
STAT400_00612,STAT,400,1.5890454338093027,3.386746116974747
STAT100_00613,STAT,100,3.6676328515651284,1.6666318973824827
BIO400_00614,BIO,400,4.2684077914709615,2.377199965238342
CHEM500_00615,CHEM,500,2.4940424048297984,1.0331505493438398
PSYCH200_00616,PSYCH,200,4.852566745792913,4.434068621013644
BIO400_00617,BIO,400,1.3657118097846799,1.5525773384579056
STAT500_00618,STAT,500,3.061237481881254,1.6712692035688295
PSYCH400_00619,PSYCH,400,4.884696048998835,4.690794584277249
PHYS200_00620,PHYS,200,2.2072465812026674,1.2238190613998157
STAT500_00621,STAT,500,1.4956309850067906,1.6876359499938496
ENGR300_00622,ENGR,300,1.7192909129337566,3.6881285329799365
ECON300_00623,ECON,300,1.961041208693358,1.5577710934760551
MATH100_00624,MATH,100,4.0848440019230114,2.704885394672178
STAT300_00625,STAT,300,3.063852147587594,3.836347179633909
ECON100_00626,ECON,100,1.3374391259731402,2.603505207492303
PSYCH200_00627,PSYCH,200,3.4430947982287106,1.8624393683238298
CHEM100_00628,CHEM,100,3.800359614590912,2.087211251824465
CS500_00629,CS,500,2.638023294981386,2.5355534454020034
MATH100_00630,MATH,100,3.9229502353772467,1.44125155047184
BIO400_00631,BIO,400,4.911580482990821,1.990207188275677
ENGL300_00632,ENGL,300,1.6053429814538993,1.6610229249519675
ECON300_00633,ECON,300,3.001089016536953,3.999581514248314
CHEM100_00634,CHEM,100,2.364599546283138,1.1171772294622913
ENGL500_00635,ENGL,500,3.4577516188018005,1.4875050172862534
CS300_00636,CS,300,3.988435157146121,3.327282805513818
ENGR100_00637,ENGR,100,1.5052919547130692,1.693642632107983
CS200_00638,CS,200,4.152383654809424,3.783973600228655
PHYS400_00639,PHYS,400,2.8411990443944712,3.506317203594906
CS500_00640,CS,500,1.8537865077186564,1.46669023273025
ECON300_00641,ECON,300,3.743575440887747,3.2484742784348626
MATH500_00642,MATH,500,2.3881850083536738,4.192789477645516
PHYS400_00643,PHYS,400,4.506136295690894,3.920667757300979
ENGL100_00644,ENGL,100,3.376387015318029,4.573477907269064
ENGR500_00645,ENGR,500,3.9496181037454456,4.355197620525129
ENGR400_00646,ENGR,400,4.597688771573905,2.153303872897017
PHYS300_00647,PHYS,300,1.8037768943273398,4.492216258919372
PSYCH400_00648,PSYCH,400,2.9197468390880004,2.7985344179196847
ECON400_00649,ECON,400,2.210596227009153,3.6980378135744685
ECON400_00650,ECON,400,2.202535343258332,2.440751706547029
ENGL400_00651,ENGL,400,1.2491839695653,1.156578715283754
ECON500_00652,ECON,500,1.7890195558397664,1.9133704771199618
STAT100_00653,STAT,100,1.6052277384944675,2.789700059774705
BIO400_00654,BIO,400,1.6383563184078196,4.705770446128634
PHYS500_00655,PHYS,500,3.6024325122157586,1.2934395791609314
PHYS500_00656,PHYS,500,2.3639161628582404,4.773532858874559
MATH500_00657,MATH,500,3.1667358837827217,2.7013732848307375
CHEM300_00658,CHEM,300,2.099695041465494,3.1885735720239836
BIO400_00659,BIO,400,1.501546229967703,3.9344667162775244
MATH500_00660,MATH,500,3.7739430323723933,1.1425022512326946
CHEM400_00661,CHEM,400,1.2441751139517523,3.584457908952226
BIO200_00662,BIO,200,2.8167514570796257,3.2170357663985185
STAT300_00663,STAT,300,1.0249791696927635,3.5889801340273064
ENGL500_00664,ENGL,500,3.814530239035428,4.991950106903589
ECON300_00665,ECON,300,1.188675801831831,2.3001777833374506
CS100_00666,CS,100,1.0179400488822443,3.836267777577368
STAT400_00667,STAT,400,2.852028582953568,3.557711051250708
ECON100_00668,ECON,100,2.471456793290044,4.910963206106159
ENGR200_00669,ENGR,200,4.907100913465079,2.57592496553923
PHYS400_00670,PHYS,400,3.8305425564671474,4.093910843240902
STAT500_00671,STAT,500,3.554604946902524,4.537377314063068
PSYCH500_00672,PSYCH,500,4.156285394092011,3.3885250808077343
CS400_00673,CS,400,2.496247220573713,1.4475362663894935
STAT300_00674,STAT,300,4.6097879879468096,2.362222456615909
STAT200_00675,STAT,200,4.360194239687459,4.208555847925312
CHEM300_00676,CHEM,300,3.112877998670434,4.392014475149015
PHYS400_00677,PHYS,400,3.5014463487466103,2.899257997724932
ENGR300_00678,ENGR,300,3.5052260288782335,3.41357712564342
MATH300_00679,MATH,300,2.5066660337968556,4.567867599658187
ENGL400_00680,ENGL,400,4.709183392549963,4.714379353499327
PHYS300_00681,PHYS,300,4.140562647966306,2.4246446626272187
ECON400_00682,ECON,400,3.0660920699411145,4.8271707140611895
ENGR300_00683,ENGR,300,1.333612190060037,2.8367569243740918
ENGR500_00684,ENGR,500,1.7436956356307771,4.439108286835575
PSYCH500_00685,PSYCH,500,4.293974798682269,1.5507077455300964
ENGR200_00686,ENGR,200,4.0747115748499345,3.0845587739168727
ENGR200_00687,ENGR,200,3.8087591862293664,3.1225231258608264
MATH100_00688,MATH,100,4.159826695555928,2.991765536271513
ECON200_00689,ECON,200,2.8830683325521056,3.5591880093149104
ECON400_00690,ECON,400,4.495374567554266,4.127265120832664
PSYCH400_00691,PSYCH,400,4.7973732727619005,2.27320164319264
ENGR300_00692,ENGR,300,2.8446391863151743,2.9397125976059164
STAT400_00693,STAT,400,3.290594354415261,4.468643350414545
PHYS200_00694,PHYS,200,2.4169185892284357,3.824811436283526
ENGR300_00695,ENGR,300,4.822855254553012,2.6825412365236065
PHYS300_00696,PHYS,300,1.3499527486510337,1.1331293010417833
PHYS100_00697,PHYS,100,1.026682141728958,4.953150608686574
ENGL500_00698,ENGL,500,3.7579759587785353,2.657788940760846
ENGL300_00699,ENGL,300,1.321103754807551,2.170359757966271
CHEM500_00700,CHEM,500,3.3084805702954356,1.5758812630562136
PHYS400_00701,PHYS,400,2.6534759728742046,2.2082477343840026
CHEM200_00702,CHEM,200,4.244322636551635,2.635598454804949
CHEM400_00703,CHEM,400,1.8606932720761291,3.2482367732681596
ECON200_00704,ECON,200,4.93305929967862,2.202258116020059
ECON100_00705,ECON,100,4.783292782482963,3.6175977235694945
PSYCH200_00706,PSYCH,200,4.034929925202773,3.143059051616581
ENGR100_00707,ENGR,100,4.240204313462678,2.8117299846035118
ENGR400_00708,ENGR,400,1.5015763876199228,4.706089847952772
STAT500_00709,STAT,500,3.589210958541326,3.247654912228522
MATH500_00710,MATH,500,3.183433600982743,4.756728951100264
ECON500_00711,ECON,500,2.808039334630637,2.0488559384927254
ENGL500_00712,ENGL,500,3.342030650849422,2.394995513816968
CHEM500_00713,CHEM,500,1.2819224182409799,4.8220504463071014
STAT300_00714,STAT,300,4.885968124266471,3.667000157170458
ENGR100_00715,ENGR,100,3.390551052515171,2.1436907984655162
STAT500_00716,STAT,500,4.84731017668224,1.5552513684303744
PSYCH200_00717,PSYCH,200,1.2867148341681944,3.689064265378166
STAT400_00718,STAT,400,1.9729595359894305,4.566275405368144
STAT200_00719,STAT,200,2.127832070902403,1.6361709195910263
CHEM500_00720,CHEM,500,4.163525176987125,2.96811247001982
ECON300_00721,ECON,300,1.3561611218515086,3.9575725123775936
PSYCH500_00722,PSYCH,500,1.9911348058836347,2.640864429487909
PSYCH500_00723,PSYCH,500,3.0425668150541125,1.7727870444013245
ENGL300_00724,ENGL,300,4.973887587356973,4.065086051715222
PHYS500_00725,PHYS,500,4.805668249495103,3.765827519179002
CHEM500_00726,CHEM,500,3.706842673797208,2.112093266556422
BIO200_00727,BIO,200,4.561808301931739,1.1239360928990392
ENGR500_00728,ENGR,500,2.862640873310007,2.4700832079042327
CHEM100_00729,CHEM,100,4.506399818323983,2.8642221350156407
MATH100_00730,MATH,100,1.943691293527677,2.2724513327034863
MATH400_00731,MATH,400,2.657783063073884,2.935625615347115
PHYS200_00732,PHYS,200,2.674548336749261,3.074457320325565
ENGR200_00733,ENGR,200,2.208653527873099,4.210418812664509
MATH200_00734,MATH,200,1.2326375251715196,2.0360745166182013
STAT100_00735,STAT,100,4.905451515094575,1.0846519486616866
ENGL300_00736,ENGL,300,2.7044795581678285,4.632962894525484
PHYS200_00737,PHYS,200,2.5370402454365135,2.598034690206488
PHYS500_00738,PHYS,500,1.3916334240733064,2.7254485097604078
PSYCH500_00739,PSYCH,500,4.562713191787015,1.9578039042903543
CHEM100_00740,CHEM,100,4.34662047328657,4.001799405219723
CS100_00741,CS,100,3.693678646946311,4.12405931953621
PHYS500_00742,PHYS,500,3.1662360886232896,1.8743129494170447
BIO100_00743,BIO,100,4.510998476665334,4.194610012781828
BIO500_00744,BIO,500,4.172999647176683,1.546897478681767
PHYS500_00745,PHYS,500,3.631847016568393,1.9014437670223079
ENGR500_00746,ENGR,500,4.9781125935149735,1.11841610257266
STAT300_00747,STAT,300,3.607133275302129,2.1604066397403208
ENGR200_00748,ENGR,200,2.8377662872527942,2.437800496755964
ECON200_00749,ECON,200,3.6386907585032153,2.822457978718581
STAT500_00750,STAT,500,2.157982802403976,4.868800662901484
PHYS500_00751,PHYS,500,3.672276290947554,1.3815465474852164
ENGR400_00752,ENGR,400,2.997434593613145,3.7410722327175994
ECON400_00753,ECON,400,3.5754987164677994,2.51198026927162
MATH400_00754,MATH,400,1.2053775182255917,2.4589212766808064
PSYCH100_00755,PSYCH,100,3.708451786717917,4.704521242784066
ECON400_00756,ECON,400,2.021457760348414,1.629444193130937
STAT500_00757,STAT,500,2.6126119461764157,1.413688159832196
ENGR500_00758,ENGR,500,4.020078142900509,1.7042353066955678
PHYS100_00759,PHYS,100,1.5431595917965732,1.7393972886387834
BIO300_00760,BIO,300,4.9329436731321366,1.053463854506958
ENGR200_00761,ENGR,200,2.5327123197449235,3.145584670138425
CHEM400_00762,CHEM,400,1.128620965093472,2.5163425378644946
ECON200_00763,ECON,200,4.916511954073632,3.953885275502448
MATH100_00764,MATH,100,4.733038466420863,1.1568990759944433
ENGL200_00765,ENGL,200,2.866311762886073,1.9793789195657912
STAT100_00766,STAT,100,2.5571115912051736,4.604473549591081
CHEM500_00767,CHEM,500,1.7549521569995248,4.702608890165755
PSYCH300_00768,PSYCH,300,1.2369384878426697,3.4727211015235584
PSYCH100_00769,PSYCH,100,1.2933345349583645,1.818867458327488
CHEM200_00770,CHEM,200,1.8255585534528809,1.7333185206150428
STAT300_00771,STAT,300,1.89448591592862,4.727014775778063
MATH400_00772,MATH,400,4.785522103422281,1.168341243914003
BIO100_00773,BIO,100,4.7496171134934855,1.1192430061956582
CS200_00774,CS,200,3.8116452498744327,3.0361843680027154
BIO300_00775,BIO,300,4.068632883664204,4.0154373557565215
ENGL400_00776,ENGL,400,3.422744909985222,3.847426212449041
PHYS300_00777,PHYS,300,2.2008137145778646,4.93750325791647
ENGR100_00778,ENGR,100,1.0994560025919058,3.778555037464384
ENGR400_00779,ENGR,400,2.814478441425468,2.656859277238723
STAT500_00780,STAT,500,2.7031037364834845,3.820502009697978
CHEM400_00781,CHEM,400,2.9025448640536164,4.609002500063479
ECON500_00782,ECON,500,4.006358302386117,3.4601419387422547
CS300_00783,CS,300,2.0104477920478594,4.173669537172307
ENGL200_00784,ENGL,200,3.394845934154083,3.976655052365279
BIO400_00785,BIO,400,2.0185612680434146,1.135424563456426
CS300_00786,CS,300,1.5786076439410421,2.3316864091473866
ENGL100_00787,ENGL,100,2.2322748841889273,2.989253248439925
ECON100_00788,ECON,100,4.598568572722924,2.2627993413795977
PHYS400_00789,PHYS,400,2.314764967562651,4.4045282214432975
ECON400_00790,ECON,400,4.51963604911911,1.8400234708290721
ENGL100_00791,ENGL,100,3.0270603626097294,1.4497300075113757
CHEM200_00792,CHEM,200,1.649212674586559,1.7697676384871617
ENGR400_00793,ENGR,400,3.2251489128839026,3.5871787320743973
MATH400_00794,MATH,400,1.675220964042682,3.4388985042949645
BIO400_00795,BIO,400,2.8058410446895032,3.3100888183084782
BIO100_00796,BIO,100,3.8669187818559934,2.1478882996973607
STAT300_00797,STAT,300,3.263578943923969,3.5899867991361214
PSYCH400_00798,PSYCH,400,4.441108246601518,2.480109374271525
PSYCH100_00799,PSYCH,100,1.1277353351387007,3.0837896218899865
PSYCH500_00800,PSYCH,500,4.1008110977003795,4.450801476799674
BIO500_00801,BIO,500,2.682838369720321,1.5967621423010168
MATH400_00802,MATH,400,4.4652154096720125,2.5505054777629246
BIO200_00803,BIO,200,4.344953589027526,2.9555995927029475
ENGR200_00804,ENGR,200,3.2440837196674672,4.224883248957688
MATH100_00805,MATH,100,3.019568435903275,2.04463404769158
CS500_00806,CS,500,3.1618589366152228,1.6975126545440702
ENGL200_00807,ENGL,200,3.3692458489825663,4.160660365338356
PSYCH500_00808,PSYCH,500,2.025858849353407,1.387568939308578
ENGR400_00809,ENGR,400,2.0768797483162715,4.458181479201723
ECON200_00810,ECON,200,3.4215610726894905,1.2816405028623317
STAT100_00811,STAT,100,3.895756265699164,2.3630787901610457
ENGL500_00812,ENGL,500,2.5109363922415655,3.4953850262869812
ENGL300_00813,ENGL,300,4.4056816666118745,1.6323965226337247
ENGL300_00814,ENGL,300,4.933467460730403,2.175546405797362
ECON300_00815,ECON,300,1.005431428021096,1.4373411280474708
BIO500_00816,BIO,500,4.322953496331213,4.1101644557755215
ENGR500_00817,ENGR,500,3.1626165712143126,2.338580213456473
PSYCH100_00818,PSYCH,100,2.5147236264862043,4.536555040011054
PSYCH100_00819,PSYCH,100,4.624786022838398,4.096036031150235
STAT500_00820,STAT,500,1.8746757749443361,2.980732274987713
CS100_00821,CS,100,1.095503695281916,4.48416937169304
ECON400_00822,ECON,400,1.2447705555993633,4.9748091321680405
ENGL300_00823,ENGL,300,3.0764588710176732,2.168715736851866
STAT200_00824,STAT,200,2.9838794868144487,1.2104953743701703
CHEM500_00825,CHEM,500,2.3371321412018635,4.823940684091674
PSYCH300_00826,PSYCH,300,4.480720468433404,4.093037118153837
PSYCH300_00827,PSYCH,300,3.53249731268283,3.8003217750436384
ENGL100_00828,ENGL,100,4.760644456038175,1.2040288469821756
CS300_00829,CS,300,4.867174266948097,2.514803971301612
PSYCH300_00830,PSYCH,300,2.2299440671392277,4.742810933803545
STAT400_00831,STAT,400,4.954622097533996,1.4401606351229912
CHEM300_00832,CHEM,300,1.3845207521672793,2.1812109148338283
ECON400_00833,ECON,400,2.9608985166150736,1.9350885103046216
ENGL300_00834,ENGL,300,3.05846178102827,1.7099402939694683
MATH500_00835,MATH,500,4.584994024498207,4.025974338227643
ENGR100_00836,ENGR,100,4.546967211966962,2.889703449292296
CHEM400_00837,CHEM,400,1.2113118929946345,1.1477876929965207
ENGR300_00838,ENGR,300,4.419334656283569,4.645374425962191
CHEM300_00839,CHEM,300,3.305363404941014,1.6517859204904983
MATH300_00840,MATH,300,4.538561694938536,2.136202409452114
CHEM400_00841,CHEM,400,2.1920657223679196,2.414007149776774
ENGL500_00842,ENGL,500,2.4345812174534887,3.522653784245405
CS500_00843,CS,500,2.1091335035259853,4.1387900594788825
PHYS100_00844,PHYS,100,2.663086251665934,1.2636662821903135
ENGL300_00845,ENGL,300,4.448230666088154,3.416379354629188
ECON200_00846,ECON,200,1.1852553068464737,2.58712774102429
CS500_00847,CS,500,2.490208029151051,1.5554262303217574
PHYS500_00848,PHYS,500,1.189547016825502,2.2424940309472707
STAT400_00849,STAT,400,2.254715996107069,1.0041279995689578
STAT100_00850,STAT,100,1.0024730623360179,4.8221792871855484
ENGR500_00851,ENGR,500,4.988886696379447,2.7794684058991432
CHEM500_00852,CHEM,500,3.9571212271726774,4.837285404434358
ECON400_00853,ECON,400,3.525265997252607,1.4548222476706
CHEM500_00854,CHEM,500,1.759454042175693,1.6395326931204415
PHYS200_00855,PHYS,200,3.401911938888933,4.086528084214789
CS200_00856,CS,200,1.2185175068790897,4.382468508545638
BIO100_00857,BIO,100,4.4937320168513954,3.640282096105409
CS200_00858,CS,200,1.670257868757334,2.1459837931908443
ENGR200_00859,ENGR,200,1.005237333166785,4.527682163291464
ENGL200_00860,ENGL,200,4.871069715169817,3.6016390213794236
ECON200_00861,ECON,200,3.2169040001394325,1.5240575039928728
ENGL100_00862,ENGL,100,1.3753948504802844,2.2572353128639846
ECON300_00863,ECON,300,2.80231173311454,3.980170253848918
MATH200_00864,MATH,200,2.148060257994044,3.018311589817855
MATH300_00865,MATH,300,3.1429442362483293,3.683451801606184
MATH300_00866,MATH,300,4.657296118967277,4.075312629121586
ENGR200_00867,ENGR,200,2.528641500823472,2.276859775723402
ENGL100_00868,ENGL,100,4.875856913926912,3.323665395569252
PHYS300_00869,PHYS,300,2.176774855398824,1.606819694278811
CHEM300_00870,CHEM,300,3.4235161436604327,2.968786913440955
STAT100_00871,STAT,100,4.116095166147881,3.228140578188868
PSYCH100_00872,PSYCH,100,3.5612962846578067,3.3925227386840184
STAT200_00873,STAT,200,2.1927061531937126,4.279871318543119
PSYCH400_00874,PSYCH,400,2.716280680721393,3.9844881517244404
STAT200_00875,STAT,200,3.0436381658828635,1.994660359589123
PHYS400_00876,PHYS,400,2.1721879734848644,1.9137039663473203
ENGL300_00877,ENGL,300,2.646982620794128,3.3130717942902272
ECON100_00878,ECON,100,4.310599836822538,2.9599880879015052
PHYS100_00879,PHYS,100,3.605364026681636,2.2338726983362034
MATH200_00880,MATH,200,3.937755261808237,4.898963330596615
ENGR200_00881,ENGR,200,4.178145582103685,2.719199244762762
ENGR200_00882,ENGR,200,3.635848169886262,3.7967639339784753
ENGR200_00883,ENGR,200,1.3008071710321314,2.114521612844861
CHEM500_00884,CHEM,500,4.950623654981662,3.3838414587903114
ENGL200_00885,ENGL,200,4.9356981932534225,2.0060876065055426
PHYS300_00886,PHYS,300,2.9859228696625575,3.559678170478828
CS500_00887,CS,500,2.392096687792733,1.1022202189071093
PHYS300_00888,PHYS,300,3.768534993421314,3.8379065685219103
CHEM300_00889,CHEM,300,3.8571343178736175,4.340378761320374
PSYCH400_00890,PSYCH,400,3.0485277304475042,3.6297561266042377
PHYS100_00891,PHYS,100,4.524196140700322,3.8435987782934156
CS400_00892,CS,400,1.2675643098414686,2.572516192348476
BIO200_00893,BIO,200,4.35364100244877,3.4192200147815663
MATH400_00894,MATH,400,2.726426396897072,3.4767137850353107
PSYCH100_00895,PSYCH,100,4.648623500521293,2.392968234006048
CS500_00896,CS,500,4.900801799136474,3.789886260627532
ECON400_00897,ECON,400,1.1516818666284814,1.0082026521872463
ECON500_00898,ECON,500,3.1945486997190105,1.5339972191285587
MATH500_00899,MATH,500,1.0518288147657833,3.547058004312923
STAT500_00900,STAT,500,4.151139951407746,1.1578391281290052
PSYCH200_00901,PSYCH,200,1.0885039629883067,2.6338032507814586
PHYS200_00902,PHYS,200,2.548102924893902,2.451723446202318
CS500_00903,CS,500,4.4401795512039985,4.397296761910326
MATH100_00904,MATH,100,4.373242375354132,2.7483554257390317
CHEM500_00905,CHEM,500,2.483573617982552,1.9070459907274895
ENGR200_00906,ENGR,200,2.994840243771999,1.2018755329394484
MATH400_00907,MATH,400,2.69679771680307,3.099064802802625
PHYS300_00908,PHYS,300,2.1112271005444447,4.916271085481094
CHEM500_00909,CHEM,500,2.295331958628457,3.5347401981936044
PHYS500_00910,PHYS,500,4.087533896344262,1.8175808906225162
STAT300_00911,STAT,300,1.439632304363021,3.2348660434332457
STAT500_00912,STAT,500,1.3913992200992418,1.1948964457436237
CHEM500_00913,CHEM,500,4.645274784724034,2.187009686447243
MATH200_00914,MATH,200,3.9900786425429255,4.522351514272743
CHEM200_00915,CHEM,200,1.0154819539626199,1.0941195470957963
CS300_00916,CS,300,4.491995173591919,4.102015936344397
ENGR100_00917,ENGR,100,4.8028266119335115,4.993832819831086
CHEM300_00918,CHEM,300,2.5303032236746117,3.1784142337091845
PSYCH300_00919,PSYCH,300,3.724357129711062,4.2809833406024485
ENGR400_00920,ENGR,400,1.9692523002204263,1.8793867156605653
CS300_00921,CS,300,2.4198873073753506,4.067418095300533
ECON300_00922,ECON,300,3.092979122746792,4.392188745414047
CS500_00923,CS,500,2.4180195292374798,3.062777902008201
PSYCH400_00924,PSYCH,400,2.06192480714821,4.771571317878426
CHEM200_00925,CHEM,200,4.691274344810447,4.37388243706685
ECON100_00926,ECON,100,1.6160280351043945,1.4070192436100784
ENGR400_00927,ENGR,400,1.6071628869600452,4.606575462149285
ECON300_00928,ECON,300,2.0016597380714156,2.160994257074331
CHEM100_00929,CHEM,100,4.55459084581676,3.5175279296540656
MATH400_00930,MATH,400,3.5646436020565324,4.485064487139752
PSYCH300_00931,PSYCH,300,4.379988795150782,4.5715104109330795
PSYCH400_00932,PSYCH,400,2.7142526224399743,1.8860289260674072
ECON200_00933,ECON,200,3.011114596153631,3.7520195517731847
BIO500_00934,BIO,500,2.356893431535141,4.765062524063909
BIO300_00935,BIO,300,3.24087192544323,4.388792172948326
CHEM400_00936,CHEM,400,3.128450684889936,3.1736960709073747
PSYCH300_00937,PSYCH,300,4.015785486935189,3.6260762501289037
CHEM500_00938,CHEM,500,1.1164599824213401,4.894686630117034
MATH200_00939,MATH,200,3.530478703121195,1.8682974443967666
BIO500_00940,BIO,500,3.821312634518104,3.0043594780657696
PSYCH500_00941,PSYCH,500,4.256459785663581,4.257799450576856
STAT200_00942,STAT,200,1.9614923035077352,2.415836139998517
PHYS100_00943,PHYS,100,4.944317823053973,1.6042969885888763
CS200_00944,CS,200,2.576598191397762,1.0511132603753617
PHYS100_00945,PHYS,100,4.420580793249433,2.3271420535831027
PHYS500_00946,PHYS,500,2.299100343285744,2.579101767597455
PHYS500_00947,PHYS,500,3.7159061249335603,1.2370454182009212
ECON300_00948,ECON,300,3.6783145203941903,2.375264707804554
BIO400_00949,BIO,400,2.712381195294078,1.7504421613917094
CHEM100_00950,CHEM,100,3.69199323349254,2.945743647583832
CHEM200_00951,CHEM,200,2.268980565754546,2.6813299086416365
BIO400_00952,BIO,400,3.5345108338792635,1.221226352591962
ECON400_00953,ECON,400,2.150232190221824,2.4346362393225576
CS100_00954,CS,100,3.3672372146335188,1.1411139276635565
MATH100_00955,MATH,100,1.0638437343263223,2.091120972441467
BIO200_00956,BIO,200,1.6987454712519976,3.057386801875586
ENGL500_00957,ENGL,500,3.7062581934483063,2.921428989347335
PHYS400_00958,PHYS,400,4.52561201008475,4.857156463558489
ENGL100_00959,ENGL,100,2.253734755156791,4.218025838499127
ECON100_00960,ECON,100,1.0347115963401001,2.4674883223858184
CHEM100_00961,CHEM,100,4.056994904286319,1.7105381544589946
ECON300_00962,ECON,300,2.9144539458114624,3.9073792407258714
PSYCH100_00963,PSYCH,100,3.73862138183669,1.7396210370337588
PSYCH500_00964,PSYCH,500,2.190225795690705,4.732962469178563
CS400_00965,CS,400,3.575604868172157,3.0805416751787185
PSYCH100_00966,PSYCH,100,1.3365059152941376,1.605356908630779
CS500_00967,CS,500,2.635142606219306,4.917960326779549
CHEM400_00968,CHEM,400,2.516489640730468,1.5797622292696976
ENGR300_00969,ENGR,300,3.8845974221596764,1.5443901425526874
BIO100_00970,BIO,100,1.0013035793880332,4.741579078321195
ENGR200_00971,ENGR,200,1.8954920139727371,3.003957258998128
ECON100_00972,ECON,100,3.542122016970485,2.010496773843537
BIO300_00973,BIO,300,4.50837287467918,2.3201103696064314
CS300_00974,CS,300,1.9152819049919438,4.063137559751719
BIO300_00975,BIO,300,4.999152703468123,4.571550768204242
BIO100_00976,BIO,100,3.1381812839128416,3.614617483746268
PHYS500_00977,PHYS,500,2.623472663949844,4.309383928354787
PSYCH200_00978,PSYCH,200,3.858457333196886,3.8282058246484434
CHEM200_00979,CHEM,200,4.415226044288865,1.5217447482295041
ENGR200_00980,ENGR,200,1.8420449068184332,3.396932453387471
CS400_00981,CS,400,1.5509863275657572,4.415042452140067
STAT300_00982,STAT,300,4.3876166805511,1.2616725313378767
CHEM100_00983,CHEM,100,2.311885894443403,1.2020585569279487
MATH200_00984,MATH,200,4.105169738265938,3.693050626377687
CHEM400_00985,CHEM,400,3.03166021822843,2.576056559438023
ENGL500_00986,ENGL,500,2.873836481268741,3.9727049391655957
BIO200_00987,BIO,200,4.662355690986118,4.67067340114706
ENGL400_00988,ENGL,400,4.506281389597887,1.4069835192909688
ENGR300_00989,ENGR,300,2.971957729187124,1.8044681148994988
CS200_00990,CS,200,2.673364926966319,2.269873561950398
BIO200_00991,BIO,200,4.488095670194367,3.434204436896922
CS300_00992,CS,300,4.974641693196464,1.286331624761257
STAT100_00993,STAT,100,1.0869174289999597,2.0455315938251633
PSYCH200_00994,PSYCH,200,2.5181135257601595,2.7584804788981425
CS100_00995,CS,100,3.652272886147342,1.6666435263354211
PHYS400_00996,PHYS,400,1.7178155026157897,1.1543701140224494
ENGR200_00997,ENGR,200,1.1898163397400805,1.2234376332717032
CS400_00998,CS,400,2.089988962562514,1.9268969488154069
CHEM300_00999,CHEM,300,2.9702398726514274,2.575034480202055
PHYS300_01000,PHYS,300,2.0546871835324887,1.6709321437446776
ECON400_01001,ECON,400,2.012962819873023,3.258233923459411
CS500_01002,CS,500,2.622265349577956,3.2606258747698766
BIO200_01003,BIO,200,3.8830073515734846,1.8336822595899869
CHEM300_01004,CHEM,300,3.54544021152294,2.6563194184650993
STAT100_01005,STAT,100,1.7317698520616318,2.7707090202027342
MATH500_01006,MATH,500,2.947187503398694,4.912729390276052
PSYCH300_01007,PSYCH,300,3.4635725533360855,1.6829912307248307
PHYS400_01008,PHYS,400,3.7876122208594514,3.0589259013465684
BIO100_01009,BIO,100,2.278701600417602,1.1817417729585866
MATH200_01010,MATH,200,4.73510191404816,3.675327896470418
ENGR200_01011,ENGR,200,1.4937804401406236,3.7054696110667007
PSYCH500_01012,PSYCH,500,4.5355843931976665,3.643657612336156
CS500_01013,CS,500,3.272981548240622,2.043587116235607
CS400_01014,CS,400,3.2370246692669813,1.1277333598178991
PHYS400_01015,PHYS,400,1.5999989159043548,1.0384014245599813
PSYCH200_01016,PSYCH,200,3.4179513131938317,1.4773402609027109
ECON400_01017,ECON,400,4.5852941463600265,2.4086797984611517
CS400_01018,CS,400,1.911418829384247,4.755879468035078
ENGL200_01019,ENGL,200,4.532036044853585,1.3551565093935412
ENGL400_01020,ENGL,400,4.492002633453168,4.0178640968627
ENGL100_01021,ENGL,100,1.8523264179457755,3.261220013060041
BIO500_01022,BIO,500,4.98860348180148,4.938377059578637
PHYS500_01023,PHYS,500,4.518150888464161,4.63483068400144
ENGL400_01024,ENGL,400,2.2045035039328154,2.317819822951669
PHYS500_01025,PHYS,500,1.130530580666957,1.4723711212825554
CS300_01026,CS,300,1.3750092891553045,1.0111394931728674
ENGR500_01027,ENGR,500,1.4620718217298925,2.3345541999363983
STAT100_01028,STAT,100,3.4336877038892206,1.479358110685975
MATH100_01029,MATH,100,4.278986643011743,2.6493424549478752
ECON100_01030,ECON,100,3.3611585246627653,2.591016606579696
ECON100_01031,ECON,100,4.399743356359801,1.658296776245204
CS300_01032,CS,300,3.4858709327684068,4.982111090131173
CS400_01033,CS,400,4.51099874061503,3.5456039277221163
PSYCH300_01034,PSYCH,300,3.2360432335038927,3.5942380825290505
CS300_01035,CS,300,4.052041771768566,1.0014968077836968
BIO300_01036,BIO,300,3.6467707367995765,1.2828860961876534
CHEM500_01037,CHEM,500,4.4471285605993,4.887512940687937
CHEM200_01038,CHEM,200,1.8185305290345442,4.875934030745441
CHEM100_01039,CHEM,100,4.104952609673915,1.3367028419367735
CHEM400_01040,CHEM,400,3.9779560789342776,1.7695501336046382
ENGR400_01041,ENGR,400,4.0556225924159595,1.459416663298386
CHEM300_01042,CHEM,300,2.6727481444452086,3.0438376852065896
STAT500_01043,STAT,500,4.097885214411667,3.9564605312621812
PHYS500_01044,PHYS,500,3.5199624464810046,3.191737955682032
CHEM500_01045,CHEM,500,4.53230190447394,4.325503590444692
BIO100_01046,BIO,100,1.9454121797554107,3.9755826134843213
CHEM200_01047,CHEM,200,2.245663683525716,1.8401952119065523
MATH100_01048,MATH,100,4.853049902264977,3.3327478716888828
STAT300_01049,STAT,300,3.8050277592668773,3.856275248387085
ECON200_01050,ECON,200,1.9569423239393413,4.289480229965965
STAT400_01051,STAT,400,2.344497190435216,4.151338219234557
BIO200_01052,BIO,200,4.990318196033661,1.5086907292623026
CS100_01053,CS,100,2.819024275317819,1.8932043610440008
ECON300_01054,ECON,300,2.4703684640451993,2.3219211928874235
ENGL500_01055,ENGL,500,1.552259092823344,2.621782202332238
CS200_01056,CS,200,4.688658910804049,3.0222367512368526
MATH200_01057,MATH,200,1.4357580614610983,2.263946771940681
CHEM200_01058,CHEM,200,3.38077696637226,1.8896260040128694
ENGR300_01059,ENGR,300,1.61607822560154,2.4957654125691837
PHYS100_01060,PHYS,100,2.7279623129729154,4.244547953856925
STAT100_01061,STAT,100,4.734768036804565,1.6607632941268076
ENGL100_01062,ENGL,100,1.4866064262767589,2.5089353555484957
CHEM500_01063,CHEM,500,2.512706553229354,2.18500100809601
PSYCH400_01064,PSYCH,400,2.2105121563235692,4.747459585938238
STAT400_01065,STAT,400,2.7053664495913563,2.801918901880589
STAT300_01066,STAT,300,1.774092470808303,3.4560478546770663
CS400_01067,CS,400,4.36348993584174,2.5920014261913376
ENGR300_01068,ENGR,300,4.426880039505338,2.6228250653868095
STAT300_01069,STAT,300,2.351332511514019,3.661288410464706
ENGL100_01070,ENGL,100,2.441813594203507,3.8516415042229357
ECON200_01071,ECON,200,3.331284178750426,2.5642467910219877
BIO200_01072,BIO,200,4.528426212779852,2.5395745675127532
STAT400_01073,STAT,400,3.817650472657557,3.3498852874736387
STAT300_01074,STAT,300,1.6218517487292265,4.061562438696571
ENGR200_01075,ENGR,200,2.897638669939594,1.6572053952541226
ECON500_01076,ECON,500,2.6447502926203175,4.463127494592991
PHYS200_01077,PHYS,200,2.788689227971643,4.641494970233181
ENGL500_01078,ENGL,500,3.654737474040787,4.2584355268085865
ENGL100_01079,ENGL,100,4.633202969559565,4.230657424566324
CHEM300_01080,CHEM,300,4.575587999314687,1.8672033943993083
PSYCH100_01081,PSYCH,100,3.4144968498553347,1.4104559385135405
PHYS500_01082,PHYS,500,2.9691972318596473,4.790758320769962
BIO500_01083,BIO,500,2.0949702292037498,1.1093342967500655
CS200_01084,CS,200,1.0667362980241295,4.975442021469632
STAT200_01085,STAT,200,1.6730175646918681,3.1831840420195294
PSYCH500_01086,PSYCH,500,2.3773624700082894,2.602108448537637
PSYCH500_01087,PSYCH,500,3.6643655996375495,2.4157680490150457
CS200_01088,CS,200,2.653740629464248,4.7299681025712825
PSYCH500_01089,PSYCH,500,1.400692681253794,1.6435526361298902
MATH300_01090,MATH,300,1.9026310201309324,3.435350552391285
STAT500_01091,STAT,500,3.921889140244275,1.9516811661874645
PHYS100_01092,PHYS,100,1.4300289911046153,4.258485393547323
MATH400_01093,MATH,400,1.7696861102934016,3.04572071920021
CHEM200_01094,CHEM,200,2.7023651598707543,2.277413878515744
MATH200_01095,MATH,200,3.6236994963591744,2.0331705905970954
PHYS200_01096,PHYS,200,2.6410391729004066,4.243485005944406
ENGR100_01097,ENGR,100,1.0523373400151583,4.950256351873053
PSYCH200_01098,PSYCH,200,2.348154029401548,3.752356547976452
ENGR200_01099,ENGR,200,4.34003255030135,3.2191460272935366
ENGL100_01100,ENGL,100,1.6071885251053053,4.8605758970372115
PHYS400_01101,PHYS,400,2.573834191788011,2.924024278951162
ENGL300_01102,ENGL,300,2.308528248634082,3.196770471684205
BIO400_01103,BIO,400,3.115529391242739,1.5346233321233798
ENGR100_01104,ENGR,100,2.2484092742207333,1.9990684415634377
PSYCH100_01105,PSYCH,100,2.018665425076582,4.1548786213428235
CS300_01106,CS,300,2.175851959475263,1.1834437794265842
ECON200_01107,ECON,200,3.947760550153474,2.4572579139302855
BIO300_01108,BIO,300,1.2584748176436729,2.9363232373187973
PSYCH300_01109,PSYCH,300,1.9546113180906328,1.806954238556945
STAT200_01110,STAT,200,4.260593101499926,2.647056220811284
CS300_01111,CS,300,3.1502082869678114,4.944930721286886
STAT100_01112,STAT,100,3.1395596149496106,3.0282097479775096
STAT300_01113,STAT,300,2.637412403342126,4.30022951587383
ECON500_01114,ECON,500,1.7920335964700058,4.182567943728792
STAT100_01115,STAT,100,3.8558708956447996,2.633685028796719
ENGR500_01116,ENGR,500,3.859526686809207,3.745140839503429
CHEM400_01117,CHEM,400,2.2619359072599727,1.2153041935325115
MATH400_01118,MATH,400,4.069517259991681,1.339280970307875
BIO100_01119,BIO,100,1.6502783123555185,3.5044582670811644
STAT300_01120,STAT,300,1.417493405027404,3.392429888035467
MATH300_01121,MATH,300,2.681771543696717,2.6528227097921984
ENGL300_01122,ENGL,300,3.271186161188984,3.4559884515470074
BIO500_01123,BIO,500,1.178705754453072,1.5835879983501768
PHYS400_01124,PHYS,400,3.461122809300102,3.2596621745295202
ENGR400_01125,ENGR,400,2.7906316327846303,4.656940834630053
ENGL500_01126,ENGL,500,1.863029524145801,2.5447494939403006
BIO500_01127,BIO,500,4.065032292917586,2.1178934668172418
PHYS300_01128,PHYS,300,4.7929963919692105,2.6810115572106024
PHYS400_01129,PHYS,400,3.9365201441602053,1.969729313145118
BIO100_01130,BIO,100,2.2777233390785856,4.603427404232839
CHEM200_01131,CHEM,200,3.8358568555366324,3.7045164986839008
PHYS300_01132,PHYS,300,2.6144855579213866,3.6718395671740196
ENGR300_01133,ENGR,300,1.0855754826341828,2.073525780542083
STAT300_01134,STAT,300,2.2315442174372357,1.0736484683082002
ENGL500_01135,ENGL,500,4.881508355741465,1.526473864297003
PSYCH200_01136,PSYCH,200,3.5409504202412183,4.060851945422952
STAT100_01137,STAT,100,1.3255064089493325,3.25742241952419
PHYS200_01138,PHYS,200,3.2353036347324076,2.4133429582243475
ENGR500_01139,ENGR,500,4.520137553657274,4.0808863687058246
CS500_01140,CS,500,4.266211455024761,1.6482601636105594
STAT100_01141,STAT,100,3.026001407338187,4.107540155815519
PHYS500_01142,PHYS,500,1.6028389319891718,2.007574471139706
CS400_01143,CS,400,3.749226194870209,3.7632523000224594
MATH500_01144,MATH,500,1.8603506809769663,3.0620899372236825
STAT300_01145,STAT,300,2.0865020053663192,4.483422732596719
PHYS500_01146,PHYS,500,2.929833694078398,2.020048855255022
ENGL500_01147,ENGL,500,1.6151973764178336,1.5946074411741185
PSYCH100_01148,PSYCH,100,1.8790101611052732,2.289477698474882
CHEM200_01149,CHEM,200,3.1509095101215103,4.636744685521967
MATH400_01150,MATH,400,2.126917571856636,1.0764400607419269
STAT300_01151,STAT,300,4.761357125763052,3.94771553622455
MATH500_01152,MATH,500,4.9186360774989115,1.4969852326339321
ECON400_01153,ECON,400,2.99481815032952,3.9610754024533574
BIO200_01154,BIO,200,2.771132808326224,4.67473210107112
ENGR500_01155,ENGR,500,3.5131292049339153,1.5688998558094722
PHYS100_01156,PHYS,100,2.488485309337947,4.896771674551442
ENGR400_01157,ENGR,400,2.4876870994564415,3.163452596968832
STAT300_01158,STAT,300,2.3882620400002894,3.7179490291437087
CHEM200_01159,CHEM,200,2.032176304194141,2.103167655559264
PSYCH400_01160,PSYCH,400,4.701586377168028,2.528780661282649
PHYS500_01161,PHYS,500,1.018284653522345,2.8567838045729754
PSYCH400_01162,PSYCH,400,4.846019410899285,3.8027462829916177
ENGL200_01163,ENGL,200,2.338349110963604,2.9758433039750467
ECON500_01164,ECON,500,3.5678634315539943,4.0919227538012235
STAT500_01165,STAT,500,3.1357616325237143,1.5935293880538643
ECON400_01166,ECON,400,1.1722497765224014,4.461242575758192
ECON200_01167,ECON,200,3.2055230038405123,4.630350402537793
ECON100_01168,ECON,100,2.431879082908857,1.9383888137285306
ENGR100_01169,ENGR,100,2.090480114489986,4.767538487282014
ENGR300_01170,ENGR,300,4.593444175218863,2.6754740692833003
ENGL300_01171,ENGL,300,1.6053133611130894,1.6551556734320654
BIO200_01172,BIO,200,3.606076144208865,2.5521213059222445
CS200_01173,CS,200,2.6371355936620566,1.731914279561943
STAT300_01174,STAT,300,3.3928331407771015,4.787847385176866
CS400_01175,CS,400,2.9111261427460633,4.21086594405952
CS100_01176,CS,100,1.065732860067539,4.753773728755487
PHYS400_01177,PHYS,400,1.9820056013452372,4.269405594072245
BIO300_01178,BIO,300,1.9178957797102876,1.772556371886437
STAT200_01179,STAT,200,3.2751474745737665,3.7860784498719777
BIO500_01180,BIO,500,3.392303449993869,2.912977055553707
STAT100_01181,STAT,100,1.824025302770608,4.762024783800021
CS500_01182,CS,500,3.8416922369886284,1.7633151632802702
CS500_01183,CS,500,2.775249674558307,1.9027844391438893
CS200_01184,CS,200,2.7001392532327277,3.9015257308295954
STAT200_01185,STAT,200,4.41237840664147,4.5258292626682195
ECON500_01186,ECON,500,3.217820958858696,1.4379742567673923
ENGR400_01187,ENGR,400,4.072163911663175,3.69433579384521
ECON100_01188,ECON,100,2.7227908284412554,3.7116145764826687
CS500_01189,CS,500,1.1266228505597615,1.5656488325513722
BIO100_01190,BIO,100,1.1833362905485423,1.2808408137888097
STAT100_01191,STAT,100,3.765919981285544,1.1745336886183129
PSYCH400_01192,PSYCH,400,4.585761448928482,1.1894359703755542
PHYS400_01193,PHYS,400,3.29126048640416,2.2734959537251083
CHEM200_01194,CHEM,200,4.81994542147425,2.355743475899126
MATH400_01195,MATH,400,2.286140067558165,1.25052057309109
STAT200_01196,STAT,200,3.3268701954559403,3.1743882684153437
CS200_01197,CS,200,3.7910645331656156,2.6339302042563517
ECON400_01198,ECON,400,1.1884264996015341,2.878162645238692
CS400_01199,CS,400,3.4511778426390065,4.301354050754883
BIO500_01200,BIO,500,2.2804359407142627,2.005376816892092
PSYCH300_01201,PSYCH,300,2.367577398961666,4.001359207763006
PSYCH300_01202,PSYCH,300,1.8930107681687862,3.230872292444486
CS300_01203,CS,300,1.4127839639346211,2.1638145463057246
CHEM400_01204,CHEM,400,4.246446438343424,3.547316205511138
CHEM300_01205,CHEM,300,1.7498647713870823,4.773772123382368
STAT200_01206,STAT,200,1.2071889118549337,1.271718438033897
MATH400_01207,MATH,400,3.8133574178971177,2.57921555584489
MATH500_01208,MATH,500,3.1369178331209557,3.2417410691752226
STAT400_01209,STAT,400,2.5114078819568153,2.8628481798228314
PHYS200_01210,PHYS,200,3.484199459780093,3.801362009384406
MATH400_01211,MATH,400,1.8228708193569512,3.6090443609654055
PSYCH400_01212,PSYCH,400,2.737725500124479,1.8061529204875462
ENGL200_01213,ENGL,200,4.59074022417057,3.6249580270018886
PSYCH400_01214,PSYCH,400,3.0150795956944934,1.6713932620461027
PSYCH500_01215,PSYCH,500,3.9015279427750182,4.333128021996119
ENGR100_01216,ENGR,100,4.421427410029866,2.8348880142330133
ENGL100_01217,ENGL,100,4.970844020862282,3.7710158521486816
BIO300_01218,BIO,300,4.920601032878821,3.858167592011566
BIO400_01219,BIO,400,3.0713247548787046,3.220081180076388
CHEM300_01220,CHEM,300,2.3763548023202437,1.4246632753274762
CHEM300_01221,CHEM,300,4.503749725185379,1.0319088155863576
BIO100_01222,BIO,100,3.313537141165611,1.7107715541665995
ENGR100_01223,ENGR,100,2.1000858611820257,4.483437495308927
PSYCH300_01224,PSYCH,300,4.141340424787074,4.15147137476993
CS500_01225,CS,500,3.2318172055972094,1.5035749062052446
PHYS500_01226,PHYS,500,3.2279024929095512,4.4863867229091765
STAT200_01227,STAT,200,3.047436521211482,3.677241452169904
BIO100_01228,BIO,100,2.6551055296789103,4.468812990334158
BIO300_01229,BIO,300,1.1513834489032542,1.5501879362755022
STAT400_01230,STAT,400,1.2818863395394682,2.906471480771734
ECON500_01231,ECON,500,4.579602836878507,2.559332143624469
STAT400_01232,STAT,400,2.545377030088953,4.838396923733546
MATH300_01233,MATH,300,1.5128646545970286,2.8103421180825774
ENGL400_01234,ENGL,400,4.047310980788485,2.3642722660966964
ENGR300_01235,ENGR,300,3.9795059188356148,3.3909192824253966
CS100_01236,CS,100,3.470183757020979,3.068379445333811
PSYCH100_01237,PSYCH,100,3.4337375983332468,3.3306914960571374
ENGL500_01238,ENGL,500,3.630351380447342,1.6222381060242181
PHYS300_01239,PHYS,300,1.7878083920851586,4.301378800196849
MATH500_01240,MATH,500,2.8742877315963233,3.600836912080836
CHEM500_01241,CHEM,500,1.2996273221964083,4.114081138178101
PHYS100_01242,PHYS,100,3.503363042555828,4.716956975131686
MATH400_01243,MATH,400,3.631800764263629,4.265800073774855
CS500_01244,CS,500,2.0895610619623888,4.882962179382661
ECON400_01245,ECON,400,2.655730470838224,2.9203347797123325
ENGR500_01246,ENGR,500,1.386868905507935,1.3355356930881266
MATH300_01247,MATH,300,4.286446005670037,3.027285768850052
ENGR200_01248,ENGR,200,4.390540377649788,3.3809970459134866
CS500_01249,CS,500,2.836983725730479,2.3552357162625928
MATH500_01250,MATH,500,2.901205211341374,2.7409245257930817
ENGL300_01251,ENGL,300,3.168329552498105,3.2515058044380054
PHYS100_01252,PHYS,100,1.8571086576327782,2.378924464214423
PHYS500_01253,PHYS,500,2.9703743744417332,4.198982938698279
PHYS500_01254,PHYS,500,1.3785175840554014,1.0737509127593974
CHEM300_01255,CHEM,300,4.343814126982258,4.183146216007717
BIO100_01256,BIO,100,3.7427669396907017,3.348540421509517
ENGR100_01257,ENGR,100,1.2771455176807063,1.9505213071362664
ENGR200_01258,ENGR,200,4.178729163346275,2.3521874670578655
STAT500_01259,STAT,500,2.9777117433051035,1.351302466785126
PSYCH300_01260,PSYCH,300,3.578858539059816,2.561176098205365
ENGL100_01261,ENGL,100,3.908142025791583,3.5595769745495214
CS500_01262,CS,500,3.5443777052975447,2.600885742937977
STAT200_01263,STAT,200,2.096331039100223,2.517157015328397
ENGR400_01264,ENGR,400,1.1654412659194557,2.69615968305169
PHYS200_01265,PHYS,200,4.112832725244682,3.736453261294413
CHEM500_01266,CHEM,500,1.026691752190796,3.444180534056551
CS200_01267,CS,200,4.956563859108323,2.967352018425399
ECON200_01268,ECON,200,2.324777690667151,3.972145454154796
CS400_01269,CS,400,3.0156735517620805,1.907834750297912
ENGR500_01270,ENGR,500,2.1230111221409373,3.883436455336452
PHYS200_01271,PHYS,200,4.97531373142953,1.2185793016244948
PHYS400_01272,PHYS,400,2.975120594828445,1.2115409471897558
STAT300_01273,STAT,300,2.2684056900535787,1.2441240817279815
MATH400_01274,MATH,400,1.227109248010001,2.9165883867440505
PSYCH100_01275,PSYCH,100,2.6989695381088237,1.823545245300351
ENGL500_01276,ENGL,500,2.147577585936681,2.9586010537838616
ENGR200_01277,ENGR,200,3.4419963482192926,3.755836817927236
ENGR100_01278,ENGR,100,3.2645166448489737,2.4577711701646843
CHEM100_01279,CHEM,100,1.71632969147785,1.1910321899144165
CHEM200_01280,CHEM,200,3.7585191838890566,2.3420402107153877
BIO300_01281,BIO,300,1.5107287840062615,3.005409483770896
PHYS400_01282,PHYS,400,3.5205310896628204,2.7928447213153373
ECON500_01283,ECON,500,2.969960096555744,4.28805674990355
ECON400_01284,ECON,400,3.3694137917384075,1.7243796650989198
CS200_01285,CS,200,1.3995184505749894,4.284146594716477
ENGR400_01286,ENGR,400,3.355213242378768,4.051939471595087
CHEM500_01287,CHEM,500,1.4271225626612534,3.917296867611714
BIO200_01288,BIO,200,3.3450112131116327,3.601128792516969
STAT100_01289,STAT,100,2.997396516809873,4.996999449543823
PHYS300_01290,PHYS,300,3.3372017716899203,2.3693196358227744
PSYCH400_01291,PSYCH,400,1.7065398517778982,3.4847904425795875
MATH100_01292,MATH,100,4.74320119079643,3.237301767191767
PSYCH400_01293,PSYCH,400,2.06675318881679,4.9507460338152285
PHYS300_01294,PHYS,300,1.0177443356053746,2.826273053952413
BIO200_01295,BIO,200,1.9234813246333418,4.708479307506898
ENGL300_01296,ENGL,300,3.9240330018179543,2.6795576600793147
STAT200_01297,STAT,200,1.6625433163731946,2.4763835412633814
ECON500_01298,ECON,500,1.422130572966756,2.8286217079691984
MATH300_01299,MATH,300,4.871632843582356,2.135315742647523
PHYS300_01300,PHYS,300,3.1864994800086883,4.201136389052486
PHYS300_01301,PHYS,300,2.5970758343258193,2.6486865275839397
MATH400_01302,MATH,400,1.483340857927577,2.192856938918102
CHEM400_01303,CHEM,400,4.62754140472668,1.5106907189775467
PHYS100_01304,PHYS,100,4.339874802953284,2.5040716704503074
PSYCH500_01305,PSYCH,500,1.8494606753814287,4.390210397780227
ECON500_01306,ECON,500,4.248734992764273,3.9534927954756527
PSYCH200_01307,PSYCH,200,2.4001310802492792,3.4907748640141123
ECON500_01308,ECON,500,1.2921735465278168,3.3741347230988845
PSYCH100_01309,PSYCH,100,4.521172086388893,1.8173777006736933
ENGR500_01310,ENGR,500,3.2194685528222418,1.0638281531324876
MATH300_01311,MATH,300,1.4931059860383087,4.872685645806979
ENGL200_01312,ENGL,200,4.019203760354049,3.8617550463129713
ECON400_01313,ECON,400,2.965555509750192,3.910856284745913
ENGL200_01314,ENGL,200,1.9276682842136883,1.9514959401764216
CHEM500_01315,CHEM,500,4.4732581857068485,3.1760140848816314
PHYS400_01316,PHYS,400,2.9904794121811453,2.1883115189135043
STAT200_01317,STAT,200,3.5657262492923603,4.668545562428323
ENGL200_01318,ENGL,200,4.987655854943057,3.7237367558000805
BIO300_01319,BIO,300,2.8532192525456592,3.683832345854342
CHEM300_01320,CHEM,300,4.64360463746331,1.5355881225635413
BIO500_01321,BIO,500,2.9580801421466227,4.763937060987113
ENGL500_01322,ENGL,500,2.1450279833920995,2.271249421556564
ENGL400_01323,ENGL,400,2.654868882399638,4.194692449269823
MATH300_01324,MATH,300,3.3306612587505637,4.132195694806079
PHYS200_01325,PHYS,200,1.8497868089196938,3.0381015548008303
PSYCH500_01326,PSYCH,500,4.293841159263817,4.593525858877971
PHYS500_01327,PHYS,500,2.975157130723695,3.678301492838233
CS400_01328,CS,400,1.1965163208886294,1.7938822255412132
CS500_01329,CS,500,1.152232403371344,3.375738585952053
ENGL300_01330,ENGL,300,2.6852577642215905,2.0823549609241896
CHEM500_01331,CHEM,500,4.880760726574083,3.1720889343622187
ENGR100_01332,ENGR,100,4.971392874345996,1.4154953879549934
BIO300_01333,BIO,300,2.8942216949799073,1.5256449708036626
CS100_01334,CS,100,1.4870889877231463,2.093839454609857
MATH300_01335,MATH,300,1.6106266143667662,4.171217438585952
ECON100_01336,ECON,100,3.1346003835357457,2.6785651708691005
STAT100_01337,STAT,100,3.5022730213179227,1.8071893100264695
CS400_01338,CS,400,3.547553943528065,1.4108560697148715
BIO300_01339,BIO,300,2.6828520776728717,3.6366746633494915
MATH500_01340,MATH,500,1.2906198304629815,4.343740291349831
MATH200_01341,MATH,200,3.606441368645938,3.9587504681362815
ENGR200_01342,ENGR,200,4.489919274977611,3.4666523525777926
ENGL300_01343,ENGL,300,3.780504141918244,3.4177179569814276
ENGR500_01344,ENGR,500,1.450480163630206,3.153143838093785
BIO200_01345,BIO,200,1.962664070441558,4.6272706175099945
ENGR200_01346,ENGR,200,2.0377887213074652,2.4343518541587503
BIO300_01347,BIO,300,3.8010336183987987,4.452320646344508
ECON400_01348,ECON,400,2.4309069753812254,2.845636602622233
MATH300_01349,MATH,300,2.461501433511517,1.8440274440208322
ENGL200_01350,ENGL,200,4.206370571766353,4.432634275913954
ENGR400_01351,ENGR,400,2.4505981052982464,4.857442530550722
ENGR100_01352,ENGR,100,3.2024455783200945,2.1656241921423613
ENGL200_01353,ENGL,200,3.060612496805684,4.504072808807912
ENGL200_01354,ENGL,200,4.487282074779044,2.586600992342697
PHYS200_01355,PHYS,200,2.808293033015272,3.078374622294819
BIO500_01356,BIO,500,2.8529953045722425,4.663984083526689
PSYCH400_01357,PSYCH,400,2.7219130142686727,4.924930198346598
STAT100_01358,STAT,100,4.342074388065448,2.171527601617824
PSYCH400_01359,PSYCH,400,2.962691381232327,3.837523185173773
MATH300_01360,MATH,300,3.2202188528541944,3.445513669741313
STAT100_01361,STAT,100,3.5990799817422596,3.3553197031282602
PSYCH100_01362,PSYCH,100,3.6162577550181316,4.078124529652992
ECON100_01363,ECON,100,1.6964668532422942,1.1947738265953638
BIO300_01364,BIO,300,1.9855813753550522,2.688779653857565
PHYS500_01365,PHYS,500,4.633682882006064,4.379665271583077
PHYS400_01366,PHYS,400,2.9075197830740067,4.1659139658377216
BIO500_01367,BIO,500,4.567965033988164,4.724186549746141
ECON500_01368,ECON,500,2.9901257345402534,4.881011181055524
BIO300_01369,BIO,300,2.2689708205851233,4.194563779004048
CS400_01370,CS,400,2.4761488800629787,1.0348814453312922
ECON200_01371,ECON,200,1.886202666183836,4.02825735995504
PSYCH300_01372,PSYCH,300,3.607111173472932,3.6721925492776304
BIO200_01373,BIO,200,4.353409264821276,1.222272247553081
PSYCH200_01374,PSYCH,200,4.691383607519315,4.2260058707036
PHYS400_01375,PHYS,400,1.5286633787336759,4.133495363780046
CHEM500_01376,CHEM,500,4.643416865356485,3.6773117045631367
PHYS400_01377,PHYS,400,1.9070525836502235,2.7528992511692407
PSYCH300_01378,PSYCH,300,3.42056146725309,2.376514382785754
CHEM100_01379,CHEM,100,2.927086376153042,1.090981928381515
ECON200_01380,ECON,200,2.248640785872489,3.317288302393981
ENGL500_01381,ENGL,500,2.3703161902460956,3.5987319974208547
ENGL500_01382,ENGL,500,2.4646592124143116,4.929798770204952
ENGR100_01383,ENGR,100,1.7238578901172468,1.2870205161746764
ENGL500_01384,ENGL,500,3.2896983193902645,2.324783393091751
PSYCH100_01385,PSYCH,100,2.765128849426926,2.3270675569254387
CHEM200_01386,CHEM,200,2.19829219131322,4.299329703109645
ECON400_01387,ECON,400,2.3271791354718787,4.935319295852084
MATH200_01388,MATH,200,3.3031813720270997,2.790165976480596
PHYS400_01389,PHYS,400,4.536846357293486,1.2701270275152554
ENGL100_01390,ENGL,100,3.4886134906349424,4.292572320880657
ENGR400_01391,ENGR,400,3.763476669718646,4.394515021722043
CHEM200_01392,CHEM,200,4.875837038946204,4.079182999680842
PSYCH300_01393,PSYCH,300,4.6768544872556905,3.1031711467594034
ECON500_01394,ECON,500,3.2366110691883474,4.858494310821968
CHEM400_01395,CHEM,400,3.7907404290744307,1.1420439232296902
CS200_01396,CS,200,3.5295547667652643,1.9268280600261587
PHYS500_01397,PHYS,500,4.714006383952802,3.945158768183232
BIO400_01398,BIO,400,1.3403827344129797,4.973071835941399
ENGL400_01399,ENGL,400,4.728068359564801,2.796041022651692
CHEM100_01400,CHEM,100,4.0739018320356255,3.120185957066274
STAT500_01401,STAT,500,4.243223594311833,4.306599975364016
ECON300_01402,ECON,300,1.7943415058332244,4.336438318171364
ENGR100_01403,ENGR,100,3.80142190555667,3.0815176027860027
STAT500_01404,STAT,500,3.9173937314648803,2.257657893615843
CHEM300_01405,CHEM,300,2.313809973790735,1.3348458681323656
ENGL500_01406,ENGL,500,3.29628019748185,2.5572148966721526
STAT500_01407,STAT,500,2.219908494101399,2.403032131398882
MATH300_01408,MATH,300,3.667037373814987,2.6053737003270214
STAT200_01409,STAT,200,2.562640871908999,2.656702394739307
MATH300_01410,MATH,300,3.9300700812674125,1.9737522781870327
ECON500_01411,ECON,500,1.6078518041227352,4.290504767065045
PHYS200_01412,PHYS,200,4.249085771846875,1.925656673095426
PHYS200_01413,PHYS,200,3.5817300060637867,1.420539648029175
STAT300_01414,STAT,300,4.179653412177885,2.6243388168755897
PSYCH100_01415,PSYCH,100,1.9703954361164766,2.6085280484213462
ECON300_01416,ECON,300,3.826862836838267,2.146788702585272
ECON100_01417,ECON,100,1.5827713905259921,3.783470299248856
CHEM400_01418,CHEM,400,3.1673329273192294,1.32551758924965
CHEM200_01419,CHEM,200,2.310122236035896,4.748317956765421
ENGL300_01420,ENGL,300,4.123426490839977,3.28584376247697
MATH400_01421,MATH,400,1.6095707568969977,2.078159580946149
CS500_01422,CS,500,2.716851593053488,4.949076079802651
PSYCH300_01423,PSYCH,300,3.775649050133442,1.5892801235990293
CS200_01424,CS,200,4.792484966177678,3.512777220456492
PSYCH300_01425,PSYCH,300,3.909826706832185,4.3220107125549845
ECON300_01426,ECON,300,1.197599179955061,2.889427099767319
CHEM500_01427,CHEM,500,3.2288452535324144,3.660168062331255
PSYCH400_01428,PSYCH,400,3.552147662782096,2.1159675334015846
CS400_01429,CS,400,1.5249415147577032,3.3308626233547973
CS200_01430,CS,200,4.211013139202787,2.5923079816517074
CS100_01431,CS,100,1.3219389836804663,3.995472318374629
STAT100_01432,STAT,100,3.0627720851603666,2.2760448946288885
STAT300_01433,STAT,300,3.4803097396592704,4.984849621273041
ENGL500_01434,ENGL,500,3.722291167717933,3.5918968220545335
ENGL200_01435,ENGL,200,4.216005018811148,3.8709146964233954
MATH200_01436,MATH,200,2.453959070917676,4.9678970830650915
CS100_01437,CS,100,3.3392247527310235,3.131399823853295
PHYS100_01438,PHYS,100,2.211340100694514,1.1514995476219583
BIO300_01439,BIO,300,1.2795318087045366,1.1711650872196557
CS200_01440,CS,200,4.362659065920525,4.0308936482461775
ECON100_01441,ECON,100,4.896844991788157,3.638077727108424
BIO500_01442,BIO,500,3.74907713263233,1.2077827483287398
CHEM400_01443,CHEM,400,4.927119928943533,3.873974835823577
PSYCH300_01444,PSYCH,300,1.285954347418401,2.1229322244274753
ENGR100_01445,ENGR,100,4.081910574670889,2.430754725551548
PHYS400_01446,PHYS,400,4.21551295487359,3.976430525128182
CS300_01447,CS,300,3.613629607728038,4.634457225108273
PHYS300_01448,PHYS,300,1.9626286107896944,4.641804809186274
CHEM300_01449,CHEM,300,1.8435792842015948,2.5188433248223516
ENGL100_01450,ENGL,100,1.7591635939833168,2.502041116802723
CS400_01451,CS,400,2.926769472327037,1.7681228709939374
ECON300_01452,ECON,300,4.753118365063996,3.293069089371546
PHYS300_01453,PHYS,300,4.578725417773327,2.0450527947999566
ECON200_01454,ECON,200,4.228746202247892,4.746870340494551
CHEM400_01455,CHEM,400,1.017988457479388,1.0534676120255777
ECON400_01456,ECON,400,3.1617388156561694,3.563741701089618
PHYS400_01457,PHYS,400,4.661125822741393,4.331943856884003
ENGL300_01458,ENGL,300,1.7069762259494614,1.36824245344225
STAT500_01459,STAT,500,1.8229650806848707,3.9650337550836294
PSYCH100_01460,PSYCH,100,2.0177089191714956,1.4852224355558765
MATH300_01461,MATH,300,2.3268080500190855,2.5775460428526706
PSYCH500_01462,PSYCH,500,3.7859258662760378,4.595398096957309
ENGL300_01463,ENGL,300,3.0906424606039264,2.6914973249843936
MATH100_01464,MATH,100,4.339572796360581,2.8504757351968704
CS400_01465,CS,400,1.3078514063651543,3.619277911658275
ENGR500_01466,ENGR,500,4.55729517673538,4.091665145633344
MATH300_01467,MATH,300,4.315347280532155,1.201385644780283
MATH400_01468,MATH,400,2.6068841434342027,2.820863063360187
ENGL400_01469,ENGL,400,4.387870187428456,1.2718455547113225
CS400_01470,CS,400,3.656030124756583,3.28132508607049
MATH100_01471,MATH,100,4.945640451138381,3.0941590147822353
ENGL200_01472,ENGL,200,2.4611213836135835,3.981985009627241
ENGR200_01473,ENGR,200,3.0089874928634317,2.2849481404842553
PHYS500_01474,PHYS,500,3.897525605873468,3.7245822350738282
ENGL500_01475,ENGL,500,4.0747612103543265,1.0750220104244987
CS200_01476,CS,200,4.9719584940191925,4.529203475354251
PSYCH500_01477,PSYCH,500,1.2300572138283261,1.5552697736860166
CHEM100_01478,CHEM,100,4.551024301029658,1.7071299046078674
ECON200_01479,ECON,200,4.3412302316705755,3.1778576085765042
MATH100_01480,MATH,100,3.6899855616693635,4.7598437483120275
BIO200_01481,BIO,200,4.329907733029046,3.822364419417038
BIO100_01482,BIO,100,2.5569357907693377,1.4006755332058836
ENGR400_01483,ENGR,400,4.630917865792576,4.675592184872636
PSYCH500_01484,PSYCH,500,4.497039802691127,2.9823709649326493
PSYCH100_01485,PSYCH,100,2.3956773816875248,1.7705224721399802
ENGL100_01486,ENGL,100,2.1817655300054315,1.3821494177969287
CS100_01487,CS,100,4.37145957495188,1.06950207864269
CS200_01488,CS,200,4.233386236484963,2.903404576016934
STAT400_01489,STAT,400,1.3056540678299373,1.117795257063872
CS100_01490,CS,100,2.6034218764963706,3.3473914297544027
ENGL500_01491,ENGL,500,3.2776766653194014,3.754670266697713
PSYCH500_01492,PSYCH,500,4.135775851295625,2.7620866265358432
ENGL500_01493,ENGL,500,4.910119927645218,4.927913255651749
PHYS500_01494,PHYS,500,1.8489214524589452,1.040034486496356
ENGR100_01495,ENGR,100,3.2367097925897164,3.1346131042354255
STAT100_01496,STAT,100,1.0907771239696302,4.624341392344663
STAT100_01497,STAT,100,1.9939761686826163,2.2319942789304412
ENGR500_01498,ENGR,500,2.847005693555086,4.600431728641108
BIO100_01499,BIO,100,3.884366790271522,1.845487866058206
PHYS200_01500,PHYS,200,3.717630297222729,1.8968093128504218
ENGL200_01501,ENGL,200,1.3204903599318891,3.8598759334966344
ENGR100_01502,ENGR,100,2.6377798695018333,4.859040162443456
CHEM100_01503,CHEM,100,4.448425513981588,4.667464270055332
ENGR500_01504,ENGR,500,4.102932674643506,2.8104237957954674
CHEM100_01505,CHEM,100,3.9147837805100614,1.2478373800880354
BIO200_01506,BIO,200,1.234714104031259,2.7846009387207786
PHYS100_01507,PHYS,100,3.1853290476637803,3.7168407469484617
CS400_01508,CS,400,1.5029160965882333,3.750834100333374
BIO500_01509,BIO,500,1.9780066677920636,4.0758804241868685
ECON100_01510,ECON,100,3.9694393803756935,3.32857148085437
PHYS300_01511,PHYS,300,2.9829576278626,3.823350738394156
STAT400_01512,STAT,400,1.041121631855137,4.013296431408309
PSYCH200_01513,PSYCH,200,3.5256583972752393,2.123712223411091
CHEM500_01514,CHEM,500,2.3331920013102967,3.4571579988387833
ENGL300_01515,ENGL,300,3.6337199483338334,3.5057606860493036
PHYS400_01516,PHYS,400,3.6793676930840435,3.9759785670727616
ECON100_01517,ECON,100,2.8566983339840353,3.840372704822209
STAT500_01518,STAT,500,2.81643438760654,3.89617105221841
MATH500_01519,MATH,500,4.099181199723972,3.128954491278044
MATH200_01520,MATH,200,4.169180327937777,4.596027863101337
ENGL300_01521,ENGL,300,1.375592681322519,4.773932167836028
ENGR100_01522,ENGR,100,4.5123731269588525,4.561725377469088
ECON400_01523,ECON,400,2.1270685673439282,3.8815006512584653
PHYS300_01524,PHYS,300,4.033524857053941,3.4907007545935578
BIO300_01525,BIO,300,2.451449381448635,1.408795115814823
PHYS400_01526,PHYS,400,1.7765119495001693,2.2591813063017154
STAT500_01527,STAT,500,4.464722373535614,4.457299030401451
STAT300_01528,STAT,300,4.787127411882208,1.796845813554588
BIO200_01529,BIO,200,4.130393700933646,4.078100988621469
ECON500_01530,ECON,500,1.9874264843240637,1.767328593346051
PHYS400_01531,PHYS,400,1.8759042498045368,1.3491981020821253
STAT300_01532,STAT,300,2.8538076764944207,3.3449431881048555
PSYCH400_01533,PSYCH,400,2.3109487027460878,3.3142214149246843
ECON500_01534,ECON,500,2.0700818650216815,1.390709307704297
ENGL100_01535,ENGL,100,2.7321352248579314,4.361463336877662
ENGL100_01536,ENGL,100,2.0919863961745313,3.2825424649931954
PSYCH400_01537,PSYCH,400,2.119266188024377,1.013168296031267
PSYCH500_01538,PSYCH,500,1.3448002736822824,1.099886748745385
PHYS200_01539,PHYS,200,3.0745319321880498,1.182283581182452
STAT200_01540,STAT,200,3.1407155428620004,3.2207289808941986
ENGL300_01541,ENGL,300,2.5622572818083356,2.0909614995385883
BIO200_01542,BIO,200,3.873907539654184,2.0668329304723114
ENGL400_01543,ENGL,400,4.838204369480149,2.594634654098645
CHEM300_01544,CHEM,300,2.757450467935759,1.0535350110658
STAT300_01545,STAT,300,2.5873861261660918,4.259466030260632
PHYS500_01546,PHYS,500,3.882911523574496,2.989698856022083
ENGL400_01547,ENGL,400,2.8866005771301166,3.8658731727850912
STAT300_01548,STAT,300,4.225135804143108,4.279687241160143
ENGL300_01549,ENGL,300,3.9144693967020814,3.221674637271918
ENGL200_01550,ENGL,200,4.461817315377941,4.505596627899447
ENGR400_01551,ENGR,400,3.659814451075481,1.5269361555169794
CHEM400_01552,CHEM,400,2.552268546316537,4.385684910555994
STAT500_01553,STAT,500,2.171489796338843,4.945354792048013
ENGR200_01554,ENGR,200,1.891946073109629,1.103207912035947
CS300_01555,CS,300,1.5909759727415493,4.870508609866297
ENGL300_01556,ENGL,300,2.030420369631519,2.603700711461749
PSYCH100_01557,PSYCH,100,2.26961382835462,2.7293841194580044
STAT500_01558,STAT,500,2.9960523644039623,2.6757761728635647
ECON300_01559,ECON,300,4.824350791555935,4.992036044862636
CHEM100_01560,CHEM,100,3.921531697443597,4.371985064575432
PSYCH200_01561,PSYCH,200,2.512951991370331,4.511113103561524
BIO500_01562,BIO,500,3.5411050141062894,2.921463406285625
PHYS100_01563,PHYS,100,3.4573431344412517,4.187523155794761
MATH100_01564,MATH,100,2.495747148044103,4.779377456082656
PSYCH100_01565,PSYCH,100,1.7002562768918335,3.1402272238280537
ECON300_01566,ECON,300,2.9506351549675833,3.151517235187216
PHYS300_01567,PHYS,300,4.455121981956788,3.4518909152391926
CHEM400_01568,CHEM,400,2.7208789549734194,1.295653229271236
CHEM400_01569,CHEM,400,2.0002147098943404,3.375684765713569
ECON500_01570,ECON,500,4.097324832366445,4.501275827989481
PSYCH300_01571,PSYCH,300,2.661663589202609,1.162998891202999
ECON100_01572,ECON,100,3.941875330301401,2.8787305515505173
ENGL300_01573,ENGL,300,4.870760105924985,2.183867170928296
ENGR400_01574,ENGR,400,3.02754048038187,1.0574800368224686
PHYS300_01575,PHYS,300,4.008579870006791,2.309662969712691
PSYCH300_01576,PSYCH,300,4.469482892604233,3.4975267127312293
CS300_01577,CS,300,4.528941635714823,3.0066069705355973
MATH100_01578,MATH,100,2.444045581184673,4.149366743282766
ECON200_01579,ECON,200,2.5619660545585474,3.7223145449706707
CHEM200_01580,CHEM,200,2.143322613847832,3.7687532838952693
MATH100_01581,MATH,100,3.924626404278288,3.2766481984977704
CS300_01582,CS,300,1.6111998100035514,3.9559608282889718
CHEM300_01583,CHEM,300,1.0796793376950156,2.1522003307388813
CHEM500_01584,CHEM,500,3.0633961871833257,3.2337521574802977
ENGR200_01585,ENGR,200,1.9188750400498447,3.4056404618016662
PSYCH300_01586,PSYCH,300,1.9100789690620634,4.385076255662096
PSYCH100_01587,PSYCH,100,4.483440209707451,2.4539125398956614
ENGL200_01588,ENGL,200,1.8866985559943146,2.5150882315234058
MATH300_01589,MATH,300,2.2880815074749776,4.486055513745827
PHYS200_01590,PHYS,200,2.3513527941156855,1.66009268071218
ENGL100_01591,ENGL,100,4.666712308979157,4.761986806771549
PSYCH500_01592,PSYCH,500,2.192675765474506,3.076977814091938
ENGL500_01593,ENGL,500,4.146565434123486,4.682240548601207
MATH300_01594,MATH,300,2.4072839690730605,4.465498488745489
PSYCH200_01595,PSYCH,200,3.090553312082389,1.9130986933434944
ENGR200_01596,ENGR,200,1.498940626758455,3.02725950296052
PHYS100_01597,PHYS,100,4.498781131507734,1.2015018996089837
ECON200_01598,ECON,200,4.431601701516605,2.125093877096175
CS300_01599,CS,300,3.1664584557749706,4.410877743050214
PHYS100_01600,PHYS,100,4.231254634683919,2.9040630965437026
ENGL500_01601,ENGL,500,2.7289302461454876,2.077053809499989
BIO500_01602,BIO,500,3.1166140454732156,4.091180740842815
ENGL300_01603,ENGL,300,4.362388890077842,4.749713549716863
CHEM500_01604,CHEM,500,4.822503410339151,2.9310274064510615
PSYCH400_01605,PSYCH,400,4.93231652057554,3.915614791508598
ENGR500_01606,ENGR,500,1.9222399078898609,2.6622222708355197
CHEM200_01607,CHEM,200,4.855919412006022,1.6169254757501
ENGL200_01608,ENGL,200,1.351216521981092,2.7518633038086167
CS400_01609,CS,400,4.504426661282533,4.944552281784311
CHEM200_01610,CHEM,200,1.6546326235513344,3.532223796792497
BIO500_01611,BIO,500,4.895611036991166,1.9562927127076093
ENGR500_01612,ENGR,500,1.2566592476553975,1.8095775538047199
MATH100_01613,MATH,100,2.8440190552117985,4.234758898150616
CHEM200_01614,CHEM,200,3.3209733673128956,4.113875377641195
ENGL300_01615,ENGL,300,2.9370276046324895,1.5590651943489782
CS400_01616,CS,400,4.538210269420646,3.6535960476025213
PSYCH100_01617,PSYCH,100,2.883839972315842,2.2508666845673053
PHYS400_01618,PHYS,400,3.22056369263226,4.648453368638697
ENGL200_01619,ENGL,200,4.2771322125585165,3.5141831701561594
ENGR300_01620,ENGR,300,4.5454312846439855,2.063977454394747
ECON100_01621,ECON,100,2.2526078870368864,2.7502772363862045
ECON300_01622,ECON,300,2.2670737008365256,3.620093574844658
ENGR100_01623,ENGR,100,2.229168137477055,2.2438976307735623
BIO300_01624,BIO,300,2.507534149752113,1.7353487439361723
MATH400_01625,MATH,400,1.9945726361354716,1.9466715895706361
MATH500_01626,MATH,500,4.392064339849919,3.016914058772252
ENGR300_01627,ENGR,300,2.988308970924195,3.3443719676365378
STAT400_01628,STAT,400,4.736390729779116,2.1304437787065424
PHYS200_01629,PHYS,200,1.289956470559852,1.960063141628328
BIO300_01630,BIO,300,1.511179811047922,4.487762279266233
PSYCH100_01631,PSYCH,100,2.5456877248164216,3.3914464008960152
STAT300_01632,STAT,300,4.175577386835144,2.3973386509282975
ECON100_01633,ECON,100,3.3814927791009586,3.201850235839517
CHEM200_01634,CHEM,200,4.02642000570682,2.0841940719940166
PHYS100_01635,PHYS,100,4.794577259104649,4.739952924597411
STAT400_01636,STAT,400,3.2728472919639153,2.317180352682332
MATH300_01637,MATH,300,3.105788845649547,2.6603670827430723
ENGR400_01638,ENGR,400,1.1140600797843594,2.2039426267020987
PHYS400_01639,PHYS,400,1.77277481841353,4.5753988417823805
CHEM500_01640,CHEM,500,3.9645726103178447,3.0685585141412832
CHEM400_01641,CHEM,400,4.621503021370286,3.6323706858867837
ENGL100_01642,ENGL,100,3.5401810326676673,1.1347356817611738
ECON100_01643,ECON,100,1.4756755663671357,3.55896511794311
PSYCH200_01644,PSYCH,200,1.0893914945198166,3.1021526143809974
PHYS100_01645,PHYS,100,4.419010525125509,4.541310665746995
PSYCH200_01646,PSYCH,200,1.3929422384337218,1.0734598035742406
PHYS300_01647,PHYS,300,4.211736296779144,1.5836068998420956
MATH300_01648,MATH,300,1.637849120777033,3.777546101264318
CS500_01649,CS,500,2.450477433222375,4.891319794829322
MATH500_01650,MATH,500,2.8737133245667406,4.810141613352954
STAT100_01651,STAT,100,3.7818547887964336,2.599000172884527
STAT400_01652,STAT,400,3.63112236315436,1.5682944248395523
BIO200_01653,BIO,200,2.501425822943567,1.8932813526887884
PHYS100_01654,PHYS,100,4.892807328760544,3.26723100721587
CS100_01655,CS,100,3.875463976343786,1.5056895566470176
STAT100_01656,STAT,100,1.5622372458115872,3.717330376830785
CS400_01657,CS,400,4.432362033720889,4.809613586813966
STAT400_01658,STAT,400,1.1814584404228108,3.0070526564040065
ENGR200_01659,ENGR,200,2.6345241216520217,4.753609223436477
PSYCH100_01660,PSYCH,100,1.9718433489131462,1.1589332009792117
PSYCH300_01661,PSYCH,300,1.8895207609205986,3.075148762403998
ENGR200_01662,ENGR,200,2.0960436723424936,2.4022548283497582
ENGL300_01663,ENGL,300,2.0876259859669033,1.6229780713460706
MATH200_01664,MATH,200,4.8605518715844,3.9506659611174006
PHYS500_01665,PHYS,500,4.9092371822072725,1.5641346910676326
ENGR200_01666,ENGR,200,2.899322447623399,3.2510512528426836
PHYS500_01667,PHYS,500,3.3735104332818238,1.7384852162601594
CHEM500_01668,CHEM,500,1.8180857297164938,4.398661901880722
PHYS400_01669,PHYS,400,1.233393433305721,1.7007069350829362
ENGR300_01670,ENGR,300,2.7042257075200453,1.996501558023767
CS400_01671,CS,400,2.4387398298904994,1.6261773732212719
STAT300_01672,STAT,300,4.436766776914935,2.3476716261168136
CHEM200_01673,CHEM,200,4.137834028967443,1.920333270341256
CS500_01674,CS,500,2.3929322884953907,1.7036779443740522
PHYS200_01675,PHYS,200,1.990460755236711,1.0334563594777246
PHYS400_01676,PHYS,400,2.31163053412853,1.7637561924851464
PHYS100_01677,PHYS,100,3.161984727304342,3.8719660025025053
CHEM300_01678,CHEM,300,1.3263213332446888,3.219773416915275
CHEM500_01679,CHEM,500,2.5118029047059287,4.349602923013366
BIO500_01680,BIO,500,1.8611376280289216,1.9535980750166604
PSYCH200_01681,PSYCH,200,3.044079163233194,3.643621284618534
MATH300_01682,MATH,300,3.864580806406138,2.7817156338726123
STAT100_01683,STAT,100,4.065504349833259,4.641832366755194
BIO300_01684,BIO,300,1.645976058940997,4.624610941334172
PHYS500_01685,PHYS,500,2.919769268689738,3.559298243099577
ENGL200_01686,ENGL,200,1.5567317456860637,4.835352460732045
CHEM300_01687,CHEM,300,3.318510425580407,2.0636545589065562
STAT200_01688,STAT,200,3.582928387793679,2.8669452620781657
ECON500_01689,ECON,500,4.123898326971144,1.881079624390158
CS200_01690,CS,200,2.8150460018461625,3.69308562992997
ENGR200_01691,ENGR,200,3.53529923539035,4.177769949834102
PSYCH100_01692,PSYCH,100,2.4540922887049788,1.2585413028859143
CHEM100_01693,CHEM,100,4.15330085939628,1.2916541049604153
PHYS400_01694,PHYS,400,2.955341435241753,4.626542114775846
MATH300_01695,MATH,300,4.746972325027258,1.787862922708901
STAT500_01696,STAT,500,4.778379726220459,3.3212374359910584
PHYS400_01697,PHYS,400,1.555084781406796,3.2408709574641095
MATH500_01698,MATH,500,1.762072836493207,2.85986893174008
CHEM400_01699,CHEM,400,4.804648665304374,3.291397935154186
MATH400_01700,MATH,400,1.844001985132612,2.562225966231996
ENGL400_01701,ENGL,400,1.2143733974980653,4.68367587410115
PHYS300_01702,PHYS,300,2.4944126279798744,1.2134899174827103
PSYCH500_01703,PSYCH,500,2.525196047421756,3.0644734281191743
CHEM300_01704,CHEM,300,3.9655571200360846,3.188583547474159
CHEM400_01705,CHEM,400,4.69983635468276,1.9667586022731331
CS300_01706,CS,300,2.382346321236928,3.1721833301763946
STAT500_01707,STAT,500,1.097715016783222,4.337447313955944
STAT100_01708,STAT,100,1.9919078518198297,2.9279178898957774
PSYCH500_01709,PSYCH,500,1.1618055080539071,4.165158079393369
CHEM400_01710,CHEM,400,4.451080283555637,4.423381102905888
ENGL100_01711,ENGL,100,1.5043107976410819,1.1522900073347402
STAT200_01712,STAT,200,1.4279711046572814,1.3966053235044646
STAT300_01713,STAT,300,2.12290712623646,4.878960147013384
CHEM200_01714,CHEM,200,3.550639779242279,3.2175412514785253
STAT500_01715,STAT,500,3.8225498831916043,3.9371010117050633
PHYS200_01716,PHYS,200,3.0989447215804504,1.7560943060514758
CHEM500_01717,CHEM,500,1.8658870909201326,1.5657714684560178
BIO100_01718,BIO,100,3.918878597014433,2.705559429487419
MATH400_01719,MATH,400,1.8356907211341604,3.2892712587649586
STAT300_01720,STAT,300,1.794459799340077,1.7996472751123864
ECON100_01721,ECON,100,4.2134244703277925,2.9228823602070677
STAT200_01722,STAT,200,2.1076511410128824,2.59485401466353
STAT300_01723,STAT,300,4.963961833942557,2.6633584862641557
PSYCH300_01724,PSYCH,300,3.8626488303684203,2.0132397307541066
PSYCH500_01725,PSYCH,500,1.9037373007996012,4.57526093421121
BIO100_01726,BIO,100,1.727725448516928,1.1793498128392539
ENGL100_01727,ENGL,100,2.0128467424106957,4.793075011424927
MATH300_01728,MATH,300,2.4881703847361947,4.306248598372891
STAT100_01729,STAT,100,3.33504626042029,2.799767978728244
PHYS100_01730,PHYS,100,2.5055594483920016,1.6828120403507025
CS400_01731,CS,400,1.7809921530865829,4.617084343963272
STAT200_01732,STAT,200,2.8309489297178625,4.8243710238918815
CS300_01733,CS,300,1.3008337834440318,1.2634956419840377
CS400_01734,CS,400,1.0931065457174456,4.114565068993343
PSYCH200_01735,PSYCH,200,4.7501391898088405,3.4791891924335445
CHEM200_01736,CHEM,200,4.97611417724378,3.5961059254468357
CHEM100_01737,CHEM,100,1.2197065805634213,3.4641362214951585
STAT500_01738,STAT,500,2.0907575177078184,3.0903654090901225
PSYCH300_01739,PSYCH,300,1.3278387975490902,1.5103183955644397
CS400_01740,CS,400,1.1437151711647622,3.5885450784757347
PHYS400_01741,PHYS,400,3.9294885142816183,4.88322754436669
CS500_01742,CS,500,4.666917172417439,1.571505933529779
ENGR200_01743,ENGR,200,4.184377643162624,4.0683570956402315
MATH100_01744,MATH,100,3.1220308963772965,3.564158251925246
CS200_01745,CS,200,1.547843935394714,2.897369767883725
BIO100_01746,BIO,100,2.0069855551958593,3.5871653873989815
CHEM300_01747,CHEM,300,4.677503199437007,4.066319279167384
PHYS100_01748,PHYS,100,3.98044197647016,1.1352139772229668
ENGL400_01749,ENGL,400,1.789195739082774,1.041251874578049
CS300_01750,CS,300,4.30149673627294,2.7145766936990046
BIO300_01751,BIO,300,1.3596572355089434,4.477808952334926
ENGL400_01752,ENGL,400,2.7773603698536764,2.464935056622051
STAT400_01753,STAT,400,1.7527489268460603,1.997682732213255
MATH300_01754,MATH,300,1.2866622217020964,2.610805081794139
MATH200_01755,MATH,200,4.7085176470461345,3.3675443311372555
CHEM300_01756,CHEM,300,4.718241679387553,2.6525816763202594
BIO300_01757,BIO,300,2.5886325407172133,4.386861435634281
ENGR300_01758,ENGR,300,3.231771343331971,4.251105763934303
STAT500_01759,STAT,500,3.746813912053251,1.8358691815879915
MATH100_01760,MATH,100,1.7200055780657317,3.49507739249521
CS100_01761,CS,100,1.3721182423945333,2.3291905235366483
BIO400_01762,BIO,400,2.0128946112593122,2.7917522223476436
STAT500_01763,STAT,500,2.728608394591647,4.670561919166822
CHEM100_01764,CHEM,100,1.6312844313142683,4.414643930901747
BIO100_01765,BIO,100,1.4079927546448285,3.7096688952448122
BIO200_01766,BIO,200,3.3763903598826426,3.5208245307094423
CHEM300_01767,CHEM,300,2.042370737262173,3.090765939252081
PHYS300_01768,PHYS,300,2.618056432609273,3.3680527595402165
ECON300_01769,ECON,300,4.208184328184766,2.8964036000776
MATH100_01770,MATH,100,1.8569815463121224,1.12944450648879
ENGR300_01771,ENGR,300,2.981692459097704,3.0392009195617775
ECON400_01772,ECON,400,1.6378282671736826,2.1448187291465124
STAT200_01773,STAT,200,2.498963671328393,4.874596128683002
PSYCH500_01774,PSYCH,500,4.170031405786838,3.7670127609725
PHYS500_01775,PHYS,500,1.5499474075247632,1.3444614538055686
PSYCH200_01776,PSYCH,200,1.9766537467931382,4.376332839621583
PSYCH500_01777,PSYCH,500,3.1779611389835196,1.6503791613109762
ENGL300_01778,ENGL,300,2.063270573217742,3.955819723682496
PSYCH100_01779,PSYCH,100,3.9056202721347595,3.218157157189449
STAT500_01780,STAT,500,1.896051706039954,2.8644418401625926
BIO400_01781,BIO,400,4.080740804844293,3.2650983614473845
CS200_01782,CS,200,2.9802705849252,4.302402395111387
CHEM100_01783,CHEM,100,4.18734712945498,2.533400646648847
ENGL200_01784,ENGL,200,2.0223643897752197,3.221643931278103
BIO300_01785,BIO,300,4.146731132622355,2.8250643148730163
CHEM300_01786,CHEM,300,3.1341813088284844,2.83286589041117
PSYCH200_01787,PSYCH,200,4.357527513719369,1.6011871337559302
CS100_01788,CS,100,4.169608718689721,3.8433024975438195
PSYCH200_01789,PSYCH,200,3.5282166676087687,2.6986367249215903
ENGL400_01790,ENGL,400,2.9703999557416245,1.8190377327196572
BIO400_01791,BIO,400,1.9269348604432772,2.6573339011292365
STAT300_01792,STAT,300,4.599840501175113,1.754252768285745
PSYCH100_01793,PSYCH,100,1.1764658806332369,1.3225928894698629
ENGR400_01794,ENGR,400,3.049877644908209,4.466584985073297
CHEM300_01795,CHEM,300,2.0675301472434024,1.954403901019107
CS100_01796,CS,100,2.4691409047887323,4.948422413759349
BIO500_01797,BIO,500,4.8396377454627615,2.3710277381122
PHYS200_01798,PHYS,200,4.192933308865162,4.106053218861824
CS400_01799,CS,400,3.3269546090455577,3.4259455352472585
PHYS300_01800,PHYS,300,3.6635433276258818,4.6101644787663645
STAT300_01801,STAT,300,2.09438124459093,4.331764062405676
CS500_01802,CS,500,2.883720445248892,2.3688465277950526
STAT400_01803,STAT,400,1.5601545743748315,2.3662858193917935
ENGL500_01804,ENGL,500,3.9594865688537944,4.434962928634786
CS300_01805,CS,300,2.812784162170295,1.771064767457473
CS400_01806,CS,400,3.2490836014744517,3.8856139070609097
CHEM300_01807,CHEM,300,2.9490603539830467,1.5501999984096684
ENGR200_01808,ENGR,200,2.7206440579496443,2.533860406612434
CHEM100_01809,CHEM,100,4.590405473548055,4.810521745290143
ECON100_01810,ECON,100,2.865081698296587,2.2481021359285536
ENGL300_01811,ENGL,300,1.8875811256450148,1.3895243400496766
MATH200_01812,MATH,200,2.663406781910245,3.998057487323647
CS400_01813,CS,400,2.016000174841141,2.092953968917487
CHEM300_01814,CHEM,300,3.7199286544890637,1.0926142604196047
ECON100_01815,ECON,100,4.935297057345203,1.7595461979284543
CHEM200_01816,CHEM,200,4.110874192244885,1.4224200638590956
PSYCH100_01817,PSYCH,100,1.305161189158481,4.860889190945928
CHEM400_01818,CHEM,400,2.0039669058539222,2.4437232589186997
ENGL500_01819,ENGL,500,3.095820049264267,3.268443195007087
BIO300_01820,BIO,300,2.726084632543495,2.6443947810595794
PSYCH100_01821,PSYCH,100,2.774301999511467,3.709513822518909
BIO200_01822,BIO,200,4.828651841930142,1.9317150748408185
PSYCH500_01823,PSYCH,500,3.726713993846735,3.696026486986523
ENGL200_01824,ENGL,200,4.1084393169778295,1.78380138255491
ENGR400_01825,ENGR,400,2.7784084417680037,4.090659280310437
STAT400_01826,STAT,400,2.050069471284511,1.2362134967205871
ENGR500_01827,ENGR,500,2.054413828107349,2.7109766007323306
STAT300_01828,STAT,300,2.1568632437939503,4.169207361099521
PSYCH100_01829,PSYCH,100,3.8874580087471236,1.7734060087695052
PHYS400_01830,PHYS,400,3.2640455306820066,1.4269557904271863
ECON100_01831,ECON,100,3.9107344870352807,1.1005889084190588
STAT500_01832,STAT,500,3.6563981094125904,2.8219700439638866
MATH400_01833,MATH,400,3.701553025648913,1.9515722727695382
ENGR400_01834,ENGR,400,2.6722070781766334,1.8289410607859535
MATH300_01835,MATH,300,3.9698157006884096,1.4871874040853963
CHEM400_01836,CHEM,400,2.6754109990531147,3.465777039333288
ECON300_01837,ECON,300,3.157688887766543,1.7179097730177024
CS500_01838,CS,500,2.15999247153699,4.208555347491629
PHYS100_01839,PHYS,100,3.5311780934814774,3.4245610570488876
CS100_01840,CS,100,1.3570960068546278,1.271309358544432
PSYCH500_01841,PSYCH,500,3.166435069112677,1.064059876835385
BIO100_01842,BIO,100,4.001492332995172,2.63763492776133
ENGR500_01843,ENGR,500,4.797819420369204,2.689325930700272
ENGL400_01844,ENGL,400,3.0583553852612946,2.7851056008602533
ECON200_01845,ECON,200,3.1537778031336083,3.4427964928004435
CS200_01846,CS,200,3.2228890893022353,2.8333618208537814
PHYS400_01847,PHYS,400,4.282231915542541,1.1306782318034174
ECON500_01848,ECON,500,2.5353313717998325,1.9010890851432407
CHEM500_01849,CHEM,500,3.6057868561707767,1.7501265372437191
MATH300_01850,MATH,300,4.455028660212912,3.7388254250269695
ECON500_01851,ECON,500,3.336946535331702,4.952802442419133
ECON400_01852,ECON,400,2.7243342904425027,1.1452835999773292
STAT500_01853,STAT,500,1.1854683518165294,4.309644246381161
PSYCH500_01854,PSYCH,500,2.1302962536187673,2.9743279068753132
BIO200_01855,BIO,200,2.581358307026679,1.3867338437441168
MATH300_01856,MATH,300,4.011335599812577,3.311230646476493
CS400_01857,CS,400,2.4509482406769774,3.5252973124219538
PHYS300_01858,PHYS,300,4.449057349725791,3.793114250967159
PHYS400_01859,PHYS,400,1.7942679682377531,3.082872171268543
PHYS500_01860,PHYS,500,1.9182432315106115,2.2196696950255066
PSYCH200_01861,PSYCH,200,2.928412809850951,1.403452153910588
MATH300_01862,MATH,300,2.7478236423886577,1.22395097527165
PHYS500_01863,PHYS,500,2.353270021464326,1.218230636753296
ENGL100_01864,ENGL,100,4.8592726328012965,3.843413107474859
CHEM300_01865,CHEM,300,4.197763149967436,2.2094600625579726
ENGL100_01866,ENGL,100,4.664878805251872,4.538571413375399
ENGL500_01867,ENGL,500,1.4940924232648354,3.207369039583625
CS500_01868,CS,500,1.4145041171771355,2.2230836271756633
MATH200_01869,MATH,200,4.535189927953364,3.0773307074196143
ECON100_01870,ECON,100,4.978130798089111,2.790263998530201
MATH300_01871,MATH,300,1.742353915774698,4.112157880209096
ECON100_01872,ECON,100,4.021612741125341,3.5350730036289346
CHEM400_01873,CHEM,400,2.5518824457232507,1.053402101333873
CS300_01874,CS,300,2.086136468398328,3.5035292889675844
PSYCH300_01875,PSYCH,300,3.762200824749934,2.1730214990779033
STAT200_01876,STAT,200,1.922429032340292,1.7882358212384335
PSYCH200_01877,PSYCH,200,2.632971186252003,4.509172539288112
ENGR200_01878,ENGR,200,4.279758944558148,3.7016547414286016
MATH500_01879,MATH,500,2.9992605600474778,3.120510138129367
CHEM400_01880,CHEM,400,3.6577258169775564,1.098117575718872
STAT100_01881,STAT,100,1.1181273768754059,4.597464251952845
ENGL100_01882,ENGL,100,2.456743418946482,1.4933507763542195
PSYCH500_01883,PSYCH,500,4.058357049811555,3.9304769997882643
PSYCH200_01884,PSYCH,200,4.83562709197507,3.876557114060779
PSYCH400_01885,PSYCH,400,3.927867341284849,4.624145174119237
MATH200_01886,MATH,200,3.7837212632647073,1.8476730528073277
CS400_01887,CS,400,4.630298329105583,2.9339785609571494
ENGR400_01888,ENGR,400,3.3881667489837275,3.3300637854361996
CS200_01889,CS,200,1.6668443787495355,2.434715993032577
MATH500_01890,MATH,500,3.258339032474463,3.7518106136282423
PHYS200_01891,PHYS,200,2.281339184971028,1.0828302011878121
ENGL300_01892,ENGL,300,1.1152770221087773,1.5693760988627088
CS200_01893,CS,200,1.3401169550367236,4.025772620819085
CHEM100_01894,CHEM,100,2.593237852675004,1.0691104205978115
PHYS400_01895,PHYS,400,3.3282969644332945,3.6604028807753206
BIO500_01896,BIO,500,4.031525776185807,2.778033913554731
ECON200_01897,ECON,200,1.8730401166378803,2.6106645888308977
PHYS300_01898,PHYS,300,4.555346445303954,1.2612196936967783
CS500_01899,CS,500,3.1845966990344987,3.2459387184195667
STAT500_01900,STAT,500,3.129599303839625,1.4644439293006464
BIO100_01901,BIO,100,1.3953100946173467,4.226751509835051
CHEM300_01902,CHEM,300,3.1759139493616924,2.1418850776604574
ENGL200_01903,ENGL,200,1.5707279576221036,1.3038382892455966
PHYS500_01904,PHYS,500,4.34285474979912,3.2944615441071785
ENGL100_01905,ENGL,100,4.962903797829578,1.2486254514531798
STAT100_01906,STAT,100,2.720807287695632,4.6773857321574965
PSYCH200_01907,PSYCH,200,1.0924341113581364,2.5981250557673286
ENGL500_01908,ENGL,500,1.7469932812107545,1.9935548792125743
ECON300_01909,ECON,300,1.2466356272272114,4.8814079991741615
CHEM400_01910,CHEM,400,3.6983773061432936,4.423851834200791
MATH300_01911,MATH,300,2.6174278347225046,3.809894150099907
CHEM500_01912,CHEM,500,3.827245155719726,2.1399831642208844
CHEM200_01913,CHEM,200,3.637198343212588,4.043370667265707
BIO400_01914,BIO,400,4.641204659236729,2.070944958794629
MATH500_01915,MATH,500,3.3054484040911536,3.5955450022074182
CHEM500_01916,CHEM,500,3.2637549591556634,2.17526795994081
PHYS100_01917,PHYS,100,3.936799735968253,1.2270371346516682
BIO500_01918,BIO,500,2.3342352600988643,4.283895690433691
PHYS200_01919,PHYS,200,2.0969756788983207,4.616543833242774
CHEM100_01920,CHEM,100,3.726234628936569,4.800048399001847
PSYCH500_01921,PSYCH,500,2.0037608007548373,2.7588511010649515
PHYS500_01922,PHYS,500,4.70454819905027,2.8602518731033886
ENGR100_01923,ENGR,100,1.5030186002652455,1.5117643018774878
BIO100_01924,BIO,100,4.403093995804623,4.970371249154254
STAT100_01925,STAT,100,3.8171666693394473,2.9339590668992943
PSYCH100_01926,PSYCH,100,2.925232445082258,3.286060723734671
STAT200_01927,STAT,200,3.1269561997145736,3.8966277024682707
PHYS500_01928,PHYS,500,2.0975703224905113,3.711892396734942
ENGR400_01929,ENGR,400,3.7178333954672524,4.455833809598351
PHYS300_01930,PHYS,300,3.9714253408625653,3.238407025924317
BIO200_01931,BIO,200,4.34707796312554,4.695212718529849
CHEM100_01932,CHEM,100,4.862591619810821,3.061784753854878
BIO500_01933,BIO,500,2.454153836610875,2.006106783120275
MATH100_01934,MATH,100,4.1417393350828515,2.4015496402374907
ENGR200_01935,ENGR,200,1.2926946071371277,4.176695310161897
ENGL400_01936,ENGL,400,1.8917812383442882,4.807799047274549
PHYS300_01937,PHYS,300,1.6310759523463667,2.4272177183380905
ENGL300_01938,ENGL,300,3.927585085210051,2.4469972262738198
PHYS300_01939,PHYS,300,4.869938651680314,4.05346354481253
PSYCH400_01940,PSYCH,400,3.622205024026541,3.400710685508566
PHYS400_01941,PHYS,400,3.3176019044375646,1.6855793643558794
PHYS300_01942,PHYS,300,1.1739242611097387,1.788382304481269
CHEM200_01943,CHEM,200,3.9909349399378278,4.465694254330428
CHEM400_01944,CHEM,400,3.757619000151186,2.9955305625403907
MATH300_01945,MATH,300,1.308367686798845,3.1440275793100225
ENGR500_01946,ENGR,500,1.9177519957002565,3.2572651594725692
CHEM400_01947,CHEM,400,2.406794534547902,4.471757169605757
PSYCH100_01948,PSYCH,100,1.7651666470496679,2.5732557743972237
STAT200_01949,STAT,200,2.2194779873193893,3.3003733903178034
CHEM500_01950,CHEM,500,1.188657535835194,4.540410343128817
ECON100_01951,ECON,100,4.773096182768676,1.620714606649679
ENGL400_01952,ENGL,400,2.546934597027063,4.326358205211804
ENGR500_01953,ENGR,500,1.1491645377615693,2.7839482658278323
BIO500_01954,BIO,500,1.1324353415848663,2.013107099332608
ENGR100_01955,ENGR,100,1.7092018647053764,2.795584303167105
ECON100_01956,ECON,100,1.1941391616939288,1.7890411250659612
PHYS500_01957,PHYS,500,2.1464731592980923,4.4164429550614255
CHEM200_01958,CHEM,200,3.768766052288199,2.8845232824973164
PHYS400_01959,PHYS,400,3.2393663611190417,3.448712437594991
CS400_01960,CS,400,1.8296119182564081,2.177068190911042
BIO200_01961,BIO,200,4.722072980092939,2.9880995773568246
ECON500_01962,ECON,500,4.277414711878391,2.15714517470809
ENGL100_01963,ENGL,100,3.584504214678225,4.298540485263324
ECON300_01964,ECON,300,2.8207601071603805,2.408034089581346
BIO200_01965,BIO,200,3.317500377910338,1.2266913627118372
PSYCH300_01966,PSYCH,300,1.3629230263963978,4.7708509172936
ECON400_01967,ECON,400,4.585190981230986,2.968162870993142
ECON500_01968,ECON,500,1.5657297568062996,3.28244978381811
ENGR400_01969,ENGR,400,3.472873412335371,1.5622076465007178
BIO200_01970,BIO,200,1.0555096656789078,3.8182942924254024
ENGR200_01971,ENGR,200,1.226595741742179,4.220100720467714
ECON400_01972,ECON,400,2.251882786079317,1.7194896669102913
CS100_01973,CS,100,4.786006702754614,1.2202702917390593
CS400_01974,CS,400,1.8450336554126379,1.0699578193031218
ENGL500_01975,ENGL,500,2.0624559606846105,1.0891846056250354
ENGL500_01976,ENGL,500,1.1746705903735264,4.233270833906069
MATH300_01977,MATH,300,2.7961329953962806,1.8037835414302843
ECON300_01978,ECON,300,3.4090382735231,1.2694768764300988
BIO500_01979,BIO,500,4.589215564070817,2.9955120438734704
CS200_01980,CS,200,1.13125494853975,4.695928981457916
MATH100_01981,MATH,100,2.1112139971963964,4.538610359658744
PSYCH100_01982,PSYCH,100,3.8198870567709062,3.6670054701946286
STAT100_01983,STAT,100,1.9809295490451921,3.7011096607554825
MATH100_01984,MATH,100,3.142471404563223,1.4965899313612212
ECON300_01985,ECON,300,4.879009772563389,4.329365945742932
PHYS300_01986,PHYS,300,4.935099950035516,4.062716413364464
CHEM100_01987,CHEM,100,3.934199326044418,1.7727746804347455
BIO400_01988,BIO,400,3.899604763854249,1.8984830072224654
ENGL500_01989,ENGL,500,2.40225504734855,1.6615866280278748
BIO200_01990,BIO,200,1.6725994593552715,2.8700211748633047
CHEM300_01991,CHEM,300,1.04999697429172,2.2170949788901955
PHYS500_01992,PHYS,500,4.36511732338596,1.532491065990571
CHEM500_01993,CHEM,500,3.2842180591378214,3.05466174305766
ENGR100_01994,ENGR,100,3.8901171697657837,3.752809538215736
CS200_01995,CS,200,3.5958990766723358,4.368455947470852
ENGL400_01996,ENGL,400,4.60464335248413,3.077676056375588
PHYS300_01997,PHYS,300,4.209444759707367,2.28319309566096
ENGR300_01998,ENGR,300,1.9026938886507003,3.264431742608042
ENGR300_01999,ENGR,300,1.8674230571080774,2.5071189336576305
CS100_02000,CS,100,2.160150260422632,1.448885064933008
STAT500_02001,STAT,500,2.418045326633852,2.0704772751739244
PHYS500_02002,PHYS,500,1.6596788830618214,1.5249420246773786
ECON100_02003,ECON,100,3.859886839207331,3.4532523750290975
MATH500_02004,MATH,500,3.46707373861098,1.8357262646774992
PHYS100_02005,PHYS,100,4.264222765950499,1.9021196348974918
PSYCH100_02006,PSYCH,100,4.779197067757503,1.1831866603301768
ENGR200_02007,ENGR,200,1.4133961037310856,4.582538824699489
ECON300_02008,ECON,300,4.19144750638667,2.803241095060831
PSYCH100_02009,PSYCH,100,3.9348881505396562,1.631869719288483
PSYCH400_02010,PSYCH,400,1.6104098788425283,4.162840026572557
ENGL500_02011,ENGL,500,2.0417313996018276,1.324708196957411
STAT100_02012,STAT,100,4.214482731259717,1.7786773401662188
ENGR100_02013,ENGR,100,1.9333272850119405,2.5681381240301415
ENGR500_02014,ENGR,500,3.235893400097433,2.9563417357354043
ECON200_02015,ECON,200,2.6094789410089607,1.564054393306468
MATH500_02016,MATH,500,1.0380665701440415,1.0396225103334644
PHYS200_02017,PHYS,200,1.2337967552156268,3.9276307426204213
ENGR100_02018,ENGR,100,1.5541451766522858,1.6519528234602898
CS500_02019,CS,500,4.676711301480163,4.415628911218645
ENGL500_02020,ENGL,500,1.6226617021545415,4.8198428751816165
CHEM100_02021,CHEM,100,3.7937255437654427,2.373302127896939
ENGL400_02022,ENGL,400,2.931277674829313,3.740983401834961
ENGL200_02023,ENGL,200,3.282087334279677,3.767185199455023
ENGR100_02024,ENGR,100,3.9896428041635303,1.9196120469279205
CHEM500_02025,CHEM,500,4.060463721045446,1.7257344323274437
PHYS300_02026,PHYS,300,1.785480192516149,2.2827704384493273
PSYCH300_02027,PSYCH,300,1.0570232981196237,2.6576547192899387
ECON500_02028,ECON,500,2.947511326466964,3.3312470046559772
PSYCH300_02029,PSYCH,300,1.5007493686750348,4.545127910820426
STAT400_02030,STAT,400,3.928744116880013,4.169617429553028
ECON400_02031,ECON,400,4.208331810829637,2.5931555041260523
MATH200_02032,MATH,200,4.034344500940726,3.5003941202929973
ECON200_02033,ECON,200,3.1759305461192224,3.7693780440574596
CS100_02034,CS,100,1.1080301994260706,1.457140081729098
CHEM400_02035,CHEM,400,2.688302968620244,2.7826603407143264
BIO200_02036,BIO,200,2.847959421898418,3.4470188711737233
STAT300_02037,STAT,300,4.010237951831563,3.373112950223452
BIO400_02038,BIO,400,3.538581614665536,4.8807098836397955
CS400_02039,CS,400,1.0651965747634402,4.102161621615292
CHEM400_02040,CHEM,400,2.8470949481856436,2.610360204567929
CHEM400_02041,CHEM,400,4.823493568390593,1.4486461389047993
CS200_02042,CS,200,1.8336511680929921,3.0949378401253256
BIO100_02043,BIO,100,4.312956700490986,2.69093058009304
STAT400_02044,STAT,400,1.4955632896795747,1.9979311086847416
BIO300_02045,BIO,300,1.941459895956199,2.4293537253929474
BIO200_02046,BIO,200,3.1086544793607973,3.192262135701218
MATH500_02047,MATH,500,1.217807680780158,1.5365023465925303
PSYCH100_02048,PSYCH,100,1.5281471224655738,1.5031902203542606
ENGL500_02049,ENGL,500,3.503786932055921,3.210273040580933
BIO300_02050,BIO,300,4.918281048427058,1.4862371662193201
ECON400_02051,ECON,400,3.9626470116865207,3.9456908599359704
ENGL300_02052,ENGL,300,4.695134519710262,4.518365765217334
CS400_02053,CS,400,4.181390306118621,3.5837410253535773
ENGL300_02054,ENGL,300,2.664232381454083,4.773305386184188
ECON400_02055,ECON,400,3.511536912750559,2.2932884108300304
BIO400_02056,BIO,400,3.8060404852013727,1.9457820158837285
BIO500_02057,BIO,500,1.0316412999414104,1.4584729263342715
BIO200_02058,BIO,200,2.8272305429126616,4.250389471563576
MATH100_02059,MATH,100,3.1381455878319144,2.9019970165220452
PHYS200_02060,PHYS,200,4.8558753164977855,3.3412329637664366
ENGL200_02061,ENGL,200,2.2372203656890854,2.3482746856420946
PSYCH200_02062,PSYCH,200,4.544091782491757,4.543612430509478
ENGR200_02063,ENGR,200,4.969639324276086,4.820688474985907
STAT500_02064,STAT,500,3.1667485736922942,3.8993352482329704
CS200_02065,CS,200,3.530241506866608,4.0079548701971754
ECON400_02066,ECON,400,4.172389011484936,3.291124070169817
BIO500_02067,BIO,500,3.6822507420502846,2.0744595114423188
ENGL500_02068,ENGL,500,1.5149027782398368,3.9121520386021946
BIO200_02069,BIO,200,1.5952322655094822,3.5809366705417904
BIO400_02070,BIO,400,4.255200395704621,2.245993822557517
ENGR300_02071,ENGR,300,4.437820228772347,4.934764408045429
PSYCH300_02072,PSYCH,300,4.909907854450433,1.1245525661453142
PHYS100_02073,PHYS,100,1.7109222885135318,3.6851387705311898
MATH100_02074,MATH,100,3.3095538962192976,3.879825316298414
MATH100_02075,MATH,100,2.602893168050073,1.367384269283157
ENGL100_02076,ENGL,100,2.4137166702571253,2.82449041998881
PSYCH400_02077,PSYCH,400,4.065651745682951,1.0485503847049302
CHEM300_02078,CHEM,300,1.1567058498125862,2.73803338708497
CHEM300_02079,CHEM,300,3.9494066919521216,2.8474133193744797
CHEM300_02080,CHEM,300,2.4039766014519057,4.215441705413992
STAT500_02081,STAT,500,2.0651631792264773,2.9350314360975847
PHYS200_02082,PHYS,200,1.7863247525616388,4.7365278646770665
PSYCH300_02083,PSYCH,300,1.088764896409621,2.296889873324366
PHYS100_02084,PHYS,100,1.0066239115479299,2.5200592803369593
PSYCH200_02085,PSYCH,200,4.847321323068343,4.241474697783689
MATH400_02086,MATH,400,4.828297971988368,2.3481274638218474
PSYCH100_02087,PSYCH,100,1.9923302694164637,1.0025457442955088
PSYCH100_02088,PSYCH,100,1.1624012351249244,3.513814032223485
ENGR300_02089,ENGR,300,3.8817388561370803,2.681820231977899
ECON400_02090,ECON,400,3.8963502594959247,4.767811640117442
CHEM100_02091,CHEM,100,1.7383099674644922,2.402500766644284
MATH400_02092,MATH,400,3.819084035300548,1.3394144549403562
ENGR500_02093,ENGR,500,1.9621421056041566,3.044425578865333
PHYS300_02094,PHYS,300,1.0330781444563715,1.6708298877393117
CHEM200_02095,CHEM,200,2.6095623343047047,1.7260216431440605
ENGR300_02096,ENGR,300,2.540314189382595,2.9043808853796147
ENGR400_02097,ENGR,400,2.1927499351177033,3.504683688558131
PSYCH100_02098,PSYCH,100,2.282986074767229,1.9825007705492297
STAT100_02099,STAT,100,4.011941151568964,1.4215837883094955
MATH400_02100,MATH,400,4.034812293616724,3.0291262211881516
ENGR300_02101,ENGR,300,1.6146527769038963,4.779707879666223
CHEM300_02102,CHEM,300,1.4297537111761507,4.821896531321782
STAT100_02103,STAT,100,4.56150532688193,3.6808037371838536
CS300_02104,CS,300,2.5093150381330815,2.7388448897854603
BIO400_02105,BIO,400,3.6046024460188293,1.3603833483420695
CHEM400_02106,CHEM,400,1.2226194111672428,4.838600165372055
MATH500_02107,MATH,500,1.0899375069118244,3.84769182194589
PHYS400_02108,PHYS,400,2.2912325020718107,1.701399760408726
CHEM400_02109,CHEM,400,4.63305099586108,2.1547163284744615
CS500_02110,CS,500,4.29185877462035,4.293902695558726
CHEM500_02111,CHEM,500,3.465679875702052,4.578324090254071
ENGL100_02112,ENGL,100,4.204537219119675,3.2855632172548246
ECON200_02113,ECON,200,1.8269484232965967,4.7606418144971965
PSYCH300_02114,PSYCH,300,2.8752501252306497,2.0216756776130325
STAT100_02115,STAT,100,2.7438774057689597,1.2211480696596575
ENGL400_02116,ENGL,400,4.435359284526582,1.8007491895610985
CHEM300_02117,CHEM,300,2.210746354116986,1.9150171071643558
PSYCH300_02118,PSYCH,300,1.6552461364492617,1.27619853358555
PHYS400_02119,PHYS,400,3.8452568218392607,4.6895301190351315
STAT300_02120,STAT,300,2.6580799574987726,4.620291887065708
PSYCH500_02121,PSYCH,500,3.1580431531289013,1.4618383649814923
ECON400_02122,ECON,400,2.499450642737696,4.316352947795837
BIO400_02123,BIO,400,2.655943630474618,1.470474803416471
BIO200_02124,BIO,200,2.328237357455793,3.8058781854199117
BIO500_02125,BIO,500,1.6071298424280012,2.6005787285813455
STAT400_02126,STAT,400,1.4252206767926587,4.2736024912436115
BIO400_02127,BIO,400,1.5921285939381948,2.7005518818680234
ECON500_02128,ECON,500,3.276075806420884,2.01356209059452
CS300_02129,CS,300,1.4210145879990503,3.710244016209898
PHYS500_02130,PHYS,500,4.7902496192710515,2.8477940153942054
PHYS100_02131,PHYS,100,1.3527550820154643,3.725511227797376
ENGR400_02132,ENGR,400,3.10303908021559,4.110751001938702
BIO200_02133,BIO,200,3.42807594891316,4.423414049987867
PSYCH500_02134,PSYCH,500,3.3608136121144465,1.4480192212181904
BIO400_02135,BIO,400,2.79003590950849,4.409180163891216
PSYCH400_02136,PSYCH,400,2.385267982874957,3.735072683094162
CHEM300_02137,CHEM,300,2.7210515912764253,1.5045300300799633
CHEM200_02138,CHEM,200,1.0686372467107526,3.569653932548225
CS100_02139,CS,100,4.822555979979349,3.942246965317905
ECON500_02140,ECON,500,2.4040223619029066,1.2436404154459932
ENGL300_02141,ENGL,300,3.8306031453064198,1.0048245152893691
ENGL100_02142,ENGL,100,1.5740091783613206,2.815504980156676
ECON400_02143,ECON,400,4.541249775387495,3.9740364135281228
PHYS200_02144,PHYS,200,1.4095143550427625,4.927777084443788
PSYCH400_02145,PSYCH,400,2.045426533309733,3.832518084608577
CHEM200_02146,CHEM,200,1.0390540309655378,4.3024798678699785
BIO500_02147,BIO,500,1.867181074474118,4.107430859662814
ENGR400_02148,ENGR,400,1.8364640048150638,4.143530212089766
ENGR500_02149,ENGR,500,2.438849949497612,1.8999262312604106
ECON500_02150,ECON,500,3.999643955160736,1.3098395985210765
STAT100_02151,STAT,100,2.3512378068929043,3.2266017429904674
CHEM300_02152,CHEM,300,1.8974599585262735,2.6854948917286245
CS500_02153,CS,500,2.53027782977447,4.851813880894806
STAT200_02154,STAT,200,2.517708589809269,2.5219239407237795
PSYCH300_02155,PSYCH,300,1.125080404856452,1.4759766116127389
ECON200_02156,ECON,200,4.800168963081282,1.1353881369378471
CS300_02157,CS,300,3.6310839240283435,2.857800949765231
ECON400_02158,ECON,400,1.2308320457969084,4.815256345339817
PHYS200_02159,PHYS,200,1.5784373490120038,3.163377788122349
CS100_02160,CS,100,2.7518512116247704,3.953885542690823
STAT100_02161,STAT,100,3.7843149145759183,4.426430337205531
PSYCH300_02162,PSYCH,300,1.9532606908058225,4.8892232192880805
ENGR200_02163,ENGR,200,2.907918886378924,1.5820884180200863
ECON400_02164,ECON,400,1.0777010419181154,1.2761723784422996
PHYS400_02165,PHYS,400,2.6005599980027703,3.9258150323164416
CHEM200_02166,CHEM,200,2.522904490745041,1.9540568700110978
ENGR200_02167,ENGR,200,1.7612499650236937,2.9347950802657587
ENGR400_02168,ENGR,400,1.9840116021477887,3.995258676120521
CHEM100_02169,CHEM,100,4.614953060090281,1.1980723311557608
ECON400_02170,ECON,400,2.7246595471477604,3.025216483455311
PHYS500_02171,PHYS,500,1.0870224372972022,1.6541127988191073
STAT400_02172,STAT,400,3.4845151628903728,1.077249166523718
CS200_02173,CS,200,2.3758656412896317,4.675529724693516
ENGL500_02174,ENGL,500,4.407929077183082,3.0188785408609617
ENGR500_02175,ENGR,500,4.9347857756145395,1.799001868467375
PSYCH500_02176,PSYCH,500,4.456268787013389,2.9263539946808828
ENGR500_02177,ENGR,500,1.1936390876023513,3.301544273191182
PSYCH200_02178,PSYCH,200,4.064097958402287,4.863057987491119
ENGL100_02179,ENGL,100,2.9523396961520563,3.7359513321341904
CHEM400_02180,CHEM,400,1.8386284407824145,4.098713881608989
STAT400_02181,STAT,400,1.4551987518643377,2.1965579656260656
CHEM500_02182,CHEM,500,2.0068220912606285,4.172518450587184
PSYCH500_02183,PSYCH,500,2.918987077239226,3.1510131181803964
ENGL200_02184,ENGL,200,2.64363221273905,1.1657026162437987
CS200_02185,CS,200,3.2441291346095102,1.9991724461401286
MATH100_02186,MATH,100,1.1519428665792466,3.9886012432172735
MATH500_02187,MATH,500,3.9190999202551096,4.177800906255778
ECON200_02188,ECON,200,1.6466794274019834,4.001296403313463
STAT300_02189,STAT,300,2.1831985146605355,2.9373667634153633
CHEM200_02190,CHEM,200,4.527470349896401,4.877130565475467
MATH500_02191,MATH,500,1.1304204493097152,2.8862255726259294
ENGR100_02192,ENGR,100,4.598026228494584,1.5846630954864014
ENGR300_02193,ENGR,300,1.2237750221510666,1.682327420261898
MATH300_02194,MATH,300,4.343448137643469,4.8806776344417395
BIO100_02195,BIO,100,2.357870902095276,1.8555421360902873
BIO200_02196,BIO,200,2.866579559320063,2.8965857069836307
BIO100_02197,BIO,100,3.580594846233247,2.908028970900838
ENGR500_02198,ENGR,500,2.949689646657579,2.2636198606521183
ECON200_02199,ECON,200,2.3713627025707242,1.5145417160942816
BIO500_02200,BIO,500,1.6413334018567256,4.767657448783245
PSYCH300_02201,PSYCH,300,4.88290395040536,4.3292514046883355
CS200_02202,CS,200,3.283119206111601,4.415839481967268
MATH300_02203,MATH,300,2.979396726949339,3.45122253083796
CS100_02204,CS,100,4.755183440148043,2.5156325633619634
CHEM500_02205,CHEM,500,2.6523654527967264,4.704075827780075
ECON500_02206,ECON,500,3.982096988253326,4.440444543154978
CS400_02207,CS,400,2.0586534431876036,4.5248114960271835
CHEM200_02208,CHEM,200,4.131756402614185,4.397239487843902
STAT300_02209,STAT,300,4.541086151297547,4.753715195211784
BIO400_02210,BIO,400,2.9290075569399363,2.941174861292186
PHYS400_02211,PHYS,400,3.4127735412670486,1.0707434418768669
STAT400_02212,STAT,400,4.741421180016361,3.878337217580928
MATH500_02213,MATH,500,2.649452397077598,4.4530706729025145
ECON300_02214,ECON,300,3.400408056602802,1.6081479653998656
BIO200_02215,BIO,200,1.5313847220956358,2.2239342760732272
ECON400_02216,ECON,400,1.7517717765420038,2.697740490593916
ECON400_02217,ECON,400,1.4728990355170444,2.5486154056002737
ENGL200_02218,ENGL,200,2.679658654770127,4.952332503438832
CHEM200_02219,CHEM,200,4.023988428899616,3.4725230708209938
CS100_02220,CS,100,1.4639616179203112,3.8417125652481947
PHYS200_02221,PHYS,200,1.9782236673915965,2.0207577619134867
ENGR200_02222,ENGR,200,4.479380098411873,4.6445366076557715
ENGL200_02223,ENGL,200,4.490257702318699,1.814607623885264
ECON500_02224,ECON,500,1.1517996305307534,2.9868017116178196
CHEM200_02225,CHEM,200,2.921795960465152,4.88185295997949
PHYS500_02226,PHYS,500,4.301606779100931,3.138383316686437
BIO400_02227,BIO,400,1.7434342401537855,2.1630589961977815
STAT500_02228,STAT,500,1.115571826404537,1.5501861616843997
PHYS500_02229,PHYS,500,2.1682638372189187,2.4503265200343156
STAT500_02230,STAT,500,4.732550527758336,1.904828766027992
ENGR400_02231,ENGR,400,1.3518414654019413,2.01446217448242
ENGL500_02232,ENGL,500,1.356553351839779,2.2807525487286453
BIO500_02233,BIO,500,1.937261566339605,3.121427017845596
MATH100_02234,MATH,100,4.156233550592463,3.69552162645544
ENGL100_02235,ENGL,100,1.5993745812855988,4.038584821076881
PHYS400_02236,PHYS,400,4.136789254001162,3.125055863988267
PHYS500_02237,PHYS,500,3.9444901736534406,3.464915882967962
BIO100_02238,BIO,100,2.3002818927200614,4.795037491181274
MATH200_02239,MATH,200,1.9552939913650986,4.965466293019299
CHEM400_02240,CHEM,400,2.5325094628985996,2.8135537248989326
ENGL300_02241,ENGL,300,2.891001125272328,2.6783552990939357
MATH400_02242,MATH,400,4.975463503458788,3.7703051375718837
ENGL300_02243,ENGL,300,4.36791008749069,2.411702423455466
CS200_02244,CS,200,1.6932951806278633,1.7730493995119123
MATH200_02245,MATH,200,1.6262351286674042,3.1447793066359226
PSYCH500_02246,PSYCH,500,3.426439851003392,3.316481745705901
CS500_02247,CS,500,4.388067450117186,3.7026679777491456
CS500_02248,CS,500,1.5905482588813626,4.842523408599051
ENGL300_02249,ENGL,300,1.0031414800850484,3.7523534550930577
CHEM200_02250,CHEM,200,4.340466333238956,4.635284298495389
CS200_02251,CS,200,3.778398791339109,2.5386874733404263
PHYS100_02252,PHYS,100,1.8447584661638246,3.45330221272978
BIO500_02253,BIO,500,1.3630101091574165,3.6366843644526528
BIO200_02254,BIO,200,1.0531634819002367,4.971322679227569
CS200_02255,CS,200,2.684842795792475,2.1400328518786114
PSYCH300_02256,PSYCH,300,1.167199083528501,1.868960046019669
CHEM400_02257,CHEM,400,2.981554402496646,3.960864432286953
ENGL300_02258,ENGL,300,3.7368716638993438,2.4607254795579596
MATH400_02259,MATH,400,4.455567958722569,2.9141572295158764
CHEM200_02260,CHEM,200,3.3531796469231865,1.3439637700515275
CHEM100_02261,CHEM,100,2.5828368374408006,3.3387126329780483
PSYCH200_02262,PSYCH,200,2.594367908097887,2.752689213609914
PHYS300_02263,PHYS,300,1.2671914669998272,4.869106131397676
PHYS300_02264,PHYS,300,3.0047832588858867,3.3422014922987913
ECON100_02265,ECON,100,3.5098741817869437,1.360914820836372
ENGL300_02266,ENGL,300,2.3296537122842964,4.623904702561128
ENGL400_02267,ENGL,400,4.812031153003192,2.7015170053320765
PHYS100_02268,PHYS,100,3.802634346320074,3.969303536355705
BIO500_02269,BIO,500,1.9853589386434334,2.811238957143048
CS400_02270,CS,400,1.5806886150874395,3.51465370580852
ENGR500_02271,ENGR,500,1.1149544420772424,4.479303088861774
CHEM100_02272,CHEM,100,3.3536159330080912,3.2873856759286886
CS300_02273,CS,300,1.8285456924973822,1.4448219358160639
MATH300_02274,MATH,300,1.2154096703609985,1.7742419185908962
ENGR500_02275,ENGR,500,1.89252558484191,1.1394978354303338
PSYCH500_02276,PSYCH,500,1.2767092678759049,3.7677249465376734
BIO500_02277,BIO,500,1.2582939633607197,3.3972814509566582
CS200_02278,CS,200,4.987909938387638,4.938706646643258
ENGL400_02279,ENGL,400,2.956478951691094,3.2869760670152584
STAT500_02280,STAT,500,2.373925760050884,3.368776950064385
CS500_02281,CS,500,2.5928143345442485,2.265330345556532
STAT100_02282,STAT,100,2.6774022006512466,3.36708445090104
CHEM500_02283,CHEM,500,2.142277839408101,3.3069567923621404
CHEM500_02284,CHEM,500,4.474317049708022,2.908575198386861
CS400_02285,CS,400,1.7605560605462856,4.298402389470847
MATH100_02286,MATH,100,3.052508768680161,3.3002630285696477
CHEM300_02287,CHEM,300,3.5924484754342916,3.3514068967646784
CHEM500_02288,CHEM,500,1.0754968704054941,1.685782530654342
CS100_02289,CS,100,4.780319015007121,3.512486107030617
BIO100_02290,BIO,100,1.2606609500821304,1.8923471212887093
CS100_02291,CS,100,1.5648860727048914,2.4379840865975098
STAT500_02292,STAT,500,1.2104486830119283,2.5998656120612305
ENGR300_02293,ENGR,300,1.5521413721493404,1.1874071740982495
CHEM400_02294,CHEM,400,1.4542721738743323,4.8360962830339576
PSYCH400_02295,PSYCH,400,4.228552285948352,2.5044301433530993
CS200_02296,CS,200,1.2844834140557841,1.4445316527847036
MATH400_02297,MATH,400,2.4482796736489987,2.0131477479491813
MATH500_02298,MATH,500,2.201594627048655,1.9889740291714326
ENGR500_02299,ENGR,500,2.897454436872293,4.313022738215388
PSYCH100_02300,PSYCH,100,4.102756606982172,2.0677706543165137
STAT500_02301,STAT,500,3.707474224270366,4.544309680438957
ENGR300_02302,ENGR,300,2.0379710816838164,3.4109780164523817
PSYCH400_02303,PSYCH,400,4.21717959579153,4.853714097453896
CS400_02304,CS,400,1.1870269968171572,3.770080783142335
PSYCH400_02305,PSYCH,400,1.2044374807683886,3.7263790224861015
ECON400_02306,ECON,400,3.1947094225175876,1.0310866808590369
STAT300_02307,STAT,300,1.5088646916453055,1.7558457484870846
PHYS500_02308,PHYS,500,2.9833628656076736,1.5805611666248378
PHYS200_02309,PHYS,200,2.781236398902704,1.2206756887942825
CS200_02310,CS,200,2.7858849534650187,2.6517370722823244
CS100_02311,CS,100,1.5502823248433293,1.2102367566460273
ECON200_02312,ECON,200,4.797790544001286,4.584223163137388
CHEM300_02313,CHEM,300,2.5873315758656616,2.6958639957908805
ENGR300_02314,ENGR,300,3.812716262279904,2.3018897311280195
CHEM200_02315,CHEM,200,3.7469432996022056,3.3981562500037956
CS400_02316,CS,400,4.0590952461760805,4.644323870106684
ECON300_02317,ECON,300,3.3827422739509063,2.491927575773508
MATH300_02318,MATH,300,2.2416949298286855,4.826122449774134
MATH300_02319,MATH,300,4.468162112173193,4.656547809264598
CHEM100_02320,CHEM,100,2.3210263039424266,4.431951474466458
MATH300_02321,MATH,300,1.7946115168301415,3.7881958673697325
ECON400_02322,ECON,400,2.9552053180282023,2.5374747822601598
STAT200_02323,STAT,200,2.4271250818590806,4.000109334174116
ECON300_02324,ECON,300,2.4650726167863404,3.4719277178329935
MATH400_02325,MATH,400,2.8252345398589296,1.542457195600686
CHEM500_02326,CHEM,500,4.603564185493315,1.1255253916207408
PSYCH400_02327,PSYCH,400,1.5617089194859686,1.1456240825952642
ECON500_02328,ECON,500,1.3361726119123016,2.1360504610058557
CHEM100_02329,CHEM,100,1.2647793976035566,3.7016613220971806
PHYS400_02330,PHYS,400,2.8231572978979473,3.198244992769817
CHEM400_02331,CHEM,400,3.0917056885829366,2.7552606741301524
CHEM100_02332,CHEM,100,1.4480279148260657,4.833126365372976
ENGR200_02333,ENGR,200,4.011473369864541,2.7299518684938575
PHYS100_02334,PHYS,100,2.980341469912069,4.164863512455813
ENGR200_02335,ENGR,200,1.8036127092994363,2.253963776394735
ECON400_02336,ECON,400,4.230857180454805,3.425932445815997
BIO300_02337,BIO,300,1.9087945486821423,1.1436555463256064
PHYS400_02338,PHYS,400,4.592996211009915,1.2682403828964466
CS200_02339,CS,200,1.179206271255529,2.8211737710893643
ENGL500_02340,ENGL,500,1.7877835073141561,3.848528868769203
CHEM400_02341,CHEM,400,2.1829923321192526,4.6569643252912805
STAT300_02342,STAT,300,2.8493394556740608,4.9592036847275285
CS100_02343,CS,100,3.12395393916138,1.3559736922424275
ENGR100_02344,ENGR,100,4.523305983419943,4.79555692379528
ENGL400_02345,ENGL,400,2.0576999979247,4.690358766813034
ENGL100_02346,ENGL,100,3.3070269806462234,2.7015360280323413
ECON500_02347,ECON,500,1.7884766134614778,2.195332531293576
BIO100_02348,BIO,100,3.9077571684333625,3.0564430431859595
ENGL100_02349,ENGL,100,4.742461901327083,3.64893596325687
CS100_02350,CS,100,4.906755116562723,1.1977022201892793
CHEM200_02351,CHEM,200,3.512187328092746,2.0662278893107247
CHEM200_02352,CHEM,200,3.3503220321189655,3.2791764730084285
PSYCH300_02353,PSYCH,300,3.8483300801889126,4.370561651328906
PSYCH200_02354,PSYCH,200,1.90604819701257,2.601439951528067
ENGR500_02355,ENGR,500,4.293567271415773,1.7119155771982548
PSYCH500_02356,PSYCH,500,3.988782651182735,2.5761430276438926
PSYCH300_02357,PSYCH,300,3.1046182055202696,3.155882258954013
PHYS300_02358,PHYS,300,1.4942978796560666,2.7140055694014986
CHEM300_02359,CHEM,300,2.513647933189255,3.963851701999151
PHYS400_02360,PHYS,400,3.980936111798536,1.598918692075082
PHYS500_02361,PHYS,500,2.7855944661867422,1.8879663490905374
STAT500_02362,STAT,500,3.7800060333241072,3.1595188662245732
STAT500_02363,STAT,500,4.698615603855669,2.7620376694601694
CS400_02364,CS,400,1.9713171236644311,3.066978823487668
ENGL400_02365,ENGL,400,4.649268140392383,4.914169381649666
BIO200_02366,BIO,200,3.5933696767518626,1.303954015257248
CS200_02367,CS,200,3.468567915196074,1.4937403762533976
MATH300_02368,MATH,300,4.130409443258026,2.8744631419876425
BIO100_02369,BIO,100,1.7119742986227355,2.2605915620788375
CHEM300_02370,CHEM,300,2.768445973318954,4.536488097038414
CHEM300_02371,CHEM,300,4.1468318663667345,3.621308025388224
BIO500_02372,BIO,500,3.9496909036470105,3.640494761808683
CHEM500_02373,CHEM,500,2.668125098604478,2.8547646263730546
CS500_02374,CS,500,1.5988915441355451,2.036298980201045
PHYS200_02375,PHYS,200,2.4634199074221095,4.885451318070444
ECON300_02376,ECON,300,3.5066647539302473,3.861211315272269
PSYCH100_02377,PSYCH,100,2.2653350048107606,3.5914360729314847
CHEM400_02378,CHEM,400,4.3252681761905,3.0041827553649214
MATH500_02379,MATH,500,3.8415957135398457,3.6961105252919455
ENGL400_02380,ENGL,400,1.1405619365667845,3.4341019576085863
PSYCH200_02381,PSYCH,200,4.745248385243665,2.8659784752136965
MATH500_02382,MATH,500,2.1516428879956044,4.50309519241067
STAT400_02383,STAT,400,1.0508932056010516,3.858632130190571
ENGL400_02384,ENGL,400,2.5192040419920123,4.876834533447663
PHYS500_02385,PHYS,500,2.3388970878122928,3.2193361957404236
ENGR500_02386,ENGR,500,3.6661497912362537,1.5166045018933123
MATH500_02387,MATH,500,3.883933646031861,3.283684054534804
PSYCH300_02388,PSYCH,300,1.5655365151226595,1.2993218190167841
BIO300_02389,BIO,300,3.152553628392266,3.126446326360136
BIO500_02390,BIO,500,2.5396315319412754,1.3845431537428468
PSYCH300_02391,PSYCH,300,2.702394844788034,1.628809593252507
ECON100_02392,ECON,100,3.2968386157989054,2.7592950416562165
ENGR300_02393,ENGR,300,2.422626626110454,2.0539266017009505
CS100_02394,CS,100,2.117048129631988,3.7451945488744656
ENGL200_02395,ENGL,200,2.3117886286432983,4.51770038403111
STAT500_02396,STAT,500,4.67932558549615,4.580023387383346
ENGR400_02397,ENGR,400,1.6766914005206965,1.3645479251515473
MATH100_02398,MATH,100,2.6378344365933857,2.1041019910963548
ECON200_02399,ECON,200,2.25293225628783,1.7558000131427076
CHEM100_02400,CHEM,100,1.8122304201451431,2.2721611943050823
MATH300_02401,MATH,300,4.0214175827929886,3.506276614697538
PSYCH200_02402,PSYCH,200,3.933563939222503,1.602326825978614
ECON400_02403,ECON,400,4.951725176505259,2.64682337926176
ENGL100_02404,ENGL,100,4.394784318373505,2.6819161224921126
CHEM500_02405,CHEM,500,1.30233524884585,3.5710628033939247
ENGR200_02406,ENGR,200,1.9626467972080528,1.6532302036873139
ENGR200_02407,ENGR,200,3.8584644129844854,3.2178833237218036
STAT500_02408,STAT,500,2.231448778044373,4.154326059556716
MATH500_02409,MATH,500,3.938849609174048,1.9882839443343299
PSYCH400_02410,PSYCH,400,3.713311575071314,4.792353485587366
CS100_02411,CS,100,3.999818120915408,2.6384958887620598
BIO300_02412,BIO,300,2.8257956614383564,4.430954471534443
ENGR400_02413,ENGR,400,2.673978055679489,1.1996429256399597
PHYS400_02414,PHYS,400,2.810146228808287,2.839163280955875
ECON400_02415,ECON,400,1.1210595726291315,1.8842233276998734
BIO400_02416,BIO,400,3.8913270956177093,1.610410082709158
ENGL300_02417,ENGL,300,2.7557905925409463,1.2032774679414828
ENGL200_02418,ENGL,200,2.29660612899508,2.1108392129326177
PSYCH200_02419,PSYCH,200,1.5495841867955105,3.8744012362678477
BIO500_02420,BIO,500,1.5332068806896881,3.9656881859915236
ENGL400_02421,ENGL,400,1.7761974995863663,4.320965531422121
ENGR100_02422,ENGR,100,2.4539256596281604,4.715702987915289
PSYCH100_02423,PSYCH,100,3.0119541534599694,2.7623199830083682
PSYCH400_02424,PSYCH,400,4.127247389639033,2.3144627668518956
ECON200_02425,ECON,200,4.7972116126146584,2.1843956783981144
PSYCH200_02426,PSYCH,200,2.987922969712935,3.550468507904108
MATH300_02427,MATH,300,1.34201247620092,2.7312531629064996
MATH400_02428,MATH,400,2.8315467744872227,4.05393464673843
ECON500_02429,ECON,500,1.9994053259959692,2.580604445795909
MATH200_02430,MATH,200,3.3168485673136545,1.8972172778123548
ECON200_02431,ECON,200,1.9122275051616255,1.6209666102071352
STAT500_02432,STAT,500,4.328843737807887,2.1522740231373123
ECON500_02433,ECON,500,4.313735271962612,2.1114003004533743
PSYCH200_02434,PSYCH,200,4.889173479876359,3.0616877005564613
STAT100_02435,STAT,100,1.8989179209776235,4.360007698403765
ENGR400_02436,ENGR,400,3.709015576901478,3.4196532660271006
PHYS400_02437,PHYS,400,1.0080845097740307,1.613074321123508
STAT500_02438,STAT,500,2.359829057744659,2.02176819660211
PHYS500_02439,PHYS,500,4.064653817942677,2.335590322894677
ENGR400_02440,ENGR,400,3.075808915732483,2.0301873183867483
MATH300_02441,MATH,300,1.7191988600388917,1.9617766743119343
PHYS300_02442,PHYS,300,1.2983816728933104,1.7982782330814961
MATH200_02443,MATH,200,1.2189902494180576,3.2933636009537963
CS100_02444,CS,100,3.189173785578306,1.514302164977924
PSYCH100_02445,PSYCH,100,3.1887080189294883,4.609528249779046
ECON200_02446,ECON,200,1.1199025193925398,4.924129594201259
ENGR200_02447,ENGR,200,4.8681287559840225,4.917645178967995
BIO500_02448,BIO,500,2.4991042588999663,1.9211236585259854
PHYS500_02449,PHYS,500,3.1172487405628573,1.867280351194224
CHEM500_02450,CHEM,500,1.2239154223254496,4.8849573427695985
CS300_02451,CS,300,1.69775601772636,3.81483418560217
CHEM100_02452,CHEM,100,1.7091474564847693,1.0796427300521705
PSYCH100_02453,PSYCH,100,2.3960922248907317,2.4196563987380304
ENGL500_02454,ENGL,500,4.603246562682555,1.6286434964993828
PSYCH300_02455,PSYCH,300,1.1036412599860368,2.925214422076518
STAT200_02456,STAT,200,3.482158928911539,1.2258620369105993
PSYCH500_02457,PSYCH,500,1.1654271303010377,3.5997680532014855
ECON400_02458,ECON,400,3.277505461580314,2.2025474077705796
ENGL300_02459,ENGL,300,2.9887640622016387,1.6363332326067601
ENGL500_02460,ENGL,500,4.36030208955493,4.4061381894150955
ENGL500_02461,ENGL,500,2.239443732364256,2.3377182137606205
MATH400_02462,MATH,400,2.3339874667176432,2.30342724077199
ECON500_02463,ECON,500,1.4928303637941873,2.5368612673958246
CHEM500_02464,CHEM,500,3.49048986927477,2.5324821527581607
BIO100_02465,BIO,100,4.6904504367702415,4.352284113903169
ENGL300_02466,ENGL,300,2.7597973996520664,3.127170812538944
PHYS100_02467,PHYS,100,2.059772148292664,3.04747143560837
STAT500_02468,STAT,500,3.6668349681221963,2.374127375232719
PHYS200_02469,PHYS,200,1.714328943153312,3.957675608855293
ECON400_02470,ECON,400,2.3268876363342423,2.9778293420989073
ENGL400_02471,ENGL,400,4.738941445221629,2.6921606815487604
BIO300_02472,BIO,300,1.9741243079022488,4.502677028223619
CS500_02473,CS,500,4.645880864956861,3.970381616167665
PHYS300_02474,PHYS,300,1.7861827933117822,2.957382127699016
BIO400_02475,BIO,400,2.4930653343546645,1.3457278549857095
STAT500_02476,STAT,500,2.362651053479719,1.0040815234127511
ENGR100_02477,ENGR,100,2.975235239148712,3.2661273281342567
CS400_02478,CS,400,3.0771664815341584,1.5500300813639623
CHEM100_02479,CHEM,100,2.385735581101717,4.337362009836714
ENGL300_02480,ENGL,300,4.3129332217999465,2.176133628210841
BIO200_02481,BIO,200,1.472562629045591,1.0741261093368815
CHEM200_02482,CHEM,200,4.105957623869438,1.518522505548055
ECON400_02483,ECON,400,3.9615359044936094,2.257313586294786
ENGL200_02484,ENGL,200,4.8359547114413175,2.1989792255049614
CHEM200_02485,CHEM,200,1.1454320399581253,4.509740244076035
PHYS200_02486,PHYS,200,1.131993033036982,3.856300911824707
PHYS400_02487,PHYS,400,4.907420220046517,1.6915508690243333
PSYCH500_02488,PSYCH,500,3.864883166341472,2.033628045546052
CHEM300_02489,CHEM,300,3.7987462299580086,2.0504087854247133
ENGR500_02490,ENGR,500,2.717836904535068,3.3355232733833082
BIO400_02491,BIO,400,2.201096625569748,4.916704321465906
PHYS400_02492,PHYS,400,1.3096416555970825,4.999094583476749
CS200_02493,CS,200,1.9099191379825182,3.773440873405941
BIO400_02494,BIO,400,1.0317500864588571,1.262791999283035
MATH500_02495,MATH,500,3.9894212467226637,1.934523725624174
MATH300_02496,MATH,300,4.228285276219436,3.247508585334871
ENGL300_02497,ENGL,300,2.300516826157059,1.863724304526281
CHEM300_02498,CHEM,300,2.321358301438181,3.7901511378423836
MATH400_02499,MATH,400,1.9930342841600188,4.014642627203573
PHYS100_02500,PHYS,100,4.74437039964714,4.131029714881801
PSYCH500_02501,PSYCH,500,1.5993299743753182,4.5243127624517525
PSYCH400_02502,PSYCH,400,1.1862563873668406,2.663981405395609
ENGL500_02503,ENGL,500,1.86292376675007,4.217378175992847
MATH500_02504,MATH,500,4.457993752672795,3.9753163448053677
CHEM100_02505,CHEM,100,4.731899388676755,2.8755986942413134
MATH100_02506,MATH,100,1.8155165556086765,1.0251987842400179
MATH500_02507,MATH,500,4.557188794906999,4.651886322839543
MATH100_02508,MATH,100,3.288155608437404,1.6581070350324567
CHEM100_02509,CHEM,100,3.6425698521702987,4.112777308797504
ENGL300_02510,ENGL,300,3.5269667325605027,4.40593221975147
ECON400_02511,ECON,400,2.3229652427238645,1.0870094986761822
STAT400_02512,STAT,400,4.100934035069537,2.096626127960264
BIO400_02513,BIO,400,4.968552582758322,3.2207645427001084
CS300_02514,CS,300,2.649697640506789,1.8944322769543516
PHYS400_02515,PHYS,400,2.5863882265183697,4.978891443768136
STAT400_02516,STAT,400,2.108690644318111,4.7885136874507825
CS200_02517,CS,200,2.104283453947218,4.819450478570282
MATH400_02518,MATH,400,1.2917621136449604,3.556677288714103
CHEM300_02519,CHEM,300,1.9101178159095684,1.4000722003654138
PSYCH200_02520,PSYCH,200,1.6218507341392967,4.171776153095777
BIO500_02521,BIO,500,4.499607147069898,4.1662404681453795
ENGR400_02522,ENGR,400,2.6527166135001385,2.6015359148270396
CS100_02523,CS,100,3.99695345659752,1.5730798052846202
ENGL400_02524,ENGL,400,3.6753703550154775,3.366078963265869
CHEM400_02525,CHEM,400,3.869331645206516,1.5976455486149774
CHEM300_02526,CHEM,300,2.553387020398186,1.030841171763421
MATH300_02527,MATH,300,1.0896728993650053,3.455109065407537
BIO200_02528,BIO,200,3.2688934178427576,4.527282451656263
PSYCH200_02529,PSYCH,200,1.3430447033015014,2.9487456446928064
PHYS400_02530,PHYS,400,4.155244696809693,1.0183286672020797
PSYCH500_02531,PSYCH,500,3.210648921714524,2.2332271677706217
MATH400_02532,MATH,400,4.195859480416338,2.424162295256325
BIO300_02533,BIO,300,3.6797950542250515,4.361238195896794
MATH200_02534,MATH,200,1.680235231140153,3.467375409432455
ENGR100_02535,ENGR,100,2.908215186626285,4.273916672975542
PHYS500_02536,PHYS,500,1.012062993836866,1.465817900307362
BIO200_02537,BIO,200,3.6794501038934593,4.602310224334241
ENGR200_02538,ENGR,200,4.603540755405712,1.3765996705706045
ENGR100_02539,ENGR,100,1.9280304166369198,2.660867400960454
PHYS400_02540,PHYS,400,3.405603845484224,2.2942029291840633
STAT100_02541,STAT,100,4.719140708339097,4.292497358174177
ECON300_02542,ECON,300,2.1715486525953915,3.303190496771571
ENGL100_02543,ENGL,100,2.5470730200412346,1.1012012012760075
BIO200_02544,BIO,200,1.655080549625807,2.3420024099750285
CS100_02545,CS,100,1.7798629683016616,1.531894675223914
STAT500_02546,STAT,500,4.3537577041297855,3.953219736799555
CHEM500_02547,CHEM,500,4.436929676421574,4.843694157162689
MATH300_02548,MATH,300,1.8800841130408004,2.2878997503573175
CS500_02549,CS,500,2.5345936041258295,4.650988801961127
ENGR300_02550,ENGR,300,4.6286992538091525,3.901992896116363
MATH500_02551,MATH,500,2.640337428194157,1.148304140915943
ENGL400_02552,ENGL,400,3.625390370978029,2.1615133175500425
ENGL200_02553,ENGL,200,2.9343778194836103,2.8187088382766494
STAT500_02554,STAT,500,4.664742049966977,4.014633742899478
MATH100_02555,MATH,100,4.627452674107827,4.761476291969617
ENGL200_02556,ENGL,200,2.7402047405608387,3.0131449149643483
CHEM100_02557,CHEM,100,2.473718130462811,4.115409393340776
MATH200_02558,MATH,200,1.8700000210743042,4.518447388578597
ENGR100_02559,ENGR,100,4.344789298839826,2.4611107304934476
ENGR200_02560,ENGR,200,1.9265931727345045,3.5952228730448046
BIO100_02561,BIO,100,1.5903834416689553,3.9077671542398162
PHYS300_02562,PHYS,300,4.0063738168483205,3.8161542525470566
ECON300_02563,ECON,300,4.106650987789291,3.0069367605541606
CHEM400_02564,CHEM,400,2.8798814720445196,4.748643443856187
PHYS500_02565,PHYS,500,1.046921860418859,1.1614541926960187
CS400_02566,CS,400,1.3082618283556213,3.928891356593475
BIO200_02567,BIO,200,2.591684564421584,1.0150790533832215
CHEM500_02568,CHEM,500,1.5118027670533265,3.05632409227251
PSYCH500_02569,PSYCH,500,3.4717306414761673,1.1692187259998206
ENGR400_02570,ENGR,400,2.987118383176947,1.9093801823700214
MATH500_02571,MATH,500,1.0605163607874752,2.864588190207549
ENGL400_02572,ENGL,400,2.9948653241623524,4.426034025936434
ENGL400_02573,ENGL,400,1.6342452945552677,1.2032153124951277
PHYS100_02574,PHYS,100,2.151169493114791,2.338935601383503
CS200_02575,CS,200,4.152566307520362,2.1572620902207427
ENGL400_02576,ENGL,400,2.9573100279072544,2.186222654671903
ENGR100_02577,ENGR,100,3.3434452827591383,2.1506006435363334
MATH300_02578,MATH,300,3.1071350451030164,2.9024565765458243
STAT200_02579,STAT,200,1.7249337244062444,2.451714843012442
PSYCH200_02580,PSYCH,200,3.7492644676379565,4.658996640103448
PSYCH400_02581,PSYCH,400,1.4058613580877628,3.213927707221983
MATH400_02582,MATH,400,1.2393539144513732,1.9230888802696002
ENGR100_02583,ENGR,100,4.588724578141422,3.67297743855424
ENGR100_02584,ENGR,100,2.4957367364941505,3.7142135679178767
STAT500_02585,STAT,500,1.4892527928812402,3.105362508702324
PSYCH400_02586,PSYCH,400,1.156128378257105,1.8182773368955507
BIO300_02587,BIO,300,1.260603231467476,2.7908921670376214
CHEM400_02588,CHEM,400,4.989561399339007,3.7591593989178516
PHYS200_02589,PHYS,200,2.0137219607280428,4.288193375640297
ENGL400_02590,ENGL,400,1.7374574719330664,1.5209743727337126
CHEM100_02591,CHEM,100,3.7985574128595343,4.0142330915564965
BIO100_02592,BIO,100,4.23688807462659,1.8104654004268812
PSYCH500_02593,PSYCH,500,3.8962687464950783,4.9483169452788225
CS100_02594,CS,100,4.712535653064503,1.681319324921807
ECON100_02595,ECON,100,1.7113671317947006,2.717844509073438
PHYS100_02596,PHYS,100,3.870343911494789,1.3691566189582391
CHEM400_02597,CHEM,400,3.7123777686243025,3.006098883346622
PSYCH100_02598,PSYCH,100,1.5412657570382926,4.118606631839683
STAT500_02599,STAT,500,3.0141265257693384,3.1173951532489625
ECON300_02600,ECON,300,1.6038323072849465,3.3491846725987053
CS300_02601,CS,300,3.196746265669663,3.9689591979415537
MATH200_02602,MATH,200,3.120037581758116,1.308312886926359
MATH100_02603,MATH,100,1.783912974536352,2.176005575705708
CHEM100_02604,CHEM,100,3.5313948679962155,4.651031178809335
ENGR300_02605,ENGR,300,1.1507992805118317,4.228092598728786
CS500_02606,CS,500,1.1756075115909241,4.205743325471503
BIO100_02607,BIO,100,4.664137369564093,2.053701496211749
PHYS100_02608,PHYS,100,1.7843169347812498,3.896222546074925
PSYCH200_02609,PSYCH,200,3.3967314706292564,1.2557985122954332
ENGL500_02610,ENGL,500,3.879502704314577,2.238849348452621
ENGR300_02611,ENGR,300,3.7919750059552224,2.707131746326685
BIO100_02612,BIO,100,1.492719851325497,2.479870166649903
MATH300_02613,MATH,300,4.726588402084799,2.910805376851567
CHEM500_02614,CHEM,500,4.763364297033037,3.7893060662257394
MATH400_02615,MATH,400,2.1367313467309272,3.938855227373845
CHEM100_02616,CHEM,100,3.974164121505679,2.2295472753562615
BIO100_02617,BIO,100,3.5625249565541477,1.6987126102621972
CS400_02618,CS,400,1.7006559632920517,2.9808911382682046
ENGR500_02619,ENGR,500,2.258011882454048,1.590302029051208
STAT400_02620,STAT,400,2.0635152641614054,4.378883556864588
CHEM300_02621,CHEM,300,3.8854290148379067,3.3866681555009643
PSYCH200_02622,PSYCH,200,4.310995153693105,2.6516038402438697
BIO400_02623,BIO,400,4.022936677423132,4.1464209510428605
CHEM300_02624,CHEM,300,4.669410987934704,4.858439080430342
BIO200_02625,BIO,200,1.0002963360302797,3.369278663288152
CHEM300_02626,CHEM,300,3.738402258812945,1.674939313757088
PSYCH500_02627,PSYCH,500,1.4884018630720193,2.4507223389571187
STAT100_02628,STAT,100,4.046708376146997,4.219827035227988
PHYS500_02629,PHYS,500,4.593766828813276,4.960160795235529
PHYS100_02630,PHYS,100,1.8413339104055364,4.138367932184149
CHEM400_02631,CHEM,400,2.057240424010481,4.239873241649247
CHEM400_02632,CHEM,400,2.2996176944761224,2.0822848765263946
CS100_02633,CS,100,3.0704757079629905,4.93178968286801
CHEM100_02634,CHEM,100,2.8560241136973508,1.4203090660975963
STAT500_02635,STAT,500,3.8382255831492595,1.910396431876571
CS400_02636,CS,400,1.0164461147212682,4.928397566432077
ECON100_02637,ECON,100,3.9644127070620994,4.156614316320482
STAT100_02638,STAT,100,2.0647733299660667,2.3586283882110344
CS300_02639,CS,300,2.9923849423736875,2.43320332077239
CHEM200_02640,CHEM,200,2.465947265564259,1.8814585758998024
BIO100_02641,BIO,100,3.0811348823351943,1.083951147201227
PSYCH200_02642,PSYCH,200,2.2359822684967803,4.308044630991626
ENGR400_02643,ENGR,400,4.793399317970376,1.3052551965427832
ENGR100_02644,ENGR,100,2.848091787391623,3.3723755226127645
ENGL200_02645,ENGL,200,2.0501746914465344,4.813099710158229
BIO100_02646,BIO,100,4.4014985521666254,4.799896179433183
ENGR500_02647,ENGR,500,3.173735360590772,4.063143033220159
ENGR100_02648,ENGR,100,4.022634446248119,2.076819456592722
ENGL500_02649,ENGL,500,2.7011941719054557,3.4110182364914063
CS100_02650,CS,100,3.274824846006742,4.318229634146988
MATH400_02651,MATH,400,3.1687714909291866,1.0319546286748071
ECON200_02652,ECON,200,3.6472541476827445,4.5271476226599345
ENGR300_02653,ENGR,300,4.4869266929418,1.9885337080877137
STAT400_02654,STAT,400,2.667649758056734,2.9104318000974536
CS500_02655,CS,500,3.6497914734182832,2.7077961382762994
ECON100_02656,ECON,100,3.7134949052494894,4.727247768486315
STAT200_02657,STAT,200,3.128794251860448,3.961585285807453
MATH200_02658,MATH,200,4.093451049251316,1.043298410703866
PHYS100_02659,PHYS,100,3.248594602074659,2.0258939820437614
STAT400_02660,STAT,400,3.863359293307296,2.3759288161061267
MATH300_02661,MATH,300,3.651344310898837,4.427770639623876
MATH100_02662,MATH,100,4.320129380866552,3.899218986389596
STAT500_02663,STAT,500,1.859078540124775,4.752392242302021
CHEM300_02664,CHEM,300,1.0338289113399424,4.262694562172161
CS400_02665,CS,400,1.0296902800173733,3.919844323657309
ECON100_02666,ECON,100,3.2377529750643523,3.8334939831603023
ENGR500_02667,ENGR,500,3.421531691273913,1.968770952608716
BIO500_02668,BIO,500,3.1037393906192836,3.7390743354544185
PSYCH300_02669,PSYCH,300,2.0865275132001555,4.904069490178129
BIO500_02670,BIO,500,4.165927902032257,2.273633391975773
BIO200_02671,BIO,200,1.8462758651477564,1.6509871269590408
PHYS200_02672,PHYS,200,4.618370351990976,3.9629140201451794
PSYCH400_02673,PSYCH,400,1.0885996799922935,4.3971166725235085
PSYCH200_02674,PSYCH,200,4.669002791087677,2.626084595978502
BIO200_02675,BIO,200,2.605901237754401,4.5761799107150125
ENGR500_02676,ENGR,500,2.276524913246352,2.278036113106689
CS100_02677,CS,100,4.055040957338201,4.963191529258051
ENGR300_02678,ENGR,300,1.2600129942185272,1.4476951430384886
ENGL400_02679,ENGL,400,2.0063395596443163,1.5146587046794817
ENGL200_02680,ENGL,200,2.942987505635436,4.112720300061202
BIO200_02681,BIO,200,4.193586798328974,4.493358225535061
CS500_02682,CS,500,1.9835163546902952,4.722937968374677
PHYS300_02683,PHYS,300,1.912061380666834,2.981912315467369
ENGR200_02684,ENGR,200,3.8659629367060386,3.6647886058389805
STAT500_02685,STAT,500,3.443006222083247,3.881649615648463
STAT400_02686,STAT,400,3.688619939083221,3.544205043431438
ECON300_02687,ECON,300,1.0853917437877736,1.3468562634425623
PSYCH400_02688,PSYCH,400,1.1705786880241567,3.551528657602278
MATH300_02689,MATH,300,3.1196912284583456,1.8747387328848935
CHEM300_02690,CHEM,300,4.2976379722523195,1.5718767437576577
CHEM500_02691,CHEM,500,1.9366827109100369,2.962655088337589
ECON400_02692,ECON,400,3.8627035131069047,4.856123377358392
CS500_02693,CS,500,3.055240766095234,2.738067885129929
PSYCH300_02694,PSYCH,300,2.0167569463014443,1.514574180812048
CS200_02695,CS,200,1.98758656548253,2.7627901135324784
CHEM400_02696,CHEM,400,4.041382098393868,2.3648038636831012
PSYCH300_02697,PSYCH,300,3.214736114426945,2.741615617013138
CS300_02698,CS,300,1.494844928411216,3.0294511329865452
PSYCH200_02699,PSYCH,200,4.094289257619203,3.824852172217659
MATH200_02700,MATH,200,2.7506468249250142,4.387246057294058
ECON200_02701,ECON,200,2.179636807036784,3.9342108829727778
ENGR500_02702,ENGR,500,2.0739305809758797,1.5425076823450192
PSYCH300_02703,PSYCH,300,2.1211162520330102,1.311106086296061
PSYCH400_02704,PSYCH,400,3.4605271772054897,1.9838917944807553
PHYS500_02705,PHYS,500,3.455934945486959,3.012894358231656
BIO300_02706,BIO,300,3.2602824238551507,4.197065825487385
CHEM100_02707,CHEM,100,4.916040156901085,3.8220923151046065
PSYCH500_02708,PSYCH,500,1.9496273424875703,3.1750577853329216
STAT200_02709,STAT,200,4.179424862934308,3.3133482314256706
ENGL400_02710,ENGL,400,2.5076645352853397,1.5728205782843685
ECON200_02711,ECON,200,3.2776579678195112,4.737665952253199
CHEM300_02712,CHEM,300,3.4118765761230057,1.6847933851593053
STAT400_02713,STAT,400,1.4291856957836915,1.5464848549386865
ECON400_02714,ECON,400,2.4011646435821454,1.2876120224290255
BIO400_02715,BIO,400,3.823092341751464,4.2034869642780475
PSYCH300_02716,PSYCH,300,4.603699346690169,1.6438332993453804
STAT200_02717,STAT,200,1.1315167938394337,1.9270581515015568
CHEM400_02718,CHEM,400,1.2538052963166222,1.466066847166796
ECON400_02719,ECON,400,4.066678652861025,4.837106304105022
ENGL400_02720,ENGL,400,3.9937809106726383,1.7958891651309155
PSYCH300_02721,PSYCH,300,4.992255601902438,3.8140788625576874
STAT200_02722,STAT,200,4.478924210609716,4.8252149203516685
STAT500_02723,STAT,500,4.988815608224552,1.3821650243433599
ENGR500_02724,ENGR,500,3.4615348071279572,1.7623921639268554
PHYS400_02725,PHYS,400,1.9747825675135822,3.029065099985445
MATH500_02726,MATH,500,1.0969992373160933,2.098489042013787
BIO100_02727,BIO,100,1.3252145882679898,1.688863039041041
CS500_02728,CS,500,1.6494347440586967,1.6435952917271308
CHEM300_02729,CHEM,300,1.1226577205803916,4.73722008452158
PSYCH300_02730,PSYCH,300,4.092072279800323,2.5189191352394977
ENGR100_02731,ENGR,100,2.1335083157238937,4.816208520283878
ECON400_02732,ECON,400,2.675210442346351,1.0605389153626814
PHYS200_02733,PHYS,200,2.5200740049924275,3.610377936296836
STAT400_02734,STAT,400,3.238379539308036,4.079747139091381
CS300_02735,CS,300,4.474641508801037,3.7958606805517054
ENGL200_02736,ENGL,200,4.014353060357109,2.1892855874920776
ECON100_02737,ECON,100,2.8846096748051036,1.0549908778167314
ECON100_02738,ECON,100,1.00915675215425,2.6695053554767867
MATH500_02739,MATH,500,1.379784624972367,1.5698976720964097
PHYS500_02740,PHYS,500,4.563321963953635,1.779296182199654
ENGR300_02741,ENGR,300,1.2355452455339182,2.7645373651937173
ENGR400_02742,ENGR,400,3.798655551386436,4.625626024981681
ECON400_02743,ECON,400,1.459141350569232,3.203647175717711
CS300_02744,CS,300,1.4253699294234066,3.664451833685389
PHYS100_02745,PHYS,100,3.6721426371283212,4.423214977139114
CS500_02746,CS,500,2.3710762963118084,4.504453109752307
CS300_02747,CS,300,1.7724981015639045,4.03039246225198
ENGL300_02748,ENGL,300,2.3205749112986984,2.181426364434897
STAT400_02749,STAT,400,1.4692541820641445,3.21301717707199
ENGR300_02750,ENGR,300,3.6390360794967296,4.523815274380809
STAT500_02751,STAT,500,4.549006918032556,4.013150403268735
PSYCH200_02752,PSYCH,200,3.6330134715474136,1.3887898953449733
CHEM500_02753,CHEM,500,4.470953627607001,1.3215343417238428
CHEM200_02754,CHEM,200,1.1351669217797378,3.098484118502708
CS200_02755,CS,200,3.8785674315307417,3.1027156471577357
ENGL400_02756,ENGL,400,4.317970511542118,4.45681322873284
CHEM500_02757,CHEM,500,1.5851500337575777,4.062657264046022
ECON500_02758,ECON,500,2.4263465925765755,1.0119412519557018
PSYCH300_02759,PSYCH,300,4.366485657201727,1.2871991522837423
ECON200_02760,ECON,200,2.2594576813239007,2.913381030201962
CS400_02761,CS,400,4.916371982971217,3.3520646311971607
PSYCH500_02762,PSYCH,500,3.157403801618539,2.0568369612504895
PHYS500_02763,PHYS,500,4.120540778783912,2.3910118355345182
MATH100_02764,MATH,100,2.7631262160413863,1.5645927937868627
ENGR100_02765,ENGR,100,4.545224558815272,4.4766528833873656
PHYS400_02766,PHYS,400,1.504017849240899,3.340344348512233
ECON400_02767,ECON,400,2.260545543123336,4.325761865317167
ENGR400_02768,ENGR,400,2.085268118391038,3.145986806425047
ENGR300_02769,ENGR,300,4.052254744110494,3.0345240709224774
BIO500_02770,BIO,500,1.8024159189455844,4.697284003941958
PHYS500_02771,PHYS,500,4.206441278819973,2.003595294900502
PHYS300_02772,PHYS,300,1.6663940033398705,1.9819267943106054
BIO200_02773,BIO,200,2.5037132897599683,3.0478361321050658
STAT100_02774,STAT,100,4.474715888697121,2.8700788662710432
MATH400_02775,MATH,400,1.740406155223262,1.6957840435361757
ENGL100_02776,ENGL,100,2.5030409131827054,3.3094108519308167
CHEM100_02777,CHEM,100,2.2220190772735333,3.191777975078994
CS300_02778,CS,300,4.500613811943797,1.435143246780938
CHEM500_02779,CHEM,500,1.6615784543533856,2.813293064070378
ENGR300_02780,ENGR,300,2.907405533025214,1.0668042017382926
CHEM500_02781,CHEM,500,3.8735690146496045,3.0904169066306313
STAT100_02782,STAT,100,1.9988281334572542,3.0955644229401664
ENGL200_02783,ENGL,200,3.030001962002288,2.784814294200456
ECON200_02784,ECON,200,1.252224616481219,2.1722193087512447
CS400_02785,CS,400,4.758099559780744,3.300831702067689
CS400_02786,CS,400,3.812303140044118,2.665572602372278
ENGR100_02787,ENGR,100,4.004060555105899,4.762654157326555
CHEM200_02788,CHEM,200,2.274255287548669,1.7971639118958231
ENGL400_02789,ENGL,400,2.3167588603727927,4.7302859343240655
BIO400_02790,BIO,400,3.9600687757324966,3.997958059824832
ECON300_02791,ECON,300,4.998941422395548,2.930977245599759
ENGL500_02792,ENGL,500,4.325425974512525,4.052727915056716
ECON200_02793,ECON,200,2.5185859413429803,1.6414325151998344
STAT300_02794,STAT,300,1.185670247241763,4.359992609879912
ENGR200_02795,ENGR,200,3.8782988808704455,4.440966908759995
ECON100_02796,ECON,100,1.722413102087105,1.2613737505357618
BIO400_02797,BIO,400,4.109483895758505,1.8864164433090127
MATH500_02798,MATH,500,2.772689669286116,2.8762389613893165
PHYS300_02799,PHYS,300,1.9446607410376315,1.903441843640695
MATH400_02800,MATH,400,1.1248607863669458,3.1021303617935456
ENGR200_02801,ENGR,200,1.9678099917486138,4.303948363357963
STAT200_02802,STAT,200,2.4458911232256595,1.3001487806766612
MATH500_02803,MATH,500,1.0745829722498539,2.069142616845911
BIO500_02804,BIO,500,3.4801150961362204,1.7890571418354133
CHEM300_02805,CHEM,300,4.076084929217981,1.8971083809571772
CHEM100_02806,CHEM,100,1.6418885600800448,3.265099509418206
BIO200_02807,BIO,200,1.0343131250470439,4.207229602112567
ECON500_02808,ECON,500,1.2139291903749236,3.172577167605599
PHYS100_02809,PHYS,100,1.282611443540568,1.4735060054016786
CS200_02810,CS,200,3.359588541050447,3.7997393317726993
ECON100_02811,ECON,100,4.028601778080892,3.8695343824391433
BIO300_02812,BIO,300,1.340181516532549,3.1011101811205326
ENGL100_02813,ENGL,100,3.886475263002648,3.7200658463030427
CHEM500_02814,CHEM,500,4.462061882354888,4.532927458758573
CHEM200_02815,CHEM,200,4.522956118632914,3.9797765313784828
BIO100_02816,BIO,100,2.504319112848411,2.1594999099790106
ECON200_02817,ECON,200,1.5963250014825867,4.963508434731056
CS100_02818,CS,100,3.177076777442681,1.6354473903236442
BIO500_02819,BIO,500,1.9161832826518124,1.9930263336428329
CHEM200_02820,CHEM,200,2.884674630262253,4.054909262989798
MATH100_02821,MATH,100,2.4312034269840286,4.732014705404236
ECON300_02822,ECON,300,4.188320662194385,4.601307696011803
ECON100_02823,ECON,100,3.3357863258798592,1.5563265033518165
CHEM400_02824,CHEM,400,2.684340491990577,2.4389548202403724
PHYS200_02825,PHYS,200,1.8329559173744632,2.4993417459151233
PSYCH300_02826,PSYCH,300,2.1754922768065073,2.32459713186858
PSYCH200_02827,PSYCH,200,2.3648331838616263,1.5787488349758076
STAT200_02828,STAT,200,4.6846474505558096,1.4962959202523147
STAT100_02829,STAT,100,3.272624556925796,1.2580518027639847
CHEM400_02830,CHEM,400,1.9590613517713575,2.9540006341582314
BIO500_02831,BIO,500,4.647993224742718,4.840215242635059
PHYS500_02832,PHYS,500,4.52131390499604,3.8092236975760647
STAT300_02833,STAT,300,2.306039049613477,3.5297023404286976
ECON100_02834,ECON,100,4.7050350603888695,3.930357899166742
BIO400_02835,BIO,400,4.721962248246299,1.077220533593891
PSYCH400_02836,PSYCH,400,1.7106724350503582,4.387161630595269
CS200_02837,CS,200,3.1190984408523117,3.8186359306259097
STAT100_02838,STAT,100,2.528431911031368,3.9444641166271524
CS200_02839,CS,200,2.926490970913682,2.235441136059749
PHYS300_02840,PHYS,300,4.135458485226197,1.9236469053618728
CS100_02841,CS,100,4.00735586606649,4.217874559704056
CS300_02842,CS,300,1.633212473819745,4.001142722397626
CS400_02843,CS,400,1.5782976256082901,4.3855154868062085
BIO400_02844,BIO,400,4.194515830011641,4.2380650877875174
ENGR100_02845,ENGR,100,1.6630380489806282,3.0778557271890348
BIO300_02846,BIO,300,1.0182815643061192,4.799504665923045
MATH300_02847,MATH,300,4.360079593797172,3.5638132026765788
ECON400_02848,ECON,400,3.926125779060822,3.8680442790201246
ECON100_02849,ECON,100,1.6339366390060026,2.5639506395590517
MATH400_02850,MATH,400,4.085895808949184,2.7010601109780064
CHEM400_02851,CHEM,400,1.6615440043295142,4.721555088392734
PSYCH500_02852,PSYCH,500,1.9393125472373964,3.0460508942046203
PHYS400_02853,PHYS,400,4.792911032248479,1.9145441256982934
CHEM200_02854,CHEM,200,4.031360825317554,1.4881789893163648
CHEM100_02855,CHEM,100,3.5167513733673115,4.804708973953254
ENGL400_02856,ENGL,400,1.6369360981783165,2.4035806225729366
BIO500_02857,BIO,500,4.974171802610448,4.974496709367919
CHEM300_02858,CHEM,300,1.29848400575752,2.055480704296772
PSYCH200_02859,PSYCH,200,2.190864063604898,2.7490870054250323
ENGL400_02860,ENGL,400,2.4265329719124873,2.8935064823341583
MATH500_02861,MATH,500,1.836133103673765,2.2634698498721297
CHEM400_02862,CHEM,400,1.582848866322855,2.9643332188741662
ENGR200_02863,ENGR,200,2.9626370858658073,2.4366939222586397
ENGR200_02864,ENGR,200,2.4664038817771314,3.9335003650760965
CHEM100_02865,CHEM,100,1.0338506841588213,3.172403462929597
ENGL500_02866,ENGL,500,3.1304992272434626,1.5979599957351778
STAT500_02867,STAT,500,3.690880756235714,4.66571165147284
STAT100_02868,STAT,100,4.396815379664353,1.845794646165349
ENGR100_02869,ENGR,100,3.8801459858833423,1.1076519310858481
CHEM300_02870,CHEM,300,1.8990503300757875,3.354247509539087
CHEM400_02871,CHEM,400,2.1071218235774722,1.9560888215012717
ECON100_02872,ECON,100,1.5373441522591822,3.827444924089267
CHEM500_02873,CHEM,500,2.2712081962478345,4.9611833322258505
ENGL100_02874,ENGL,100,3.6203365698504943,2.312850946390199
STAT200_02875,STAT,200,4.461064054550484,3.979646485058596
STAT100_02876,STAT,100,2.3530023068196457,2.0851173918318016
BIO300_02877,BIO,300,2.3187391649111975,2.108002479615439
ENGL200_02878,ENGL,200,1.6475194027072915,1.1681272228807185
BIO100_02879,BIO,100,4.3816563782205185,4.380991950147198
CHEM400_02880,CHEM,400,4.588223661715991,1.0243374157803493
PSYCH500_02881,PSYCH,500,3.7094461693640093,4.3465756675337035
ENGL500_02882,ENGL,500,1.8824588225679348,2.8477848032371735
BIO500_02883,BIO,500,2.325016702594165,4.257517401438696
BIO200_02884,BIO,200,3.1342112231790993,4.709753365552324
PHYS300_02885,PHYS,300,2.327950546465208,4.552223347701204
ENGR200_02886,ENGR,200,2.371136608592913,4.8538004476028345
STAT200_02887,STAT,200,1.0988906432918495,1.4513935961546873
CHEM500_02888,CHEM,500,4.6122835553177595,1.259484206310212
BIO400_02889,BIO,400,1.030518049111996,3.0766684767842554
ECON100_02890,ECON,100,4.7007255450836265,1.2252466974610408
BIO500_02891,BIO,500,4.777660552177477,4.4827698970716305
ECON100_02892,ECON,100,1.2596355174534137,2.8048738017927173
ECON200_02893,ECON,200,3.6404297685712637,1.065016265279091
PSYCH500_02894,PSYCH,500,1.409249552895421,2.8104896723773054
BIO100_02895,BIO,100,1.4100470314950373,1.1596257312235578
ENGR200_02896,ENGR,200,3.6899236799369697,1.10323082572488
CS200_02897,CS,200,2.752449577962897,2.268185495737817
PSYCH400_02898,PSYCH,400,3.66346865350687,2.077519118127487
CHEM300_02899,CHEM,300,4.023911333331191,2.3260411079510974
PHYS400_02900,PHYS,400,1.0722990705808937,4.38569829656261
ECON200_02901,ECON,200,3.8544000118059807,1.159004943749605
PHYS400_02902,PHYS,400,4.8729100917620745,4.035277037307553
ENGL500_02903,ENGL,500,2.510542329542322,2.1359330801522365
STAT400_02904,STAT,400,3.6664472578483114,2.901132908322935
STAT400_02905,STAT,400,2.1259631784655064,3.901940027602297
ECON500_02906,ECON,500,3.6394024505984244,2.5216630475135107
ECON500_02907,ECON,500,1.0169022657557258,3.0034537091371796
CHEM500_02908,CHEM,500,3.2710295488736123,2.2969968443914754
STAT200_02909,STAT,200,3.9908066493626975,4.077814740983081
ENGR200_02910,ENGR,200,3.310518288906227,2.3022030574772803
PSYCH100_02911,PSYCH,100,3.124518161574215,3.639263940236673
ECON100_02912,ECON,100,4.967402506469544,3.9899391828145316
PHYS100_02913,PHYS,100,1.5024811761296233,3.2615358480609418
ECON100_02914,ECON,100,2.1076019466613736,3.6792751544008726
CHEM300_02915,CHEM,300,2.872565090226322,4.7696685259305625
BIO400_02916,BIO,400,3.0078305553249054,2.1718580277782205
CS100_02917,CS,100,3.554315598822145,3.114219018372751
ENGL400_02918,ENGL,400,4.338709467835185,3.36890948530382
ENGL200_02919,ENGL,200,4.030514365235489,1.777274449461102
PHYS300_02920,PHYS,300,4.000554232625474,1.8489356086006907
ENGL400_02921,ENGL,400,2.6381924224672755,2.318018654160884
MATH500_02922,MATH,500,3.482269028995069,2.526387319432714
CS400_02923,CS,400,4.524965598440849,2.401308213097645
PSYCH200_02924,PSYCH,200,4.777055100290836,1.5508293065327448
MATH100_02925,MATH,100,3.6641212520032487,2.5363810346497826
PSYCH300_02926,PSYCH,300,1.6662543526471012,3.8288749163365594
CHEM200_02927,CHEM,200,3.8214571393420624,1.5395775629656288
PSYCH500_02928,PSYCH,500,2.354356015075598,3.885054854201768
STAT100_02929,STAT,100,2.2326929182426305,3.342880782701286
PHYS100_02930,PHYS,100,1.3389003262115873,2.6118148405244317
MATH500_02931,MATH,500,2.674454352071059,2.700575343137901
BIO500_02932,BIO,500,4.0016154766100875,1.2391333301710512
CS400_02933,CS,400,4.889153262749344,4.146971755817956
ENGR100_02934,ENGR,100,2.70024141408109,3.7928812659118036
CHEM200_02935,CHEM,200,4.565026036661354,3.45936769588242
PSYCH300_02936,PSYCH,300,1.212840744765674,3.33218947120443
BIO300_02937,BIO,300,3.9286757121746247,2.2047038739883957
PHYS400_02938,PHYS,400,3.2312018377490417,4.709701267479506
PHYS100_02939,PHYS,100,1.4514484909540624,3.8482613704844413
MATH400_02940,MATH,400,4.741944317509407,3.1146443923238727
ENGL300_02941,ENGL,300,4.186805738955748,1.8598094795594244
ENGL400_02942,ENGL,400,2.3483200559107202,2.8089514787551892
PHYS200_02943,PHYS,200,1.6459701190994251,1.4644384012922913
STAT400_02944,STAT,400,1.9085210753080646,3.3432231617815025
CHEM400_02945,CHEM,400,1.3102671806061754,1.6943080231918874
BIO200_02946,BIO,200,3.367323542139081,4.850102588619459
BIO200_02947,BIO,200,4.254636329117927,3.6015710438922612
PHYS200_02948,PHYS,200,2.682665874096017,3.3094897611771246
CS500_02949,CS,500,4.475691189224646,2.774072457135029
ENGL500_02950,ENGL,500,2.8526766260266543,4.475570508386337
PSYCH100_02951,PSYCH,100,4.478018164634269,4.3024422891456755
MATH500_02952,MATH,500,2.4855122915526837,3.2224480579495864
CHEM400_02953,CHEM,400,2.757831738986247,1.083338045250498
MATH400_02954,MATH,400,2.670669707137467,3.0179286807844363
ECON500_02955,ECON,500,2.3227930318368872,2.756810855745475
MATH300_02956,MATH,300,1.0795429205326372,2.7692437986010674
ENGL400_02957,ENGL,400,3.3490629790397324,4.751517871253061
STAT200_02958,STAT,200,1.3840388485577613,4.0243606862348775
ECON100_02959,ECON,100,2.8370732509773022,2.077225539214226
PSYCH100_02960,PSYCH,100,4.530029888312275,3.2360544530902744
STAT200_02961,STAT,200,4.81608361725382,4.256209980616376
ENGR100_02962,ENGR,100,3.8278066161990485,1.342972423413109
CHEM500_02963,CHEM,500,2.970113650679191,3.389989704170376
STAT400_02964,STAT,400,4.765646949028717,2.2180012257687176
CS500_02965,CS,500,2.697680557894858,2.520219063933804
CS300_02966,CS,300,3.3523868073398195,2.856524208320253
BIO100_02967,BIO,100,4.605290740596287,3.2835127971382128
PSYCH300_02968,PSYCH,300,4.714039892539727,1.2468752606503855
MATH200_02969,MATH,200,3.4893405393579213,3.119787331370117
PSYCH100_02970,PSYCH,100,4.589907782065682,3.2298226073514926
MATH200_02971,MATH,200,4.384304818408864,4.603893415519211
ECON400_02972,ECON,400,3.912401125083208,4.725838326417686
ENGL200_02973,ENGL,200,4.580064850544193,4.374873274273656
STAT400_02974,STAT,400,1.9791337392391672,1.2521756283313827
PSYCH400_02975,PSYCH,400,4.1007874963760145,1.2035190022934126
CS200_02976,CS,200,4.874358340757021,2.7277341741512924
MATH200_02977,MATH,200,1.7099776019662403,2.706510020658494
STAT500_02978,STAT,500,2.8069797069484848,2.1424983370522095
PSYCH100_02979,PSYCH,100,3.266030872710212,4.936719720261026
ENGR300_02980,ENGR,300,1.1942024187516225,1.8766697211309045
ECON200_02981,ECON,200,1.1650152510874956,2.8895710862875186
PHYS200_02982,PHYS,200,3.4724015904381167,2.071325944499965
STAT200_02983,STAT,200,4.163950707191544,4.217684213827883
CS100_02984,CS,100,2.5236824045312316,3.80040222064881
MATH500_02985,MATH,500,3.761260311483675,4.26291935721672
ECON100_02986,ECON,100,2.9197453878130966,2.3914853419439983
ECON400_02987,ECON,400,4.421506463173329,2.5223767204561014
MATH500_02988,MATH,500,3.6419665971309407,2.4748471567899033
PHYS300_02989,PHYS,300,4.672786371128384,1.7889991376105567
ENGL400_02990,ENGL,400,3.4234719877950113,4.297645538603467
CS400_02991,CS,400,4.424953295646875,1.10775825050158
CHEM400_02992,CHEM,400,4.616095085153875,2.172212947630192
STAT400_02993,STAT,400,1.1695869080913712,4.766291177737542
CS100_02994,CS,100,1.4799856729511438,2.892481887766871
ECON200_02995,ECON,200,3.324977079272209,2.9188841688534164
ECON400_02996,ECON,400,2.69878640324225,3.621847330689918
ECON400_02997,ECON,400,2.785541396126814,4.6911695403387
ENGR200_02998,ENGR,200,2.4812265362252632,3.061661315310766
CS100_02999,CS,100,3.0414426667517005,3.473093511925388
ENGR100_03000,ENGR,100,2.599299163815731,2.7782792331467188
ECON400_03001,ECON,400,1.6466573096809385,2.078670571969673
BIO200_03002,BIO,200,1.7817492316208616,2.2121611167960213
BIO500_03003,BIO,500,3.207233202781469,1.8647796456980386
BIO300_03004,BIO,300,2.3879098674915142,4.580868020967282
CHEM400_03005,CHEM,400,1.1766102315140423,1.8911477268249426
CHEM100_03006,CHEM,100,4.211997952913453,3.2041226751703573
PSYCH300_03007,PSYCH,300,2.3483970351711743,1.9389801921457757
ENGR500_03008,ENGR,500,3.5020574178601223,2.988347037819384
PHYS500_03009,PHYS,500,2.3518850009293044,3.750953297827945
ENGL200_03010,ENGL,200,2.8695332643455993,2.2210648570864024
ENGR500_03011,ENGR,500,3.555250183077673,1.3438673855288417
PSYCH300_03012,PSYCH,300,1.5337813512062537,4.525438942929588
PHYS200_03013,PHYS,200,3.295209545696986,2.9543348472345397
BIO400_03014,BIO,400,3.43778205855634,4.660656686271684
ECON200_03015,ECON,200,1.2141737456951964,1.911563653818222
ENGR300_03016,ENGR,300,2.802120067464603,3.943426517769868
BIO200_03017,BIO,200,3.5025601801256148,2.1880671319027605
PSYCH100_03018,PSYCH,100,3.7821570478799837,1.8249114758992468
BIO500_03019,BIO,500,2.3055884588116324,2.7050563139302226
STAT300_03020,STAT,300,2.4195758702551275,4.584680580311677
PHYS300_03021,PHYS,300,3.0170371121146413,1.1187772540357561
CS100_03022,CS,100,1.7490229596539018,2.478827382220475
CS200_03023,CS,200,4.921547229089583,1.9095242655749844
ENGL200_03024,ENGL,200,4.0458021650348215,1.8590923838023676
ENGL300_03025,ENGL,300,3.7116050956941344,4.281858474493718
CHEM100_03026,CHEM,100,1.1663580298460738,2.864782609459511
ENGL200_03027,ENGL,200,3.357439608813411,3.3346532088730765
CS200_03028,CS,200,1.4900691464879365,3.67492135549646
PHYS100_03029,PHYS,100,3.5430918588343436,2.8003535540700777
CS100_03030,CS,100,3.3243042543865444,1.1228898498275774
PSYCH400_03031,PSYCH,400,2.179141639389243,4.26469371572643
CHEM200_03032,CHEM,200,3.9994917359603845,3.9714524242481954
CHEM100_03033,CHEM,100,2.8601331514538666,4.342487098358265
CHEM500_03034,CHEM,500,3.1909608030219028,1.31108189481421
PSYCH400_03035,PSYCH,400,3.6281796617804174,3.3890680422176263
ECON300_03036,ECON,300,1.1821247409726485,4.127827406162652
STAT400_03037,STAT,400,2.597987585564115,4.4919649142698574
BIO300_03038,BIO,300,3.5263952484723347,2.7723592594245194
ECON300_03039,ECON,300,2.7543881284064544,2.5586801334370697
CS100_03040,CS,100,4.8575395231284215,4.211321214861759
ENGR300_03041,ENGR,300,3.2126255791356924,3.137326229460107
MATH300_03042,MATH,300,4.976429156659917,2.239201383249055
STAT500_03043,STAT,500,1.8867330882971602,2.2870623518277755
STAT500_03044,STAT,500,4.4842447200464575,1.3151441120399605
STAT200_03045,STAT,200,1.7903888562694954,1.3830563817544768
ENGR300_03046,ENGR,300,4.97157518557308,2.485444092298546
ECON400_03047,ECON,400,3.1589959080282153,4.721628172569506
MATH400_03048,MATH,400,2.3101541623142516,1.5289190473592105
ECON300_03049,ECON,300,4.015799802529683,1.5621076227500628
STAT300_03050,STAT,300,2.295015095530168,2.737627361339478
MATH200_03051,MATH,200,4.1954732370633465,1.120424531799682
PHYS200_03052,PHYS,200,4.007268143268497,1.5025522597603476
MATH200_03053,MATH,200,2.487809933593028,1.5582957835353857
MATH100_03054,MATH,100,4.2962378087041255,1.8410680470187346
CHEM500_03055,CHEM,500,2.7206680655866537,1.0699804061052478
MATH300_03056,MATH,300,3.179316614205905,3.312886712156699
CHEM300_03057,CHEM,300,3.470517921209863,2.9271377561156577
CHEM300_03058,CHEM,300,4.836820955350766,2.975808378906178
ECON500_03059,ECON,500,2.556505668804815,4.762468676652509
STAT300_03060,STAT,300,1.7739949355036382,3.2981928721077844
STAT200_03061,STAT,200,4.9298744683628,2.4060539392131015
PSYCH100_03062,PSYCH,100,3.579088551577511,4.592482391537162
CS400_03063,CS,400,3.6500095767324665,1.7853725049655793
ECON400_03064,ECON,400,3.417890608155365,1.2125602190934677
ENGL500_03065,ENGL,500,2.351437434133244,4.646407540114794
PHYS100_03066,PHYS,100,1.179653433370457,1.6745688533386573
PHYS300_03067,PHYS,300,3.724580028226418,1.645471946884701
BIO300_03068,BIO,300,2.7385854750361918,3.698467385441467
MATH300_03069,MATH,300,2.12854528405813,4.284537936187748
ENGR200_03070,ENGR,200,4.835520256906407,1.2369104257154149
ENGL200_03071,ENGL,200,4.604091410489801,1.1479528933358947
BIO400_03072,BIO,400,2.5050918504690642,4.108934587919478
CHEM200_03073,CHEM,200,2.534234006622122,4.364199760224789
ENGR100_03074,ENGR,100,2.7474346890482853,1.0352700051819057
ENGR400_03075,ENGR,400,3.2385271214471536,2.879649155568045
ENGL200_03076,ENGL,200,3.5191845494560776,1.773718213756453
MATH400_03077,MATH,400,2.3427822417881554,2.135042062828391
CHEM100_03078,CHEM,100,3.994128568496852,3.303162431548024
CS500_03079,CS,500,1.7914112225847014,2.332579082905441
BIO100_03080,BIO,100,1.2517661836312088,1.3193065568321094
PSYCH500_03081,PSYCH,500,4.3295065932899846,2.6118420410162373
STAT500_03082,STAT,500,4.633690678034096,1.5531631446476348
PSYCH400_03083,PSYCH,400,2.701474269510965,4.608126430922086
BIO500_03084,BIO,500,2.727252093755138,2.5932564054890004
CS300_03085,CS,300,1.5844246613402762,1.748816316739715
MATH400_03086,MATH,400,3.4607454010738636,1.4024862734977264
CHEM200_03087,CHEM,200,3.9672713806832345,4.4322517726340696
ECON100_03088,ECON,100,4.622176839139168,2.9223305719154933
ENGR200_03089,ENGR,200,3.6479062911301043,4.861652158400078
STAT200_03090,STAT,200,4.244394932029355,3.6100300198221587
ENGL400_03091,ENGL,400,3.731830153621422,3.023425662766456
CS100_03092,CS,100,3.580824699440343,3.3161656960808403
ENGL200_03093,ENGL,200,3.35989590695194,3.8944771930885542
PSYCH400_03094,PSYCH,400,2.9031969904410797,2.6893944276741655
MATH500_03095,MATH,500,4.706090696827605,1.5185521331640524
CS400_03096,CS,400,4.284661104336017,4.712048894857453
MATH400_03097,MATH,400,3.103245400920867,2.574041528093285
MATH200_03098,MATH,200,2.3616143487213255,1.9070371519195772
ECON400_03099,ECON,400,1.2867476825318285,1.794923899647077
PSYCH100_03100,PSYCH,100,2.10004495074556,2.230868879566104
CS100_03101,CS,100,4.371851722990739,3.680566395503326
BIO300_03102,BIO,300,2.7356130761809534,2.131995671559506
CHEM400_03103,CHEM,400,1.6843626676897259,1.9962790923217106
BIO400_03104,BIO,400,1.9279703813914528,4.367329704718767
CS400_03105,CS,400,2.7489450405774334,2.1483553429874473
ENGL500_03106,ENGL,500,2.060833535359559,4.7087639780425175
ENGL400_03107,ENGL,400,2.6776050357488255,1.628380522787375
ENGR500_03108,ENGR,500,1.5644408110108756,1.7617396220938448
ENGL500_03109,ENGL,500,1.671883574428373,2.5350371867387476
MATH300_03110,MATH,300,2.337376604771183,4.223591839810618
ENGL500_03111,ENGL,500,2.5340690862486706,2.786712376716105
CHEM100_03112,CHEM,100,3.2076995927236087,2.127631203132968
MATH200_03113,MATH,200,1.2022942554930798,3.4209640602515226
ENGR200_03114,ENGR,200,4.834115628887066,4.156198310527994
STAT500_03115,STAT,500,1.5670187531249837,3.810939292593027
BIO200_03116,BIO,200,2.6072166122595757,4.969963513232923
PSYCH100_03117,PSYCH,100,3.687881790377396,4.999074339099615
MATH300_03118,MATH,300,3.1979967255510218,3.7125384181647743
PSYCH300_03119,PSYCH,300,3.54591005233894,1.2876436921491075
MATH400_03120,MATH,400,3.924550891727225,2.029472494100808
CS100_03121,CS,100,3.4497672884980917,4.5937076003623325
CS300_03122,CS,300,4.741615029013303,1.5683841477180875
CS400_03123,CS,400,3.1236661900920955,3.545237682643989
BIO200_03124,BIO,200,1.8214783637620071,1.9487344537423583
ENGR400_03125,ENGR,400,2.960621425524966,3.098902476963561
MATH200_03126,MATH,200,3.703868858430533,4.342836983778777
PHYS400_03127,PHYS,400,3.7171102468019215,3.3667782221392564
STAT400_03128,STAT,400,3.055887685528414,1.4603856320148378
BIO200_03129,BIO,200,3.693241520372502,4.639109426381808
MATH500_03130,MATH,500,3.490504577506392,2.010235958592214
ECON400_03131,ECON,400,3.86749108191036,4.496981211371066
ENGR200_03132,ENGR,200,1.311851443337341,2.1673705953056404
ECON400_03133,ECON,400,2.268521308294582,4.974087770941493
CS500_03134,CS,500,4.436425688841439,1.8162321834327289
STAT500_03135,STAT,500,4.379886668427318,3.7242957620746684
ECON400_03136,ECON,400,1.5863751533765198,2.313169520861651
MATH300_03137,MATH,300,4.181736517578174,3.242478195549676
MATH100_03138,MATH,100,4.9821473096009505,2.2120013301862107
MATH100_03139,MATH,100,3.234249011888432,4.234508089532472
ENGL100_03140,ENGL,100,3.3786746484092878,4.182663205709959
PHYS100_03141,PHYS,100,1.1673762228569267,1.596193167883294
MATH300_03142,MATH,300,4.602087632450411,1.2387225528122037
PHYS300_03143,PHYS,300,1.2987563511577163,4.305070038839125
PHYS300_03144,PHYS,300,4.324612562111479,3.6247678127353202
CS300_03145,CS,300,3.379679747350554,1.2931055967573912
BIO500_03146,BIO,500,3.1855886256163792,3.0897095513282573
PHYS100_03147,PHYS,100,2.5353028083010476,1.0301171158124727
PSYCH100_03148,PSYCH,100,1.2953339257959469,3.5891994089790993
CS400_03149,CS,400,2.504928069808551,1.6375162334165614
ENGR400_03150,ENGR,400,4.966661579393123,2.037696779899356
ENGR300_03151,ENGR,300,4.146837629055707,1.5063931744641832
CHEM100_03152,CHEM,100,4.479929004073856,1.6477789566566652
ENGL100_03153,ENGL,100,4.69116478828302,4.112462328204333
ECON500_03154,ECON,500,4.4851269728027745,3.8657377102971533
STAT300_03155,STAT,300,1.627849364928144,1.153492590768796
BIO200_03156,BIO,200,1.4759974537942608,4.298431157310073
ECON100_03157,ECON,100,1.9451213599364499,1.7088605458614716
CHEM100_03158,CHEM,100,4.54628696298899,2.707877485396685
ECON300_03159,ECON,300,3.2303348225405535,2.57656846083803
CS400_03160,CS,400,4.2523453974974394,4.2452532422364895
CS300_03161,CS,300,2.684044927083189,2.26786852387374
ECON400_03162,ECON,400,3.3840803995182895,2.1019473659774657
ENGR500_03163,ENGR,500,2.174079476590641,4.819651549551688
MATH500_03164,MATH,500,4.055302972229343,1.87460517572433
MATH500_03165,MATH,500,3.270418239259044,4.592924147171245
CS500_03166,CS,500,3.850630206727698,3.8087238600782443
PHYS300_03167,PHYS,300,4.112809881099652,1.219128795657963
ENGR300_03168,ENGR,300,3.466981181487966,3.883666202242387
CS500_03169,CS,500,2.95546565904149,2.513789614375285
CS200_03170,CS,200,3.4789096181698924,1.6680523914962038
ENGL200_03171,ENGL,200,1.8666157639934151,4.0364426573825956
PHYS200_03172,PHYS,200,1.6273768222612324,2.245035671019474
ECON100_03173,ECON,100,4.174874025143297,2.4320143389322437
PHYS400_03174,PHYS,400,1.3292551030771729,4.791934468598967
STAT400_03175,STAT,400,4.4203701599419105,1.4219815365143003
MATH500_03176,MATH,500,1.6884862108524983,3.2277042302244094
ECON400_03177,ECON,400,3.719350070324098,1.6596205014357865
PHYS200_03178,PHYS,200,2.507472210909785,3.1523597062441606
PSYCH500_03179,PSYCH,500,2.598150015775361,1.5940240584367915
CS200_03180,CS,200,4.656346277367009,1.5561071735320806
BIO300_03181,BIO,300,4.665589265840284,3.123768134225811
MATH500_03182,MATH,500,3.254221021517053,3.5430058855765316
PSYCH400_03183,PSYCH,400,4.067175230232355,3.721196899273332
BIO200_03184,BIO,200,3.651241086241229,2.1707636398855104
ENGL300_03185,ENGL,300,3.6210761685212787,4.67684197317078
ENGL400_03186,ENGL,400,4.136754245753949,2.4692655667970342
STAT300_03187,STAT,300,1.814284279654065,1.062323018222786
ENGL200_03188,ENGL,200,1.8480532741356606,2.8659108473665937
BIO100_03189,BIO,100,1.9726898011967946,2.0701709387817675
CHEM400_03190,CHEM,400,1.5586797721633605,3.6958153858824057
PHYS100_03191,PHYS,100,4.961934843283805,4.71323065488034
ENGL200_03192,ENGL,200,3.6031832739741247,4.483216551479652
ENGR200_03193,ENGR,200,4.142631082204255,1.1829187814820599
ECON200_03194,ECON,200,3.0798368828536202,2.626421154184434
STAT100_03195,STAT,100,1.1775322224515108,3.8017584412974497
PSYCH100_03196,PSYCH,100,4.712400469445171,3.5141785863125468
CHEM300_03197,CHEM,300,3.950465877487244,3.625619472046409
BIO300_03198,BIO,300,1.7906874708627836,3.6002592517210856
CS500_03199,CS,500,3.582092296040162,2.3215606690593398
CS400_03200,CS,400,3.4958922909759997,3.292979087042026
ENGR500_03201,ENGR,500,4.54522762655467,2.1498390118252253
MATH300_03202,MATH,300,2.7153129723087477,1.9421026392448946
MATH300_03203,MATH,300,3.300189472331608,3.504689629711528
BIO200_03204,BIO,200,3.7679158871424203,1.305040941410962
STAT400_03205,STAT,400,3.79424012875503,2.2086421257261515
CHEM200_03206,CHEM,200,4.939129488848835,3.731488932917158
MATH100_03207,MATH,100,2.1517015265456396,4.2991119588229925
ENGR200_03208,ENGR,200,2.4193154170118434,4.186166360750111
MATH300_03209,MATH,300,4.925899300301527,1.0957036097728992
STAT400_03210,STAT,400,1.123038725088087,3.9769547481057987
ENGL500_03211,ENGL,500,2.529506234000537,4.24197727770506
PHYS400_03212,PHYS,400,4.295418256116918,2.6883647068714907
ENGL400_03213,ENGL,400,2.828231959653791,1.7267336905535955
CHEM300_03214,CHEM,300,3.006143667121824,3.819678549996372
STAT400_03215,STAT,400,3.4419700943198053,4.496824328769829
STAT500_03216,STAT,500,1.3656670720221218,2.754915104737391
CHEM300_03217,CHEM,300,3.2168042551428924,4.142805250411586
ENGL500_03218,ENGL,500,1.1018426448837553,1.7778576762121072
PHYS500_03219,PHYS,500,3.0260353922001455,4.4838684410221425
ECON300_03220,ECON,300,1.645055027585681,1.879134993596423
ECON200_03221,ECON,200,2.829056994863235,1.6374118123165333
ECON200_03222,ECON,200,1.2365603349381713,2.234931082689503
ENGL500_03223,ENGL,500,2.016283657857108,4.458344364094774
CHEM400_03224,CHEM,400,3.8735438130902056,1.366618436635925
ENGL400_03225,ENGL,400,4.137390428542691,2.9728260125867143
PHYS300_03226,PHYS,300,3.4090829656080555,1.3013117270415346
PSYCH400_03227,PSYCH,400,1.0446210210349922,4.804799115145769
ECON400_03228,ECON,400,2.2554556625394486,3.955485027234045
PSYCH100_03229,PSYCH,100,4.795562155913071,2.384088249357542
MATH500_03230,MATH,500,3.1361597647659103,2.0429600862622204
MATH100_03231,MATH,100,3.366815691034262,2.5815553138823764
ENGR100_03232,ENGR,100,1.078737363453818,1.5169358949223204
PHYS500_03233,PHYS,500,1.2939388609927844,1.2818671234530394
STAT200_03234,STAT,200,4.682812634399443,2.555325130941397
ECON100_03235,ECON,100,3.5642744048925548,3.810763760921294
MATH300_03236,MATH,300,1.868864868429692,3.9120072799893157
CHEM500_03237,CHEM,500,1.2411987687206807,4.97114017188108
ECON300_03238,ECON,300,3.917642487170178,1.047160318008641
PHYS200_03239,PHYS,200,1.574181009322086,1.7577589285392143
ENGR500_03240,ENGR,500,2.8853682780424226,3.005284194995581
PSYCH400_03241,PSYCH,400,1.7960688708231731,3.269280622657475
PSYCH400_03242,PSYCH,400,2.7640795655462114,2.208520812642662
CHEM100_03243,CHEM,100,3.0568072792129333,2.2448515827912146
ENGR200_03244,ENGR,200,1.2532551451712233,4.703199490597323
PSYCH100_03245,PSYCH,100,2.819261074392493,1.5807657469176117
MATH300_03246,MATH,300,3.735445534673814,1.631377172121541
STAT100_03247,STAT,100,2.9097728304280164,4.31889526823481
PSYCH100_03248,PSYCH,100,4.959214843224601,4.722498768922603
BIO500_03249,BIO,500,4.557872659662809,2.0636070018165125
ENGR500_03250,ENGR,500,2.867006409580151,4.148606667362571
BIO500_03251,BIO,500,1.7266972769870859,4.722482390427006
MATH400_03252,MATH,400,1.847995822184025,3.7164483634689605
ENGR400_03253,ENGR,400,2.2843399734418606,1.09966744534354
CHEM400_03254,CHEM,400,4.215316485329564,2.4526138165952793
ECON300_03255,ECON,300,2.5742588058356803,4.183795756222791
ENGL100_03256,ENGL,100,1.9894584403362772,1.6107358492988633
PSYCH100_03257,PSYCH,100,3.2954959926701752,1.1474746472491355
ENGL200_03258,ENGL,200,2.9813750112564885,4.9666778401733485
ECON100_03259,ECON,100,2.283932203570669,1.6703834175260135
STAT500_03260,STAT,500,3.1323736777047384,2.7506472620430555
PHYS500_03261,PHYS,500,4.053271493280402,2.408444470533808
BIO400_03262,BIO,400,2.818067825433783,3.4728418330603117
CHEM100_03263,CHEM,100,1.911583531135037,4.159222664100661
ENGL500_03264,ENGL,500,3.8983268106492774,4.74776289485996
CS300_03265,CS,300,4.5890631821282595,4.872392747323545
CS200_03266,CS,200,3.568539276390571,2.4045980879838313
ENGL300_03267,ENGL,300,1.962655497295808,1.4764074179975117
CHEM400_03268,CHEM,400,2.075768519772247,1.6743965578843905
MATH200_03269,MATH,200,2.0591171292440524,3.012381474542551
CS100_03270,CS,100,3.476367700049945,2.9486573887353784
CS300_03271,CS,300,4.287781403286331,1.364564620515547
ENGR500_03272,ENGR,500,4.1723309011450915,2.4384231297057846
MATH100_03273,MATH,100,1.8457995297163907,3.2080528810559357
STAT100_03274,STAT,100,1.3914322611602827,1.115888882974505
ENGL300_03275,ENGL,300,4.070714382987708,3.400373228840507
CS300_03276,CS,300,3.811630857034052,2.346917337976114
ENGL300_03277,ENGL,300,2.0368934617289582,4.402916338573517
ENGR100_03278,ENGR,100,2.581703812614661,3.7336044713906853
STAT300_03279,STAT,300,1.4524716126163892,2.4001751348626708
PSYCH500_03280,PSYCH,500,4.886303856054805,1.1979807510275737
ENGR400_03281,ENGR,400,2.968849146228295,2.18491621565356
PHYS100_03282,PHYS,100,2.7105937267868545,1.8493518572581182
ENGR200_03283,ENGR,200,2.1831763659675736,4.215590508496957
BIO100_03284,BIO,100,4.196684915249866,4.755866419959734
CHEM100_03285,CHEM,100,2.105076360727718,2.9960652225872
MATH500_03286,MATH,500,1.3190262488270745,3.1881842449067626
CS300_03287,CS,300,2.584364900775889,4.637667994432731
ENGR500_03288,ENGR,500,1.0091758103989688,1.527913490073923
CS300_03289,CS,300,1.2080081342081601,4.206564337498399
BIO300_03290,BIO,300,4.3573453497188614,2.956403319045202
ENGL500_03291,ENGL,500,2.3244989140961763,4.152039953948677
BIO200_03292,BIO,200,2.4497505498020984,3.1883710887664187
ENGL300_03293,ENGL,300,3.2946463589804775,2.2378517811248275
ENGR100_03294,ENGR,100,1.5162113174227612,4.779676165369139
CS400_03295,CS,400,2.589709960977392,3.2676500121523446
CHEM400_03296,CHEM,400,1.5173091408069586,1.912341724983884
PSYCH300_03297,PSYCH,300,1.8887151998687401,2.379901421464153
ENGR400_03298,ENGR,400,3.234128128534391,3.80648559210216
ENGR200_03299,ENGR,200,3.985336691284371,3.743405473956155
PHYS400_03300,PHYS,400,3.8730291699034485,3.4740516614325743
ECON100_03301,ECON,100,3.120844019805224,3.246126812899454
ECON100_03302,ECON,100,4.840029740175298,3.8116263599841407
MATH400_03303,MATH,400,3.54395479055013,3.1536334098262295
CHEM100_03304,CHEM,100,3.7131805330792362,2.5925013361613622
ECON300_03305,ECON,300,3.9928746226997553,2.1253389389983752
PHYS100_03306,PHYS,100,3.3341226177404444,4.759211933655746
BIO500_03307,BIO,500,4.742307292071066,1.3638701557704906
MATH400_03308,MATH,400,3.551856730299701,4.194849671864564
PSYCH100_03309,PSYCH,100,1.1522923829266492,3.129263298854366
ENGL200_03310,ENGL,200,2.1428433608411246,1.9263539423773963
BIO400_03311,BIO,400,3.473941549982761,2.9162755942463083
BIO200_03312,BIO,200,3.138417613647828,1.5864505458554503
MATH100_03313,MATH,100,3.26389941937964,4.207345876954945
ENGL300_03314,ENGL,300,3.5060681720644897,2.5471006534475453
CS200_03315,CS,200,2.844338866154368,2.2997677499885802
ENGL300_03316,ENGL,300,1.8927046677862651,3.531230348447357
ENGR300_03317,ENGR,300,2.835886219101793,1.8197375878654132
MATH200_03318,MATH,200,4.424778983528772,4.089881346634664
BIO500_03319,BIO,500,2.7297686139109913,3.6543010349507448
STAT400_03320,STAT,400,4.829646894009292,1.9144877822927384
CHEM400_03321,CHEM,400,4.57711154810065,3.692390987790573
ECON200_03322,ECON,200,3.419116745189831,3.925043097550502
PHYS500_03323,PHYS,500,1.5497311488088696,4.530565515165951
CHEM500_03324,CHEM,500,3.5162680857180106,2.5310954942802697
BIO100_03325,BIO,100,3.1146519791303406,4.509171533187219
CS200_03326,CS,200,2.9068378801953942,2.6425562643633143
ENGL200_03327,ENGL,200,4.172610287742704,4.069174196077235
STAT100_03328,STAT,100,3.659833542169918,4.459196055405835
PSYCH200_03329,PSYCH,200,1.043791488838207,3.717333068133384
CHEM300_03330,CHEM,300,2.4769910682202987,1.7702310561499286
CS300_03331,CS,300,3.2721061999607928,4.4950200474764515
ENGR300_03332,ENGR,300,1.413630294314336,1.114332812195915
PSYCH200_03333,PSYCH,200,2.37476751929199,1.343947468333217
ECON200_03334,ECON,200,2.0860706125988773,3.4715974667724687
PSYCH100_03335,PSYCH,100,3.170204262567163,2.589029556685963
ECON400_03336,ECON,400,1.654434792043201,3.9084489054212264
CHEM200_03337,CHEM,200,4.955852628446278,3.684900227758436
CS100_03338,CS,100,1.2591995692285014,2.095119861199982
ENGR100_03339,ENGR,100,4.142504621435513,2.6631099589672864
CHEM400_03340,CHEM,400,1.0355672967170055,3.472597480239685
BIO100_03341,BIO,100,1.6760931556154737,3.058835490056208
CHEM100_03342,CHEM,100,4.795927818872837,2.382882460162625
CS500_03343,CS,500,2.899666927796385,1.1592333799297827
BIO200_03344,BIO,200,4.175466236402176,4.967144034948215
PHYS400_03345,PHYS,400,1.1174514013358556,4.6257313782732865
CHEM300_03346,CHEM,300,2.9483451095342694,1.276519945967761
ENGR300_03347,ENGR,300,2.29183458882539,4.617684559973878
ECON200_03348,ECON,200,3.908334330173382,3.9189866319663724
MATH200_03349,MATH,200,4.720288994831211,2.222902836106926
BIO100_03350,BIO,100,4.318141253684045,2.2212848748187004
PHYS100_03351,PHYS,100,2.7488014268363066,2.154257358709866
CS400_03352,CS,400,1.1291519674787676,1.6234237105797655
PHYS400_03353,PHYS,400,4.626284721980387,4.008688304631213
PSYCH300_03354,PSYCH,300,3.357275642151354,2.023480749028343
ENGL400_03355,ENGL,400,2.171464565021536,2.9614175490891865
ENGR500_03356,ENGR,500,3.304599267764458,1.21948590444229
ECON200_03357,ECON,200,3.019239394959495,1.900404035235467
BIO200_03358,BIO,200,2.813839593241679,3.5514131292167437
ENGL100_03359,ENGL,100,2.758850153701863,2.8958538460564895
PHYS100_03360,PHYS,100,2.859395745397,3.3547434370650056
ECON400_03361,ECON,400,4.953679485965054,2.674201925691191
CHEM200_03362,CHEM,200,4.410426159407732,2.5423694736715428
ECON100_03363,ECON,100,4.7420230206828915,1.0768262975150247
PHYS300_03364,PHYS,300,1.0843315326795597,4.611900221748552
STAT500_03365,STAT,500,3.0554412670269135,2.94787444965069
STAT400_03366,STAT,400,2.6437027840843945,1.1608997898141276
ENGL500_03367,ENGL,500,2.299538757556216,1.5421756279752405
ECON500_03368,ECON,500,4.8197123811722165,1.6097057255530403
MATH500_03369,MATH,500,2.1567952239760593,1.4202679162695122
MATH400_03370,MATH,400,2.8200796188252943,3.7799906670841437
CHEM500_03371,CHEM,500,1.5391377906613766,1.1014901502721743
ECON400_03372,ECON,400,4.120291029577503,2.45255550738326
BIO400_03373,BIO,400,1.7310002709238388,3.6534075008037115
PSYCH500_03374,PSYCH,500,3.4367472724731547,1.0218407649408103
PSYCH200_03375,PSYCH,200,4.238924612048407,1.6174020960231714
CS500_03376,CS,500,4.145623062371893,1.5407463889599944
CHEM200_03377,CHEM,200,1.4020483426728352,3.401096400392341
ENGR300_03378,ENGR,300,1.213907752413033,2.9045216821482103
CS200_03379,CS,200,3.718500289778803,3.1585985839597255
STAT500_03380,STAT,500,4.277465632472099,2.9495371864825666
ECON200_03381,ECON,200,2.8647490794888704,4.277239172129466
PHYS200_03382,PHYS,200,2.8059296419279076,1.5581567518213606
PSYCH200_03383,PSYCH,200,1.6374784303179246,1.4559195238705387
MATH200_03384,MATH,200,4.0304585823052985,3.0098645845200513
PSYCH200_03385,PSYCH,200,3.8293958419615755,2.84319054964743
STAT100_03386,STAT,100,4.549938726025974,3.861940047977558
STAT100_03387,STAT,100,3.6267642300440626,4.807688981905862
ENGR500_03388,ENGR,500,1.8412838951114114,3.781450515453836
CHEM500_03389,CHEM,500,3.2166945332358923,1.4998372411072198
PHYS500_03390,PHYS,500,2.8603926233474444,3.316326682598269
STAT400_03391,STAT,400,1.6131663901136144,3.612475923841253
PSYCH400_03392,PSYCH,400,4.8721203698606494,2.9253970664753437
BIO200_03393,BIO,200,2.4510131451723445,2.964311176508726
CHEM200_03394,CHEM,200,2.1016705069290817,2.2304022112190265
CS500_03395,CS,500,1.8055363894981586,2.680564773165295
CHEM200_03396,CHEM,200,1.9149929259464358,4.273624652508543
BIO400_03397,BIO,400,2.3641369045483502,1.4090450960625
ECON400_03398,ECON,400,4.497340393570584,2.716445640352917
CHEM400_03399,CHEM,400,3.8343972419827166,1.9323994968333253
MATH300_03400,MATH,300,3.251105044836456,3.4818119673545533
ECON400_03401,ECON,400,4.818260050417953,4.226628622760257
CHEM500_03402,CHEM,500,1.042923304452485,3.074245104262318
ENGL300_03403,ENGL,300,3.3603561736086047,1.256726586389413
ENGR500_03404,ENGR,500,2.152807294548854,3.618150333629796
BIO400_03405,BIO,400,4.334127091593672,2.820170594452559
ENGR300_03406,ENGR,300,4.613553774879723,2.0274485325017153
BIO200_03407,BIO,200,2.716527194119243,2.8491205862572353
CS300_03408,CS,300,4.6489574033115595,4.726184267251785
CHEM500_03409,CHEM,500,3.0458974735765607,3.787391817651403
BIO500_03410,BIO,500,1.5317797579445926,2.7036208072352497
ENGR100_03411,ENGR,100,1.3014924765615365,1.0294310696224729
ENGL200_03412,ENGL,200,4.522925028515103,2.0602749138593457
BIO100_03413,BIO,100,4.279505364835229,3.9826250226407596
BIO500_03414,BIO,500,1.6772965899344494,2.827316287423199
CHEM200_03415,CHEM,200,1.5646079053897908,1.786598892124477
ECON100_03416,ECON,100,1.5728993110227765,1.469614440679985
STAT100_03417,STAT,100,3.462938589362855,4.495664249059436
PSYCH500_03418,PSYCH,500,4.834290634635282,3.4859897788008505
ENGL300_03419,ENGL,300,4.057951175203458,3.47789180143995
ECON300_03420,ECON,300,1.7529470377208964,3.5506920396946855
PHYS500_03421,PHYS,500,1.1838368840408293,4.959999273240765
BIO400_03422,BIO,400,2.7621833985260147,3.017901160189715
STAT200_03423,STAT,200,1.4526805974662054,3.1862317821360886
MATH200_03424,MATH,200,2.0813547224053215,2.0786835042907383
CS500_03425,CS,500,1.4605375025330662,4.513989573194101
PSYCH400_03426,PSYCH,400,2.7672991982007704,4.04649827384333
BIO500_03427,BIO,500,3.3474145183597175,4.580307921500545
ENGL500_03428,ENGL,500,4.085740923255377,1.8848794383690586
ECON500_03429,ECON,500,2.7265818421208077,2.000193596610545
ENGR400_03430,ENGR,400,3.408353559652084,2.7008686564069135
PSYCH500_03431,PSYCH,500,3.4587477460339455,4.743579555726235
BIO500_03432,BIO,500,2.5671099910061868,3.460493136084379
ENGR100_03433,ENGR,100,1.869425399727192,4.124713067166346
ECON200_03434,ECON,200,2.9358453370508086,1.5771485932527578
PSYCH300_03435,PSYCH,300,2.6407256585724057,2.9601269612595296
STAT200_03436,STAT,200,1.6359014934233929,4.933566414469059
ENGR300_03437,ENGR,300,4.63401700590622,2.0963500674004565
BIO100_03438,BIO,100,2.7328551635525185,3.4985636378567704
CHEM400_03439,CHEM,400,4.824214899721003,1.7783770751235486
ECON100_03440,ECON,100,2.120505281117864,2.9299493138580446
STAT300_03441,STAT,300,4.544446811768918,1.829633417074339
MATH500_03442,MATH,500,1.718737233261435,3.547372968818819
BIO500_03443,BIO,500,2.5311617169609995,4.7091787941283005
BIO100_03444,BIO,100,1.377502281541799,3.1048542149473324
ENGR200_03445,ENGR,200,4.378449536093351,4.381256058637616
BIO400_03446,BIO,400,3.893807838968849,3.7106331593913184
CHEM400_03447,CHEM,400,3.867140523731409,3.6984394242614163
ENGL400_03448,ENGL,400,1.039019282178367,2.9833750073782905
MATH500_03449,MATH,500,3.1963990615551126,4.883217654412494
MATH200_03450,MATH,200,2.605840124657701,2.108595115509308
STAT100_03451,STAT,100,1.234324205840394,2.3889574148744988
STAT100_03452,STAT,100,1.4877840913837637,3.9369128141735
ECON300_03453,ECON,300,1.0344596174809149,3.0493937376386047
STAT200_03454,STAT,200,4.996432161583677,4.883926516513933
PHYS100_03455,PHYS,100,3.344618713218468,4.1005849924999245
ECON200_03456,ECON,200,1.4942501198562894,4.795667837824745
BIO500_03457,BIO,500,4.742836821373945,4.261779768266722
STAT400_03458,STAT,400,4.723185325770448,2.615967321627713
CS200_03459,CS,200,4.809718005084026,1.3572008071722128
CHEM400_03460,CHEM,400,2.564533823953787,2.9903652426939065
CS500_03461,CS,500,2.819090771854225,4.68387790010029
CS300_03462,CS,300,2.8787821434593135,3.800867412495204
CHEM400_03463,CHEM,400,2.8057128163367238,1.9843801849422702
MATH400_03464,MATH,400,4.585622538625471,3.587071647787374
CHEM300_03465,CHEM,300,4.315137323962518,4.270841809146749
PHYS100_03466,PHYS,100,2.4069088206128235,4.3255463627127515
ENGR200_03467,ENGR,200,1.9896101030365556,3.401996547508104
CS500_03468,CS,500,1.9755857162820845,3.0752685556788633
ECON300_03469,ECON,300,2.047574473767935,3.5227134879023554
MATH300_03470,MATH,300,3.5185730802967528,1.6169002567213342
ENGL400_03471,ENGL,400,2.4309052783241087,2.1997937547025646
CS300_03472,CS,300,3.1685067985440556,4.3457959481113075
STAT200_03473,STAT,200,2.180010016864347,4.827736648472229
PSYCH500_03474,PSYCH,500,3.2094728683652587,4.771623386190855
MATH400_03475,MATH,400,1.4795521608572795,4.950813750419735
CHEM100_03476,CHEM,100,3.3163506878715903,1.8763726465247625
ENGL200_03477,ENGL,200,1.4366833100494758,1.356552988006182
CHEM500_03478,CHEM,500,3.7451354483100334,4.935302476517034
ENGR400_03479,ENGR,400,3.3381033639788042,2.5794766720146995
MATH400_03480,MATH,400,2.6612618359719393,1.6732446530311953
ECON500_03481,ECON,500,3.2610444064434736,3.486521060589136
BIO300_03482,BIO,300,4.69439950966029,3.027815297350886
PHYS100_03483,PHYS,100,4.940152245871287,2.636724526036505
CHEM100_03484,CHEM,100,3.9477266636707324,3.747440754341185
CS200_03485,CS,200,4.803645967295994,2.2376078026295327
ENGL500_03486,ENGL,500,1.9464766343375457,2.1196909152977956
STAT400_03487,STAT,400,3.833510520948054,1.2795554457540659
PSYCH400_03488,PSYCH,400,4.648928346777166,1.9463068450543584
MATH300_03489,MATH,300,3.6537619289735717,1.0559077854723484
ENGL300_03490,ENGL,300,1.5433316442716238,2.0030613865374236
ECON100_03491,ECON,100,4.266523965714413,3.42360738510178
PHYS500_03492,PHYS,500,2.570766853587982,1.903099665607622
CHEM100_03493,CHEM,100,1.771021245452571,4.902742885015565
STAT300_03494,STAT,300,3.2437660371892054,4.523940370983094
PHYS100_03495,PHYS,100,3.1706730948101556,3.821459048612277
CS300_03496,CS,300,3.288524373530772,1.9058306103879241
ENGL500_03497,ENGL,500,1.2668639736235616,2.4969627105024186
STAT400_03498,STAT,400,3.669287572599141,4.007588936072831
ENGR400_03499,ENGR,400,4.606419793172212,3.704632442811537
CHEM200_03500,CHEM,200,3.5699419080515247,2.4092681901186896
CS200_03501,CS,200,1.741203137531345,2.8206559403416143
MATH500_03502,MATH,500,3.4267973519954427,4.285691007956542
MATH300_03503,MATH,300,3.7682428950308373,1.2235924392371573
ENGR300_03504,ENGR,300,1.1349690604585483,1.5742628444656588
PSYCH500_03505,PSYCH,500,1.692869514616775,4.719563435775157
ENGR200_03506,ENGR,200,4.930178445061,4.614941332681483
MATH500_03507,MATH,500,3.146836439842073,4.416073060059798
ECON500_03508,ECON,500,3.8512380377135775,2.8702505836087213
STAT200_03509,STAT,200,2.5925620859024745,4.466569072129406
PSYCH300_03510,PSYCH,300,2.0604905091113923,3.495063847859412
PSYCH400_03511,PSYCH,400,1.9455665061738996,2.8724485282938406
MATH100_03512,MATH,100,3.005516636712377,2.504678317887359
ENGL200_03513,ENGL,200,2.814438669463217,3.9490788616854675
ENGL500_03514,ENGL,500,1.6350283821362446,1.4662405226697706
CHEM100_03515,CHEM,100,4.532165329047427,1.1033311600402342
STAT500_03516,STAT,500,2.285478180510933,1.040995111135841
STAT200_03517,STAT,200,3.237505197220817,3.1761931940554717
MATH500_03518,MATH,500,4.956506634170578,3.005999447074383
BIO300_03519,BIO,300,4.213435512372191,2.105950007040845
CS200_03520,CS,200,2.564355023235898,4.260836220275099
PHYS300_03521,PHYS,300,3.6040615465529773,3.3101628981115234
STAT100_03522,STAT,100,1.5341482294385682,3.976339873114276
PHYS100_03523,PHYS,100,1.6680282474233468,3.1724648981767642
PSYCH300_03524,PSYCH,300,3.855576386723021,2.570335292667931
ENGL300_03525,ENGL,300,1.190043544817474,3.939662827568242
PSYCH500_03526,PSYCH,500,1.0142561392142602,4.0828975507799115
ENGR300_03527,ENGR,300,1.340415032794159,3.2305328299777347
CHEM400_03528,CHEM,400,2.548564658857687,4.685097859668771
CHEM200_03529,CHEM,200,3.534780511346472,2.092267206323025
ECON500_03530,ECON,500,3.446928845567729,4.371132604773061
BIO500_03531,BIO,500,4.934600870152613,2.831505880811685
STAT300_03532,STAT,300,4.593172403210615,3.7865396672312586
PHYS500_03533,PHYS,500,3.057966769641124,1.1114627929522385
CS200_03534,CS,200,2.5866468879151556,4.658468743900343
CHEM300_03535,CHEM,300,2.1358930416415474,2.563247453272332
BIO500_03536,BIO,500,1.752391800129399,2.5348797455812937
STAT300_03537,STAT,300,2.286183832150241,3.029665703154502
ECON100_03538,ECON,100,3.1519285498219065,4.179151665155555
PSYCH100_03539,PSYCH,100,2.7519757190530405,4.50436002817451
PSYCH500_03540,PSYCH,500,4.031236939257967,3.914409376234344
BIO100_03541,BIO,100,4.101620226289999,4.653327443672444
MATH100_03542,MATH,100,2.0460642918206062,1.9546723559648824
BIO500_03543,BIO,500,2.7966796982084103,4.047133899417561
PSYCH100_03544,PSYCH,100,1.026538182190222,2.172130227497276
CS200_03545,CS,200,2.4506202786654194,2.2770684585956515
BIO100_03546,BIO,100,2.067159431166398,3.973984632266804
PHYS100_03547,PHYS,100,1.1232311093337692,4.289415056525629
ENGR100_03548,ENGR,100,3.7802924513071163,2.271872964613162
ECON300_03549,ECON,300,4.962087965039748,2.793044534563464
MATH300_03550,MATH,300,4.561784633452396,3.844790301741604
PSYCH500_03551,PSYCH,500,1.144763962600606,1.637670069839484
CHEM100_03552,CHEM,100,4.79827131356606,1.0498304527599132
PHYS100_03553,PHYS,100,1.060423242527897,1.7513960528386323
ENGL400_03554,ENGL,400,1.424380033236659,1.2967450987463431
ENGL200_03555,ENGL,200,3.730127216759872,2.342182972390177
MATH200_03556,MATH,200,4.927585597930488,1.8157253550721344
BIO400_03557,BIO,400,3.6410668108443596,4.119769162986815
ENGL400_03558,ENGL,400,2.0709756924494847,4.828036410745371
CHEM400_03559,CHEM,400,2.480023379445786,3.9890625508303166
PSYCH100_03560,PSYCH,100,3.8680220482402943,4.6002616318744165
STAT400_03561,STAT,400,3.4893387841876016,3.518864262364678
ECON300_03562,ECON,300,3.991369408229836,4.8094447297532135
ENGR300_03563,ENGR,300,1.6547263025808565,3.6886686324726576
ENGR300_03564,ENGR,300,1.9111442046057148,2.1874487183379956
ENGL200_03565,ENGL,200,2.0970727663248785,4.164340511659761
ENGR500_03566,ENGR,500,2.373310055091602,1.1374448936586057
ECON400_03567,ECON,400,1.7714298100995527,2.531254721823771
PSYCH400_03568,PSYCH,400,3.3760536471135767,4.992948236582704
ECON100_03569,ECON,100,3.665510843901415,3.3783903694022466
ECON300_03570,ECON,300,2.3576781455367506,1.363230917731988
PHYS400_03571,PHYS,400,3.075660581855001,1.2404023426528483
PHYS200_03572,PHYS,200,3.6362023392857874,4.041490543145512
STAT200_03573,STAT,200,1.2630970189206527,4.546099683957347
ECON500_03574,ECON,500,2.8987580739346943,2.904698725072196
MATH100_03575,MATH,100,3.0474335342089756,4.045971541266052
MATH100_03576,MATH,100,2.8786430855419125,4.182073067870422
ENGR300_03577,ENGR,300,2.6980010268357777,1.9002178558811136
ENGR200_03578,ENGR,200,4.995979048930362,4.015638354605592
PSYCH400_03579,PSYCH,400,2.031402838577333,2.4677303313080654
PSYCH500_03580,PSYCH,500,1.9395822566035918,3.2932453635119794
PHYS100_03581,PHYS,100,1.012156632161147,3.334102686449107
CS200_03582,CS,200,2.270081066952649,2.151406070480503
MATH300_03583,MATH,300,4.687402093878468,3.5415063920898646
PHYS500_03584,PHYS,500,4.231930001709435,1.7430990861896913
ENGL500_03585,ENGL,500,1.4424643759240423,2.314276866274656
ENGL200_03586,ENGL,200,3.4378699613507084,2.4894786768562027
PSYCH200_03587,PSYCH,200,1.6065810351047043,2.7870987511743412
PSYCH400_03588,PSYCH,400,1.2401137632372472,4.422645975995383
ENGR400_03589,ENGR,400,1.1757754181819493,4.299405516060597
STAT300_03590,STAT,300,3.3451605371721627,4.330751301465668
CS500_03591,CS,500,1.9101773559938593,3.5056612045896176
MATH100_03592,MATH,100,1.1023795907523124,1.6067363124203768
ENGL400_03593,ENGL,400,2.3892989403957463,2.2501954486860805
PSYCH500_03594,PSYCH,500,1.7197929850894442,4.520810538596812
BIO300_03595,BIO,300,4.2733129275849535,4.289094243768173
PHYS300_03596,PHYS,300,2.7513013985943107,4.257223400691389
STAT500_03597,STAT,500,2.4555284477937223,3.11942307712212
CS500_03598,CS,500,4.419616553675835,1.7903149695047458
STAT300_03599,STAT,300,4.03520071012902,4.424818355465706
STAT100_03600,STAT,100,2.403950689950613,4.279161293893443
MATH400_03601,MATH,400,4.902639264275427,2.1911137703415435
BIO300_03602,BIO,300,3.063676404193396,2.5732894300747455
ENGR200_03603,ENGR,200,2.1168424066437357,1.2324447916887649
PHYS100_03604,PHYS,100,1.2446088101860076,2.5607215933031067
STAT300_03605,STAT,300,3.4604821116802356,3.825687527234682
ENGR200_03606,ENGR,200,2.0703921375287324,2.4146242052318265
ENGL300_03607,ENGL,300,4.635379795498712,4.115783011114731
CS400_03608,CS,400,4.880111013144919,2.694566180226209
STAT200_03609,STAT,200,2.8521093876006147,2.38666726755553
BIO500_03610,BIO,500,1.498389867476143,3.199412387683904
PSYCH400_03611,PSYCH,400,1.3897098910358419,3.918290385284422
PHYS500_03612,PHYS,500,1.55236323026777,4.9665502893104865
CS100_03613,CS,100,1.82599704269877,3.56981366039491
MATH100_03614,MATH,100,3.4665164633635364,2.936326198324869
BIO500_03615,BIO,500,1.2732725296630476,4.0964688905016065
CHEM400_03616,CHEM,400,1.7819734693288973,1.774690694760233
CS500_03617,CS,500,4.784591116130889,2.7084121029164394
BIO200_03618,BIO,200,3.3704697319943824,2.769446683500559
PHYS300_03619,PHYS,300,3.2138234277791096,3.116242117702726
CS300_03620,CS,300,3.999947289772174,3.3174451205338817
STAT200_03621,STAT,200,3.405523974085453,1.4851996144869561
STAT200_03622,STAT,200,3.911221394267175,1.541659593192438
PSYCH500_03623,PSYCH,500,3.4428380348299235,2.383802289404377
PSYCH400_03624,PSYCH,400,3.7487587153622024,4.790303710461187
PSYCH500_03625,PSYCH,500,1.3743847281656092,1.8662058863255755
PHYS200_03626,PHYS,200,2.2791980461488515,4.949804179563735
PSYCH500_03627,PSYCH,500,1.688029484907783,3.468732472098162
CHEM500_03628,CHEM,500,2.2238319695884528,1.0770247798355816
PSYCH200_03629,PSYCH,200,1.322727497715595,2.8310090612068204
ENGR500_03630,ENGR,500,1.7813113033850754,3.3503292982968143
ECON500_03631,ECON,500,1.2097430376642606,3.442763881263937
PSYCH200_03632,PSYCH,200,3.9314083763225476,2.706687457095884
ENGR500_03633,ENGR,500,2.70072547954435,4.6350396706812615
ENGL200_03634,ENGL,200,3.8288839016898617,2.1338463374884773
ECON100_03635,ECON,100,4.054284052317273,1.855707566690147
CHEM400_03636,CHEM,400,1.7643483187616447,1.6314227411125501
CHEM300_03637,CHEM,300,4.465035834811002,2.053752797031192
PSYCH300_03638,PSYCH,300,4.113362383380808,1.1949229875855618
MATH500_03639,MATH,500,3.3052767439917172,3.550457152228064
BIO100_03640,BIO,100,1.9499530982535385,1.7061514994758276
ENGR500_03641,ENGR,500,3.6329004153643396,1.885846156748769
CHEM300_03642,CHEM,300,1.533380614837049,4.337350301219184
ECON500_03643,ECON,500,2.3897377820314194,1.7862323220975194
ECON100_03644,ECON,100,2.6766569022809117,2.056700599850948
ENGR500_03645,ENGR,500,3.398104785944899,1.6889351071594905
ENGL400_03646,ENGL,400,2.228790473026998,2.3411173285977376
ECON400_03647,ECON,400,2.2545622874340507,3.6299206742138805
BIO500_03648,BIO,500,2.6882017708420296,1.8363156764481108
CS100_03649,CS,100,2.4477685852177595,4.702823262397176
MATH300_03650,MATH,300,1.8069778012486117,4.3361985558879175
PSYCH200_03651,PSYCH,200,3.8906317929975884,1.844975515288381
CS200_03652,CS,200,1.5212399764299986,1.5014152715774443
PHYS400_03653,PHYS,400,2.8392920503418995,1.0097152513172505
STAT300_03654,STAT,300,3.7626589964890216,4.6412340933706995
ECON300_03655,ECON,300,2.25177154524405,1.7842793697964883
CHEM300_03656,CHEM,300,2.4784748248069284,3.8782445010319693
PSYCH400_03657,PSYCH,400,2.720838203623073,1.2847102719695593
STAT300_03658,STAT,300,2.0260443416944014,1.9290347490510888
MATH100_03659,MATH,100,2.4004057473525844,4.977997427196847
CHEM300_03660,CHEM,300,2.789739846605245,1.1258223894796693
CS300_03661,CS,300,1.8201110797262219,4.584577677136955
STAT500_03662,STAT,500,1.9913990520031675,4.820075457184853
ENGL500_03663,ENGL,500,4.600942572553757,4.508025422032754
CS300_03664,CS,300,1.2489169672437477,1.226022852184947
CS300_03665,CS,300,3.816190200906673,4.891532946945905
PHYS300_03666,PHYS,300,4.954553899799713,4.935982082083498
ECON400_03667,ECON,400,1.3680111957460657,4.704758630979852
PSYCH500_03668,PSYCH,500,3.99668440119831,1.5883985534968046
BIO500_03669,BIO,500,4.754166939323989,4.808256481205461
CS300_03670,CS,300,2.1407010018984085,1.3419088058116828
ECON400_03671,ECON,400,2.7241849422268967,2.6476991402187715
STAT300_03672,STAT,300,1.0710702930681575,1.6894195509580174
PSYCH200_03673,PSYCH,200,2.590404655069456,1.6238539982930051
BIO200_03674,BIO,200,4.758747235608523,3.514991715243791
ECON100_03675,ECON,100,2.1042892343686366,2.051118769917117
ECON400_03676,ECON,400,2.692495426310431,1.401950339415369
STAT400_03677,STAT,400,4.33133326539695,3.7267927077857173
PHYS300_03678,PHYS,300,4.289885270532402,3.9521982541260177
BIO200_03679,BIO,200,4.905222757307378,4.063691012155022
ENGR100_03680,ENGR,100,3.7768285668967323,4.346192744094253
CS100_03681,CS,100,1.5624345692755766,3.663836843172376
MATH100_03682,MATH,100,1.884481098396626,1.6832037749988609
PSYCH400_03683,PSYCH,400,1.0630071081393906,4.572072802532578
ENGR100_03684,ENGR,100,1.095258148864993,4.011947276796217
PSYCH400_03685,PSYCH,400,2.1951135405369815,3.038729396878638
ENGR200_03686,ENGR,200,2.5536987800393707,2.7853821297602086
BIO200_03687,BIO,200,4.520170108128106,1.9194988483985127
CHEM300_03688,CHEM,300,4.034646127694803,4.372313923758119
PSYCH200_03689,PSYCH,200,1.1985451533298566,1.5688957939993977
CHEM400_03690,CHEM,400,4.918763017246218,4.554076020411671
STAT400_03691,STAT,400,4.373326577329374,3.5420483889632877
MATH500_03692,MATH,500,1.667620813904851,1.0139545903274225
ENGL500_03693,ENGL,500,4.043681166258816,4.504303977142767
PHYS200_03694,PHYS,200,2.2836872757749034,1.2833105269379685
ENGL500_03695,ENGL,500,3.119855510980554,1.4663113272410948
BIO400_03696,BIO,400,3.1754405494900766,1.035410335459324
ENGL200_03697,ENGL,200,3.458860128789882,1.109592414489705
ENGR300_03698,ENGR,300,1.3442432218506268,2.781591368883799
STAT100_03699,STAT,100,3.1922063505013107,1.9555804703098163
BIO400_03700,BIO,400,4.884626156343604,4.737774042255493
ECON100_03701,ECON,100,2.9578931403536037,4.640332861780143
CS300_03702,CS,300,2.349636522286117,3.113403697841256
MATH100_03703,MATH,100,1.7440874465626188,2.9510405231796994
ENGL200_03704,ENGL,200,2.7236243283208,1.994888568101938
ECON100_03705,ECON,100,1.3968838610638952,2.993601387591663
PSYCH500_03706,PSYCH,500,3.0337789398615747,2.927971536439721
ENGL300_03707,ENGL,300,3.9941843857036092,4.608861066672981
STAT300_03708,STAT,300,3.6433336357260884,1.5667708003249863
PHYS200_03709,PHYS,200,3.3181916179882047,1.4981225306032822
MATH100_03710,MATH,100,2.9127120366033363,2.040672255156885
ENGL100_03711,ENGL,100,4.535805772126358,3.7056249018602414
ENGR100_03712,ENGR,100,3.413645000454333,2.2156245994288155
CHEM400_03713,CHEM,400,3.8514589433495012,2.1878798021567376
CS500_03714,CS,500,4.999727622084978,4.335133139853461
CHEM100_03715,CHEM,100,4.804970913148815,1.9830238073086193
MATH100_03716,MATH,100,2.960568681315278,3.157475905476629
CS100_03717,CS,100,2.9863960877181235,2.7210217821366416
BIO100_03718,BIO,100,4.049826957146962,4.5868691147274525
PHYS200_03719,PHYS,200,2.5071937864875196,4.123685836591612
STAT100_03720,STAT,100,4.275419055945424,4.663912887747973
STAT400_03721,STAT,400,4.772286381022445,4.434920084716336
ECON500_03722,ECON,500,1.7046967326127835,4.734150340512448
CHEM300_03723,CHEM,300,4.856709403833641,2.985231567640499
PHYS300_03724,PHYS,300,1.941532189084655,1.3937703844824885
CHEM300_03725,CHEM,300,3.8174390409749255,2.1155024345463476
PHYS500_03726,PHYS,500,2.080166593639159,4.968666376796796
ENGR300_03727,ENGR,300,3.4702090049118404,1.106291802531226
CS200_03728,CS,200,1.9697651902814823,1.0670591735780661
ENGL100_03729,ENGL,100,3.0609210985498665,1.4253333360702185
MATH400_03730,MATH,400,4.716631806984747,1.8823728632877428
ENGR500_03731,ENGR,500,4.714280441262853,1.7388747095874506
MATH300_03732,MATH,300,2.4744874946310165,3.967250469611007
ECON500_03733,ECON,500,3.9727446798740016,3.0437576441282475
PHYS200_03734,PHYS,200,4.12851658814558,1.80752507493913
BIO500_03735,BIO,500,4.8419431474237715,2.791191926352829
ENGL100_03736,ENGL,100,1.660921824523482,2.468379337697772
STAT500_03737,STAT,500,4.103765479086089,2.4978080688241144
ECON200_03738,ECON,200,3.0506092558898223,2.327152884099348
CS300_03739,CS,300,2.5787571185930123,3.968649156394923
PSYCH400_03740,PSYCH,400,2.6372155870942566,4.0730116933491285
ENGL500_03741,ENGL,500,3.7037658293959907,1.0773707295182717
MATH500_03742,MATH,500,2.8796608726515314,2.807496169021515
PHYS300_03743,PHYS,300,3.536899922477005,3.9569996652004584
PHYS300_03744,PHYS,300,4.711683084057732,4.896542069124559
ENGR300_03745,ENGR,300,4.923000845921117,3.1014752631544646
CS200_03746,CS,200,2.524757889799753,1.7820986585668566
ENGL200_03747,ENGL,200,2.6438880904219886,4.6100904360802595
STAT500_03748,STAT,500,1.9505921436198,1.40018030223774
ENGL100_03749,ENGL,100,4.291940151693522,3.324241169312233
PHYS100_03750,PHYS,100,3.446510673672155,2.3773264529318667
ENGL300_03751,ENGL,300,4.67055029222529,3.796714797611327
MATH100_03752,MATH,100,4.970194936046753,2.0229745236226533
BIO200_03753,BIO,200,3.6513622517911077,3.0262192619905623
BIO400_03754,BIO,400,3.7777742783383808,1.9709436550516801
MATH300_03755,MATH,300,4.165100997075534,1.0743730893133772
BIO100_03756,BIO,100,3.103672834200256,1.5254605782122739
CS200_03757,CS,200,2.166626304730891,3.8011240553771697
MATH500_03758,MATH,500,3.3815328145046024,2.966688133940941
ECON100_03759,ECON,100,2.5272261329200156,4.605213941633762
CHEM200_03760,CHEM,200,2.6117332148136385,3.5013548562642156
PSYCH300_03761,PSYCH,300,4.084451795266197,3.7470289025206593
STAT100_03762,STAT,100,4.321183705222626,1.1644131223734266
PSYCH200_03763,PSYCH,200,4.612684281073267,2.534863536289718
ECON200_03764,ECON,200,3.674646103679778,2.1407264049456676
ENGR500_03765,ENGR,500,1.5660884261565502,3.1067796525128717
ENGL200_03766,ENGL,200,2.764155936806966,4.943866166003632
ECON300_03767,ECON,300,1.6448297490396313,3.8159427402459607
ECON100_03768,ECON,100,1.492944913217117,4.523386327456837
CHEM400_03769,CHEM,400,3.8372697010533994,4.938447040491454
CHEM200_03770,CHEM,200,2.444895961413473,2.309459763748186
ENGR500_03771,ENGR,500,4.222782252273788,4.70732597868982
CS500_03772,CS,500,4.136889030359127,1.3291515404346779
STAT200_03773,STAT,200,4.169821615656343,4.020002765221088
ENGR300_03774,ENGR,300,3.3725954655460146,2.3288364516232964
CHEM300_03775,CHEM,300,4.8007705130454745,2.7655651735598874
PHYS200_03776,PHYS,200,2.52406263746749,2.656348620255365
PHYS500_03777,PHYS,500,4.47947495515662,1.9350346226887418
PHYS500_03778,PHYS,500,1.1042837618840329,1.5613484330288654
PHYS300_03779,PHYS,300,3.118437405046459,2.94561435722952
ECON100_03780,ECON,100,3.9077273973366062,1.0229698419442075
MATH200_03781,MATH,200,2.1093929575259627,1.3070033935695093
STAT100_03782,STAT,100,4.9423883087933955,2.391497014217749
CHEM100_03783,CHEM,100,1.619115110683497,3.7729626149006865
ECON300_03784,ECON,300,1.8672595271183092,1.822649963026632
MATH300_03785,MATH,300,3.8286450018712377,3.176242540262642
ENGL200_03786,ENGL,200,3.544161879194068,1.575192379499514
PSYCH300_03787,PSYCH,300,1.6141170059600447,1.8989477006697126
ENGL500_03788,ENGL,500,2.7926307550876768,1.0697550005573904
STAT500_03789,STAT,500,1.2105668314937623,2.1262191048699286
ENGR500_03790,ENGR,500,1.6447591896176048,2.1818214101630966
CHEM400_03791,CHEM,400,4.0046141659661,4.383653949733921
PHYS200_03792,PHYS,200,3.9068777596701434,2.731018421265046
ECON500_03793,ECON,500,2.1165509670160145,4.321940580228469
CS400_03794,CS,400,2.549050840157669,3.9888913005400313
PHYS100_03795,PHYS,100,3.257986037292506,2.4251548298391716
CS300_03796,CS,300,1.5102752128181867,3.352554116767238
STAT300_03797,STAT,300,3.9831571081568193,4.183359268729522
MATH200_03798,MATH,200,1.6685399087662076,4.170257127715071
ENGR300_03799,ENGR,300,1.0170028203889965,1.7355978742634695
ECON200_03800,ECON,200,2.225733008782827,4.612657023382095
CHEM200_03801,CHEM,200,1.8293436133282075,2.386963193242193
CHEM100_03802,CHEM,100,4.287913303138622,2.079305896772345
CS400_03803,CS,400,1.0650254637174248,3.66657717356318
BIO300_03804,BIO,300,1.9012300429601803,3.109618282744172
PSYCH500_03805,PSYCH,500,2.5587820284729026,2.9210718059436167
BIO400_03806,BIO,400,2.893601443439481,4.487698157096499
PSYCH300_03807,PSYCH,300,1.8783927837347072,3.789854028932688
BIO500_03808,BIO,500,2.4992072405286843,2.2498669078577977
STAT100_03809,STAT,100,1.6127331072910303,3.0930201317135873
BIO200_03810,BIO,200,2.588479002342718,3.495941380163473
CS500_03811,CS,500,4.391940011927073,4.408495895086162
ECON200_03812,ECON,200,1.8400236381709796,3.344137331012652
BIO400_03813,BIO,400,1.9585867704926962,3.4985363823717863
ECON100_03814,ECON,100,2.451968236023708,1.7464704703779241
ECON500_03815,ECON,500,1.4809000615246481,1.4966618069379671
BIO100_03816,BIO,100,1.8093096478502515,4.795706895300229
CS300_03817,CS,300,4.2038388835683635,3.5123125987950643
STAT200_03818,STAT,200,1.12457056761626,3.2562961966777264
CS500_03819,CS,500,2.508819330913621,4.263907932274597
PSYCH400_03820,PSYCH,400,4.76639597344023,4.618847664993662
ECON500_03821,ECON,500,4.105816401070819,3.336679632757104
ENGR100_03822,ENGR,100,1.26394447540045,2.9348651949025086
ENGR300_03823,ENGR,300,2.771462450301258,2.764295497151926
ENGL200_03824,ENGL,200,1.2294779707908443,1.435113490302843
CHEM400_03825,CHEM,400,2.76344734212482,1.7817442386472853
PHYS200_03826,PHYS,200,1.197493188407246,4.461508224652852
BIO100_03827,BIO,100,3.126876483606454,1.2503185540784507
PSYCH300_03828,PSYCH,300,3.1444752073994917,4.301950388749481
STAT100_03829,STAT,100,1.2188172008432794,1.955576298854448
BIO100_03830,BIO,100,2.7914937295426134,1.482737164188666
PSYCH200_03831,PSYCH,200,2.2560016648728745,4.503146023730236
ECON400_03832,ECON,400,2.3470398047648873,4.990392620155875
ECON400_03833,ECON,400,3.0843550456277695,4.040955486497648
BIO400_03834,BIO,400,3.4831036474005903,1.3884179623858701
MATH200_03835,MATH,200,3.6973494898934156,1.8196162400369698
PHYS300_03836,PHYS,300,1.1974584367150918,1.28073696804165
STAT400_03837,STAT,400,2.731864659863739,1.8684015358025263
ENGR100_03838,ENGR,100,1.1975139839318403,3.6697687174373046
ECON100_03839,ECON,100,1.8198148023408902,4.34652138449643
ECON300_03840,ECON,300,4.00485909333111,1.9007844791393849
CHEM400_03841,CHEM,400,1.0799670890999589,3.5117153579538294
ENGR500_03842,ENGR,500,1.7098275159226133,4.894906476062278
STAT500_03843,STAT,500,4.986368191402388,1.3887678563200114
CHEM200_03844,CHEM,200,1.764064496008365,3.898712330632369
CS500_03845,CS,500,3.190422510683379,4.4952749659514355
ENGL400_03846,ENGL,400,2.7583669753480113,3.5955800301906176
PHYS100_03847,PHYS,100,1.6766026205196907,1.6097256277802927
ECON100_03848,ECON,100,4.779027483395488,2.1735678776696834
CHEM500_03849,CHEM,500,2.3950421567486604,3.6096901880720176
PSYCH500_03850,PSYCH,500,3.7573128984752757,4.191859206460345
ENGL500_03851,ENGL,500,4.555071159258906,4.486535779686446
PHYS500_03852,PHYS,500,4.6596060392973655,1.6715289290146584
CHEM200_03853,CHEM,200,2.0081994811555863,1.583676968247476
CS300_03854,CS,300,1.2638367207212178,4.563978279633989
CHEM100_03855,CHEM,100,4.7466881011293065,4.783963268172046
PSYCH300_03856,PSYCH,300,4.05890397689787,3.894495297160673
CHEM500_03857,CHEM,500,2.7414246811704266,1.9070610341725223
ECON100_03858,ECON,100,4.785402957927044,3.3529895454523873
MATH100_03859,MATH,100,1.3943945899099548,3.9870537848514496
BIO300_03860,BIO,300,3.8821049389121978,3.199183019287667
ENGR300_03861,ENGR,300,4.450810429609056,4.319771839247926
ENGR300_03862,ENGR,300,3.2774519770486554,2.639396060328378
PSYCH500_03863,PSYCH,500,2.6269756807295583,1.1338367059964019
ECON500_03864,ECON,500,2.308235912993693,2.389112311672568
ENGL500_03865,ENGL,500,4.792884622830709,2.0719548312652765
STAT100_03866,STAT,100,3.8341887194875395,3.95331947656056
PSYCH200_03867,PSYCH,200,3.4121114843961813,3.975029508084391
CS200_03868,CS,200,2.467127313675413,2.6060353950472814
ENGR300_03869,ENGR,300,3.8205192833897916,2.927845528232368
MATH200_03870,MATH,200,3.654642539129811,3.2190823135991398
CS300_03871,CS,300,3.5556431847250907,4.141258886206232
PHYS500_03872,PHYS,500,2.264620322170565,2.376951459066142
PSYCH200_03873,PSYCH,200,4.24650154683599,4.216633341477163
ENGR100_03874,ENGR,100,3.256678517528967,1.7177459832343769
ENGR100_03875,ENGR,100,4.592030806505246,4.130010146104387
MATH200_03876,MATH,200,2.9339469760277206,3.5609671255046074
STAT300_03877,STAT,300,3.6965807077829096,2.556844514683209
ECON200_03878,ECON,200,1.8868077729510153,2.591913276287566
ENGL100_03879,ENGL,100,3.3014865209259185,4.6555597858511915
STAT300_03880,STAT,300,3.355541374742189,2.5277412163570117
CHEM400_03881,CHEM,400,1.3550932447232658,3.3745666262409895
ENGL400_03882,ENGL,400,3.3603600811338525,3.010474995883672
PSYCH100_03883,PSYCH,100,3.007221415774743,4.248588121606478
ENGL100_03884,ENGL,100,3.5513426272529713,1.027279155122986
ENGL300_03885,ENGL,300,3.7752382593504183,2.7382085991657585
PHYS100_03886,PHYS,100,4.555988095552988,2.1992631378656844
STAT400_03887,STAT,400,1.938813264938442,2.802227124833512
BIO500_03888,BIO,500,1.3045750814423425,4.434885917986804
CHEM500_03889,CHEM,500,1.252960138992961,1.107094990551234
BIO200_03890,BIO,200,2.409503096886353,3.097464426661952
CS100_03891,CS,100,3.777723239743612,2.3601508227700867
ENGL100_03892,ENGL,100,2.332872814916682,3.535294027943373
ECON100_03893,ECON,100,2.222025290692548,1.6409320260761864
ECON100_03894,ECON,100,3.8341887365247853,1.522729274199314
MATH500_03895,MATH,500,3.0415966820431097,1.4171054684717261
CS400_03896,CS,400,3.8946787433984573,1.1969144751701966
BIO200_03897,BIO,200,4.551882363866637,1.152046096674773
PSYCH500_03898,PSYCH,500,2.4630367203816275,1.6925256624847407
PSYCH200_03899,PSYCH,200,1.4421297803980568,2.1994031294915617
PSYCH300_03900,PSYCH,300,3.250743688343546,3.8472158416770137
ECON200_03901,ECON,200,4.759877601450949,3.312975698149078
BIO400_03902,BIO,400,3.406238480284414,3.8314935938868837
ECON300_03903,ECON,300,2.038904348274384,4.592000192173959
MATH200_03904,MATH,200,1.6874721174550413,2.3150059587166716
MATH500_03905,MATH,500,1.321263215921872,3.4264034545873847
CS400_03906,CS,400,1.4836992966962397,3.4900366856639247
STAT100_03907,STAT,100,3.673646486955084,4.5500009740515495
MATH400_03908,MATH,400,4.212390696507587,1.0866237780243155
STAT100_03909,STAT,100,2.3127395931648715,4.933799955665238
BIO100_03910,BIO,100,3.391431742588011,1.9661767476823324
STAT500_03911,STAT,500,1.1202244604263578,2.1219151664857754
ENGL300_03912,ENGL,300,3.5041189146142293,4.758208781734222
ENGR500_03913,ENGR,500,4.4797052685107825,4.74620157579561
STAT200_03914,STAT,200,2.898969735920052,4.147731267684238
PHYS500_03915,PHYS,500,3.0492667324501284,1.9737269825596657
CHEM200_03916,CHEM,200,2.0884568862204613,2.8510772665892605
ECON100_03917,ECON,100,3.185089022193028,3.647179123646585
MATH500_03918,MATH,500,2.423586027693973,1.5180288201150622
STAT100_03919,STAT,100,2.6103735804735297,3.1645960518699865
ENGL400_03920,ENGL,400,2.814364963695581,3.996813002536121
ECON500_03921,ECON,500,4.677520443772714,3.0981931293637435
MATH500_03922,MATH,500,4.487454715180284,1.1164863785562291
BIO200_03923,BIO,200,2.3748742733899393,1.5866400366607132
ENGL200_03924,ENGL,200,1.6546853777258241,1.224225324514335
MATH400_03925,MATH,400,1.254619502982425,1.1086433353377045
CS500_03926,CS,500,4.486510855177013,3.7380842927588387
CHEM100_03927,CHEM,100,4.6462708588000154,4.36638541501558
STAT300_03928,STAT,300,3.6417325184458167,4.0695360432358605
ENGL200_03929,ENGL,200,4.830762122176477,4.07071049316791
BIO200_03930,BIO,200,2.3247770285568334,2.968414043018295
CHEM500_03931,CHEM,500,1.981388552241377,1.322891301018727
STAT500_03932,STAT,500,1.1422692716891434,4.8128921396715025
ENGR300_03933,ENGR,300,2.14245098947069,1.670142751656591
CHEM200_03934,CHEM,200,1.321936323262193,4.499542749400551
PHYS300_03935,PHYS,300,4.145613037155455,2.1699654399280766
CS400_03936,CS,400,3.783151670530869,1.1176637392012667
ENGL100_03937,ENGL,100,4.419786513513147,4.440418960736274
BIO300_03938,BIO,300,2.182652698207422,2.217538954521059
ECON500_03939,ECON,500,4.085697690082965,3.976318189386737
ENGL400_03940,ENGL,400,1.1351931453572668,1.453429627187691
PSYCH400_03941,PSYCH,400,1.0983609962486427,4.07293036156033
ENGL300_03942,ENGL,300,1.5634395150883296,2.930582694641658
BIO200_03943,BIO,200,2.196257168348889,1.0929672030384134
ECON200_03944,ECON,200,1.8465919826878912,4.203509143703741
CHEM100_03945,CHEM,100,4.939079207504703,1.5835908253140816
ENGL400_03946,ENGL,400,2.4642408486546055,4.608468211694282
STAT100_03947,STAT,100,3.69079269151464,4.993332702319696
ENGR200_03948,ENGR,200,4.595152221284524,2.0521873477630175
ECON100_03949,ECON,100,4.836449958629817,4.463997216544213
ENGR300_03950,ENGR,300,3.380959899357258,2.2998607673976403
MATH100_03951,MATH,100,1.3640360207278488,4.273635598453934
STAT500_03952,STAT,500,2.354544443632274,3.729770600880629
ENGL400_03953,ENGL,400,3.717428704505004,1.931164556149581
ENGR400_03954,ENGR,400,2.7086086868662402,3.6840262106360626
PHYS400_03955,PHYS,400,3.027526851303147,2.768417813027292
PSYCH500_03956,PSYCH,500,2.52494254985618,1.5201180917529444
ENGL500_03957,ENGL,500,1.6746757096003027,2.6315874927017666
PHYS200_03958,PHYS,200,3.077630301780094,3.763289356594897
MATH100_03959,MATH,100,1.4340090899434577,1.97853786801377
PHYS500_03960,PHYS,500,3.291794494133321,1.65199005047028
ENGR200_03961,ENGR,200,2.5147234965509413,3.4931535128256095
PSYCH100_03962,PSYCH,100,2.521126530420843,3.942820005635795
PSYCH300_03963,PSYCH,300,2.5991205536573463,4.74389814686152
CHEM200_03964,CHEM,200,2.559661538344759,3.990615955562693
ENGL300_03965,ENGL,300,4.322364171048483,4.606994396677355
PHYS100_03966,PHYS,100,3.3617895819033983,3.392516079003057
BIO300_03967,BIO,300,2.969672349274929,3.9580828731884523
ENGR300_03968,ENGR,300,1.3722191106066188,4.461177820760382
CHEM200_03969,CHEM,200,3.6928305671139627,1.0443820869026958
BIO300_03970,BIO,300,1.7770420122542334,4.814809407071393
ECON300_03971,ECON,300,2.0703389791836533,4.055515326978796
PSYCH400_03972,PSYCH,400,3.717595330198703,2.0434442717557832
ENGL200_03973,ENGL,200,4.030326821470975,2.879589309861072
ENGR200_03974,ENGR,200,4.47791584499744,4.770177378013018
PHYS200_03975,PHYS,200,3.8250237665755855,1.0139559852640008
CHEM500_03976,CHEM,500,2.275815379631577,3.845122668837347
PSYCH100_03977,PSYCH,100,2.9670214635747523,3.8128537882962386
BIO200_03978,BIO,200,4.635331309084301,2.6534016494255868
ENGR100_03979,ENGR,100,2.576833448407269,3.631789491638873
ENGR200_03980,ENGR,200,1.9107936543362922,2.028307687564515
CS300_03981,CS,300,3.0210415731094202,4.444440411131142
BIO200_03982,BIO,200,4.071630601982694,4.47357225078897
BIO400_03983,BIO,400,3.0414371113960716,1.1646607858321478
PSYCH200_03984,PSYCH,200,4.170429543197388,4.4972916275126735
MATH200_03985,MATH,200,4.2881442127860305,4.4972947205034925
CS500_03986,CS,500,2.2037443585388465,1.6651454370470153
STAT500_03987,STAT,500,4.865104145659865,2.0066444225662967
ECON500_03988,ECON,500,4.724318853566642,1.8397490671735244
PHYS400_03989,PHYS,400,4.56470543955859,3.2883930848179177
MATH100_03990,MATH,100,1.5156882601826305,2.8007565479102863
PHYS500_03991,PHYS,500,2.3581366343824564,1.3830886034114989
ECON200_03992,ECON,200,4.717793318789955,4.5155806593129775
CS200_03993,CS,200,4.411553001285455,4.571868403160254
BIO500_03994,BIO,500,3.4269083219028564,3.232708036242437
MATH400_03995,MATH,400,4.863056905918376,4.983158626214445
PHYS200_03996,PHYS,200,4.971961378033702,1.7735430606627647
PSYCH400_03997,PSYCH,400,2.4743690072299236,2.062619339234225
CS500_03998,CS,500,4.81598202741263,3.4830818581274543
PHYS400_03999,PHYS,400,3.7042450936006794,2.4228571440082924
ENGR500_04000,ENGR,500,2.726532218909814,3.467395859819466
CHEM300_04001,CHEM,300,3.6259128039521493,1.2476736831536122
ENGR500_04002,ENGR,500,4.3330962283731616,1.2659799898177684
BIO100_04003,BIO,100,1.891380911866022,4.08422591330471
CHEM100_04004,CHEM,100,2.400437618417339,1.5074762860647426
CHEM300_04005,CHEM,300,3.3994401112475354,3.8475616940883737
CHEM100_04006,CHEM,100,4.716080538100442,4.521167052996118
PSYCH100_04007,PSYCH,100,2.176912756428467,2.3271285283065657
CHEM200_04008,CHEM,200,4.568774624961554,2.444454335722941
STAT400_04009,STAT,400,3.0406668152516922,3.4734260799258108
CS200_04010,CS,200,1.207067629376498,1.9634438420952658
ECON200_04011,ECON,200,1.73847298344772,1.2622071072891865
ENGL200_04012,ENGL,200,3.228850678603645,3.3741096093803633
PSYCH300_04013,PSYCH,300,3.65678073025876,4.212192955850474
PSYCH400_04014,PSYCH,400,2.3870564795017386,1.0846802319872904
BIO400_04015,BIO,400,1.225773468829325,4.564157406923229
ENGL400_04016,ENGL,400,2.7629798332682127,4.719826884453046
CS300_04017,CS,300,1.1802035291515454,3.9445273460359944
PHYS500_04018,PHYS,500,2.0480099555291784,2.9664941128143933
PSYCH400_04019,PSYCH,400,2.655061161602807,4.298930678346377
ECON300_04020,ECON,300,4.49761712883465,1.94132944895797
ENGR200_04021,ENGR,200,4.220085771637915,4.993304999549112
STAT100_04022,STAT,100,1.9228764379387262,3.6086778936191175
ENGR500_04023,ENGR,500,3.543807930197545,4.404017972806207
ENGL100_04024,ENGL,100,2.8110164673645524,4.356186256293161
CHEM300_04025,CHEM,300,4.2588079013913855,2.462328929461979
CS400_04026,CS,400,1.2146365647856228,4.719005564847697
PHYS200_04027,PHYS,200,1.0459337158215862,4.612276587491683
CS100_04028,CS,100,4.631777789232925,1.6029984578697816
BIO300_04029,BIO,300,1.5022718940629094,1.6770060771297013
PHYS500_04030,PHYS,500,4.464363567370286,4.076179780029981
MATH300_04031,MATH,300,3.521951717333597,2.6138143892886543
PHYS200_04032,PHYS,200,3.646517435239869,2.238073467318762
ENGL200_04033,ENGL,200,1.1395700906940363,2.1009014061983167
ECON200_04034,ECON,200,1.6083490945077998,1.669947518441766
STAT400_04035,STAT,400,3.84465609683044,4.01728428288456
ENGL500_04036,ENGL,500,4.110956085800325,3.1916010096587315
CHEM300_04037,CHEM,300,1.3465187633091436,3.286868506367828
PSYCH400_04038,PSYCH,400,3.9333996681141152,1.0391015697671544
CHEM300_04039,CHEM,300,4.486399259510053,1.8841836231573401
PSYCH400_04040,PSYCH,400,2.2945804065972943,4.11136533025781
ECON100_04041,ECON,100,4.987242724165121,4.469894938211624
ECON200_04042,ECON,200,1.6485548740759066,4.380793110788396
ENGL200_04043,ENGL,200,3.3796904988228267,1.270602070972899
CHEM400_04044,CHEM,400,3.1679287871946404,3.9313061273399756
MATH200_04045,MATH,200,2.9893433844487185,1.9896699352675133
ECON300_04046,ECON,300,1.8413132350908077,1.247072799594017
PSYCH500_04047,PSYCH,500,2.0766430404211604,2.602034666686051
CHEM400_04048,CHEM,400,3.136129539460714,2.287403041693066
ENGL100_04049,ENGL,100,4.402592159024831,1.4290216690200856
MATH300_04050,MATH,300,4.870243875141556,4.343050811505133
STAT500_04051,STAT,500,2.446748313535573,1.1577165369513143
PSYCH400_04052,PSYCH,400,4.565809099539342,3.402447938150289
PSYCH400_04053,PSYCH,400,2.7191237805849187,3.579687044128586
CHEM400_04054,CHEM,400,1.1020461791718414,3.7353214592729476
ENGR400_04055,ENGR,400,1.89232625232221,1.1777337707594242
PHYS300_04056,PHYS,300,3.788119596137925,3.8957041473674385
ENGR300_04057,ENGR,300,2.9863844122193375,1.3096527345318005
CHEM300_04058,CHEM,300,4.965258390606401,1.8114720762455065
MATH200_04059,MATH,200,2.3425880527037988,4.5299586931638505
BIO400_04060,BIO,400,2.056156833658416,1.4933468798514244
BIO400_04061,BIO,400,1.9229268248942093,3.1802963675142224
CHEM500_04062,CHEM,500,3.2459243373132574,4.244764931534201
MATH400_04063,MATH,400,3.443922878026468,2.9674187966246413
ENGR300_04064,ENGR,300,1.9582862717383653,4.497208951795852
MATH200_04065,MATH,200,2.1798341470719533,3.832399611242479
PSYCH200_04066,PSYCH,200,1.9964806338095111,2.2840676201019456
PSYCH200_04067,PSYCH,200,2.205102526685261,2.3529656041729883
MATH300_04068,MATH,300,3.672337523221084,2.4989254962971885
ECON500_04069,ECON,500,4.724301190433565,1.4469036822941574
PSYCH100_04070,PSYCH,100,1.0442526477214744,4.840095466837258
ECON300_04071,ECON,300,4.397752994839665,1.1440772723363652
ECON400_04072,ECON,400,3.404947154499946,1.1962966259098646
BIO100_04073,BIO,100,1.1201461023026482,2.7111708639804313
BIO300_04074,BIO,300,4.133081109003664,1.3232344065244148
CS300_04075,CS,300,2.0641095703759786,2.017524584994654
MATH100_04076,MATH,100,3.093921828138254,4.410398227539535
STAT500_04077,STAT,500,3.9788338915338506,1.8921282110655735
ECON100_04078,ECON,100,4.776472760109169,1.6323573045544038
STAT200_04079,STAT,200,1.2305717333800743,2.1963733583091978
ENGL500_04080,ENGL,500,2.550669503456111,4.5241464316590925
MATH200_04081,MATH,200,2.377621878241163,2.6055683612640825
PHYS200_04082,PHYS,200,1.7480563282301085,3.750648135064305
CHEM300_04083,CHEM,300,4.1894750541930605,4.465945170012507
MATH400_04084,MATH,400,1.9974284380970366,3.3687333841405818
ENGL100_04085,ENGL,100,4.348322480823899,4.397103376318013
ENGR200_04086,ENGR,200,4.930350251750545,3.358744785340064
ENGL100_04087,ENGL,100,2.5155926319371247,2.4421646886666477
CHEM200_04088,CHEM,200,3.4294911653662097,1.106994365075074
ECON500_04089,ECON,500,3.8816407103775483,3.602772289922062
STAT500_04090,STAT,500,2.521434371409494,1.6772546104655213
PSYCH500_04091,PSYCH,500,4.13117391067532,4.613723030837221
ECON400_04092,ECON,400,2.820469446605922,3.4885610064204458
BIO200_04093,BIO,200,3.7210525723833925,4.4053037393459995
PSYCH100_04094,PSYCH,100,1.8925434064197937,2.1308046338650195
PSYCH200_04095,PSYCH,200,3.9640410955343692,1.078272817417762
PHYS100_04096,PHYS,100,1.2293880610023877,2.7753758486469517
BIO300_04097,BIO,300,2.6616958463266642,3.711714040253743
BIO200_04098,BIO,200,4.004468386094732,2.3370055984064004
ECON300_04099,ECON,300,3.6951119516226436,3.7765009587197227
CS500_04100,CS,500,2.8717509586655563,3.7203551053108406
MATH200_04101,MATH,200,4.982915060535435,1.6835567262417035
ECON300_04102,ECON,300,1.2864426950877803,3.1493760579768346
CS100_04103,CS,100,1.280876007853446,4.949906163229496
CHEM500_04104,CHEM,500,2.469955042001231,4.503156631041385
PSYCH400_04105,PSYCH,400,1.181718004194646,4.21323654823283
ECON400_04106,ECON,400,2.2136315419505164,1.8545413342393737
MATH100_04107,MATH,100,3.061692417377425,4.151366813130913
CHEM400_04108,CHEM,400,1.9865097058053554,1.1720148524475285
CS500_04109,CS,500,2.5663649419425547,2.35431434077519
CS100_04110,CS,100,3.9071391845060197,4.634564147144433
CS100_04111,CS,100,1.8939066804871545,4.89754395330941
CHEM400_04112,CHEM,400,2.9661443576188784,1.990374787108931
MATH400_04113,MATH,400,1.5922864697019277,3.293605649327522
CS500_04114,CS,500,3.5407206902465567,3.472682172793946
MATH500_04115,MATH,500,1.293977231120747,3.3257667862802727
ENGL300_04116,ENGL,300,3.37126958434984,1.7645240374070559
CS300_04117,CS,300,2.4636736614803927,3.943012639177521
CS400_04118,CS,400,1.6554374808312349,1.864617297412697
BIO400_04119,BIO,400,1.815743122716737,2.7066418998189774
BIO400_04120,BIO,400,4.457283103460094,3.08743166811052
CHEM300_04121,CHEM,300,3.610703805826668,4.975918313040454
ENGR500_04122,ENGR,500,4.566331826251882,2.651665886421433
ECON200_04123,ECON,200,4.926947081340964,4.622092126244441
PHYS200_04124,PHYS,200,3.0055255093282147,3.13242096286238
CS100_04125,CS,100,4.537608101479449,3.07081884238783
BIO300_04126,BIO,300,1.4739335159259017,2.5414500253506493
BIO400_04127,BIO,400,4.447845995700714,2.4977199916045656
MATH300_04128,MATH,300,1.3076143840412535,2.4708325624510685
ENGR500_04129,ENGR,500,3.6781309610184123,4.919920675695584
MATH300_04130,MATH,300,4.59050880731084,4.467351106438029
STAT100_04131,STAT,100,1.927461017271208,2.315340860466819
PHYS100_04132,PHYS,100,1.6484392303515154,4.251543191942482
MATH500_04133,MATH,500,3.75048217830953,4.488107979828396
ENGL500_04134,ENGL,500,3.9987154379444463,1.694874143275626
BIO200_04135,BIO,200,3.163858824213823,3.210870471232299
CHEM400_04136,CHEM,400,1.6029975378192471,4.993141864702281
ENGL300_04137,ENGL,300,2.969868920455335,4.755436169981701
MATH500_04138,MATH,500,2.7368574224386073,3.496311230630402
MATH500_04139,MATH,500,4.264377885309661,2.2661807942518424
MATH200_04140,MATH,200,2.310101612769582,4.518857400682088
MATH300_04141,MATH,300,4.0540017445197964,2.227631664204664
PHYS300_04142,PHYS,300,1.1545711911039085,2.120391608969699
STAT400_04143,STAT,400,3.0740875074875356,2.1678892276921076
ECON200_04144,ECON,200,2.550907441485576,4.577001738506054
MATH500_04145,MATH,500,4.397043440569327,2.761516228115494
ENGL300_04146,ENGL,300,3.910712449963394,4.854395275946198
ENGR300_04147,ENGR,300,2.164573667884058,2.1262624383236495
ENGL300_04148,ENGL,300,1.824954853587137,4.262569350181491
STAT300_04149,STAT,300,3.7489425538556254,1.6152187272370804
STAT300_04150,STAT,300,3.6450684940222833,4.148447176082517
PHYS500_04151,PHYS,500,3.8892305690849165,4.345913544634939
PHYS500_04152,PHYS,500,3.764554235369228,3.5039288157963995
CS200_04153,CS,200,2.509111031101326,1.9653207183805543
ENGR300_04154,ENGR,300,2.5453836693101755,4.518508921145831
MATH400_04155,MATH,400,2.6552491098473925,4.214036101189755
PHYS400_04156,PHYS,400,2.161474043726996,1.93818257190284
ECON100_04157,ECON,100,4.591614968762961,1.9181218189247704
STAT500_04158,STAT,500,4.426838297116649,4.656785021301904
PSYCH500_04159,PSYCH,500,4.375515441960774,3.9765270231055996
ECON400_04160,ECON,400,4.336083840572105,1.2054762661046898
CHEM200_04161,CHEM,200,4.041480734945142,3.6431954141043237
CHEM400_04162,CHEM,400,2.395200209765002,4.39808563769124
MATH400_04163,MATH,400,1.86264648606518,3.222110521597129
STAT500_04164,STAT,500,2.4961568060558497,3.0771424740058873
CHEM300_04165,CHEM,300,1.1715526537451515,1.7918423966811226
ENGR500_04166,ENGR,500,1.4045961496443824,4.309728117397249
PSYCH200_04167,PSYCH,200,1.2270848907842233,2.224390429069737
BIO400_04168,BIO,400,3.7941013635232186,3.707427290206842
ENGR400_04169,ENGR,400,1.0502631646862342,3.2796540202909874
BIO400_04170,BIO,400,2.1377408307981223,2.6845160496697034
CHEM300_04171,CHEM,300,1.8841839532773927,4.717354091191514
STAT500_04172,STAT,500,1.9275423511596452,3.2836520110342002
STAT500_04173,STAT,500,3.3491224188225677,1.7037871822689739
CHEM200_04174,CHEM,200,3.1728319302230816,4.611904848523914
ENGR100_04175,ENGR,100,2.6950354922591453,3.57640613926348
CS500_04176,CS,500,4.247440266876135,1.5010854552276442
CHEM100_04177,CHEM,100,1.019608746236842,1.6754441328903344
STAT400_04178,STAT,400,1.8591469241058287,3.5732033265031973
CHEM100_04179,CHEM,100,3.8798068001065316,4.01211673437144
ECON100_04180,ECON,100,3.064552288571091,3.5193662977661178
MATH200_04181,MATH,200,4.862178020656241,2.0839862891874184
PHYS100_04182,PHYS,100,4.804668895086472,3.5338737875002275
CHEM100_04183,CHEM,100,3.126191812582863,1.3340068420175664
CHEM100_04184,CHEM,100,2.73034035807922,4.5853947509876445
STAT400_04185,STAT,400,2.628802350233845,1.674522097234643
ECON400_04186,ECON,400,2.495244261453827,3.8704602902155854
ENGL100_04187,ENGL,100,2.0674432249344292,4.357495728798246
CS500_04188,CS,500,4.428453735956797,3.5719350373066643
ENGR300_04189,ENGR,300,2.677567280388078,4.498056159697031
CHEM500_04190,CHEM,500,2.7525576051600584,3.180150496528641
MATH400_04191,MATH,400,3.582376456375393,3.8398687256081816
ENGL300_04192,ENGL,300,4.647030197861161,3.5657480346287715
BIO300_04193,BIO,300,4.296755863456899,1.2163670684736343
ENGR200_04194,ENGR,200,1.186560460917351,3.6814063855291774
PHYS400_04195,PHYS,400,2.1768800648592506,2.636162931099771
ENGL300_04196,ENGL,300,3.6207146917375312,4.49316164215355
PHYS300_04197,PHYS,300,3.3101589718735323,3.231301040169424
CS500_04198,CS,500,4.4688774337680375,2.463380714130442
STAT400_04199,STAT,400,2.1512250848958994,3.9752897474688558
ENGL100_04200,ENGL,100,4.966777288210668,3.2206579233414825
CS400_04201,CS,400,1.5842660649785518,3.0908550785418396
ECON300_04202,ECON,300,4.1421058750124935,3.1787195911342967
PHYS100_04203,PHYS,100,4.7337215703799185,4.896078063449255
STAT400_04204,STAT,400,3.8662204700394844,3.6263074442497643
MATH200_04205,MATH,200,1.6204531588889917,3.738203230239546
ECON300_04206,ECON,300,1.5714311049670702,3.5264358946786345
STAT200_04207,STAT,200,2.7341130830133173,2.3418839281528667
ENGR500_04208,ENGR,500,3.306009658347423,3.5068204512237755
MATH400_04209,MATH,400,1.2298476408231749,2.519493247689321
CS100_04210,CS,100,2.8124193458732654,2.0420594501351004
PHYS100_04211,PHYS,100,4.3653261280346936,1.1522426165293784
BIO400_04212,BIO,400,2.0719956382164337,3.2765100606161273
PSYCH200_04213,PSYCH,200,1.0994745743222958,4.606616892012861
CHEM400_04214,CHEM,400,1.826894014798445,2.4143729365806075
CS100_04215,CS,100,4.2441200579550085,3.17341591608259
BIO200_04216,BIO,200,2.14317560603109,4.353203584403877
CHEM500_04217,CHEM,500,1.0180940369246976,3.146255207158184
ENGR100_04218,ENGR,100,2.1777201185689177,4.347403281254199
CS100_04219,CS,100,1.3788713419165495,1.0662748281326482
MATH200_04220,MATH,200,4.448120643777919,2.519806740296096
ENGR500_04221,ENGR,500,2.579339021496781,4.904989483702344
PSYCH300_04222,PSYCH,300,4.529163694235857,2.0295910633518757
PSYCH200_04223,PSYCH,200,2.5185420532938174,4.305294414875075
BIO200_04224,BIO,200,3.667255956833795,3.1713517141754894
CHEM500_04225,CHEM,500,3.0183013495217943,1.140717536999258
ENGR500_04226,ENGR,500,1.3549271062230894,3.8150621988354736
CHEM300_04227,CHEM,300,1.5429829247373665,3.7360337729484354
PSYCH500_04228,PSYCH,500,2.9702416937089957,3.6059349150524858
CHEM100_04229,CHEM,100,4.256237881087014,3.4868067830623897
PHYS400_04230,PHYS,400,3.90469408547895,1.0847635432184153
ENGR500_04231,ENGR,500,1.3577915178943902,2.27879558454771
MATH500_04232,MATH,500,4.94697908664518,1.2416165896742037
ENGR300_04233,ENGR,300,2.804216968547911,4.553609072689085
PSYCH200_04234,PSYCH,200,4.888892205226064,4.360868171272973
CHEM400_04235,CHEM,400,2.9146994336470637,4.342071015883162
PSYCH400_04236,PSYCH,400,4.331969700936854,3.1852426000058656
ENGR100_04237,ENGR,100,1.5972307794718565,3.240811560126428
ENGL300_04238,ENGL,300,1.9804905365921677,1.9244606615486406
ENGL100_04239,ENGL,100,2.8200430790720223,3.304830174196027
ECON300_04240,ECON,300,3.8596371570436525,4.122044232745175
CS300_04241,CS,300,4.659537813945711,3.7380793244055015
BIO300_04242,BIO,300,1.1711759864320195,4.290974920238989
STAT100_04243,STAT,100,2.1973192802086823,3.475228171729007
MATH200_04244,MATH,200,3.6228387553640857,2.2882859258656145
MATH400_04245,MATH,400,3.30908489977659,4.893778066155852
BIO100_04246,BIO,100,3.7492090909861293,1.7305627679773643
BIO200_04247,BIO,200,2.701398334173004,4.571448733883344
MATH100_04248,MATH,100,1.4024345475589266,2.294653632682764
MATH100_04249,MATH,100,4.561005820102389,3.591484212818759
BIO100_04250,BIO,100,1.5016860453702376,4.378438875918741
STAT500_04251,STAT,500,4.606080155593553,3.7630738226753535
BIO500_04252,BIO,500,2.0987429491499268,2.6533926291633536
CS300_04253,CS,300,4.43176896162653,4.551560702387709
STAT100_04254,STAT,100,2.223593495710777,4.6358463742995415
ENGL500_04255,ENGL,500,1.137370179628637,1.5511047970563836
CS300_04256,CS,300,1.1655876728788797,3.6386167559281293
CS200_04257,CS,200,1.473689352437595,3.0527655126576603
BIO500_04258,BIO,500,4.2040520681231675,1.8775343723699707
CS500_04259,CS,500,2.7356995325485483,2.6831040616125166
STAT100_04260,STAT,100,4.850305336209896,3.5476285685429514
ENGL300_04261,ENGL,300,1.3336146542371696,4.3484568506548085
BIO100_04262,BIO,100,2.1088260783521324,1.7380360773171648
MATH200_04263,MATH,200,3.9055631600905785,2.3613065422686406
ENGR100_04264,ENGR,100,3.782330092403918,1.3716662524201122
PHYS500_04265,PHYS,500,2.477011880345466,4.063407728386272
CS300_04266,CS,300,3.8015012549610017,3.523990892387856
ECON200_04267,ECON,200,3.700745955413789,2.7562309182356417
PSYCH100_04268,PSYCH,100,2.861011251221916,2.789746344183775
PHYS300_04269,PHYS,300,1.6543626695736915,1.369688262765723
PHYS500_04270,PHYS,500,3.4047581925506956,3.069510773009444
CHEM100_04271,CHEM,100,4.3391686918365675,1.3893172505269478
MATH100_04272,MATH,100,1.8751938467844753,4.2396694619147866
ENGR500_04273,ENGR,500,2.088060606379917,1.8691612387579273
ENGR100_04274,ENGR,100,1.5962128382763945,1.9074647962252929
STAT300_04275,STAT,300,4.3831377833488805,1.7724127502270544
ENGL500_04276,ENGL,500,2.4258395401416237,1.2532723427550776
CHEM100_04277,CHEM,100,2.4495267474374245,2.1310119930121516
ENGR300_04278,ENGR,300,1.2560486889377143,3.88923516311094
CHEM500_04279,CHEM,500,3.4998080069091255,1.1632818959243516
STAT400_04280,STAT,400,2.0988261388583123,1.5097527005968305
ENGL200_04281,ENGL,200,4.67445212446824,2.775458845976696
PSYCH500_04282,PSYCH,500,2.1196777531854964,2.1264941975447518
MATH100_04283,MATH,100,2.0640013617552024,1.0983761072696692
BIO500_04284,BIO,500,3.0432793255165014,4.6404759386426315
PHYS200_04285,PHYS,200,3.119745623004796,4.66772316801801
ENGR300_04286,ENGR,300,2.2513508410623033,2.2912745595478183
BIO400_04287,BIO,400,4.826564877470913,1.9482386473937767
CS500_04288,CS,500,2.2630421944857444,1.3568993322882563
ENGL400_04289,ENGL,400,4.379659477977272,3.45880053820846
ENGL200_04290,ENGL,200,2.5667431550713853,4.468473666041275
ENGL300_04291,ENGL,300,4.440835655661463,2.6504799097713607
PSYCH200_04292,PSYCH,200,3.6044192648865607,4.3701732416583585
PSYCH100_04293,PSYCH,100,2.604957981838129,1.410762380988563
PSYCH200_04294,PSYCH,200,4.494904820304162,3.866038274198183
CS200_04295,CS,200,1.9865718895177986,3.742292905290615
PHYS100_04296,PHYS,100,4.645967750893505,2.3965353454294345
ECON300_04297,ECON,300,2.2140672598847795,4.890846837263549
CHEM500_04298,CHEM,500,4.590807758169536,1.7251174163675942
CS200_04299,CS,200,2.0135307379838205,4.008432085487994
CS200_04300,CS,200,2.6540226713945394,4.64185721536435
ENGR100_04301,ENGR,100,4.038663111362581,3.4021818555143226
ENGL300_04302,ENGL,300,3.34626858423234,4.60073188414991
CHEM100_04303,CHEM,100,4.101502043759115,4.187501342071654
ENGL300_04304,ENGL,300,2.4115998882542375,4.721023345636727
ENGR200_04305,ENGR,200,2.3353663824454447,3.197665590574333
PHYS400_04306,PHYS,400,4.054433021491263,2.762834345245529
PHYS400_04307,PHYS,400,4.197735438031263,1.6572139384667506
STAT500_04308,STAT,500,4.156591595128695,2.931454064617668
CHEM200_04309,CHEM,200,1.6687270454933474,4.6595095459807965
PHYS300_04310,PHYS,300,2.055808769303211,3.809366559849738
PSYCH400_04311,PSYCH,400,3.200549020616349,1.770184757276665
CHEM400_04312,CHEM,400,1.7144570549472147,3.168192946170481
MATH200_04313,MATH,200,3.0924729738506174,2.2647060327959383
CHEM300_04314,CHEM,300,1.3674580162709948,2.7138040951053006
PSYCH200_04315,PSYCH,200,2.0119877794277428,2.7889127623596592
PSYCH100_04316,PSYCH,100,4.0480162937117345,2.711723756947952
ECON400_04317,ECON,400,4.670429331830755,1.6777480935318123
PSYCH100_04318,PSYCH,100,3.6917132234195913,3.652107754974992
STAT400_04319,STAT,400,2.839407079999616,2.1347448099552175
MATH300_04320,MATH,300,2.205808172405253,2.2161922299044674
STAT500_04321,STAT,500,1.8589465703339165,1.926914130651323
ENGR500_04322,ENGR,500,1.8503153271408355,4.943986728340668
PHYS500_04323,PHYS,500,2.7315683257701298,3.0624148296336733
CHEM200_04324,CHEM,200,1.585913284995848,2.270107717458767
STAT100_04325,STAT,100,4.265399120955456,3.1735569101819956
ENGL200_04326,ENGL,200,3.2323564939454696,1.6966423295717914
CHEM400_04327,CHEM,400,1.6768020998079778,3.2313503618528805
STAT100_04328,STAT,100,2.8253175514660653,4.0133911416697154
PSYCH300_04329,PSYCH,300,2.8570050024274463,1.4052678818894115
CHEM300_04330,CHEM,300,3.7225536567412667,1.921768320294432
BIO200_04331,BIO,200,1.9260790955840257,1.5193927694352305
BIO300_04332,BIO,300,1.1473174684956837,2.632243873296375
ECON200_04333,ECON,200,2.782859212518181,1.081488121820661
PSYCH200_04334,PSYCH,200,4.75659657390842,3.3090364659517886
ENGR200_04335,ENGR,200,1.5236411604766227,2.132286014905509
ENGR200_04336,ENGR,200,1.8569404373427316,4.93421931771506
ENGL100_04337,ENGL,100,3.340830264933381,1.2638979737305531
PSYCH400_04338,PSYCH,400,4.748177095218431,2.5598398513140372
MATH100_04339,MATH,100,4.421688267786228,3.277944058166256
PSYCH100_04340,PSYCH,100,2.7118300449795933,4.032235000610553
ENGR200_04341,ENGR,200,1.3580112682731977,2.9890547129933807
MATH200_04342,MATH,200,3.5228998436840318,3.9595671800617684
ENGR300_04343,ENGR,300,3.5308697466076278,1.3957220293040162
CS200_04344,CS,200,3.5830225054160265,4.40212293816546
CS200_04345,CS,200,3.6824521010545843,2.9052908762326815
PSYCH400_04346,PSYCH,400,1.7887971621171115,3.4831747938779376
CS100_04347,CS,100,2.3610671645262182,2.4911430669511514
CS500_04348,CS,500,2.3245021421409464,1.3400343897152371
BIO200_04349,BIO,200,1.5420634408275862,1.1624529158953187
ENGR100_04350,ENGR,100,4.773352397858154,4.022673991638234
CHEM400_04351,CHEM,400,2.1347718475197692,2.0559606208148526
STAT400_04352,STAT,400,1.8740337100101496,4.695323272209627
STAT100_04353,STAT,100,2.1449008482968277,2.0084113918737674
CHEM400_04354,CHEM,400,4.770849008388893,1.968341824693891
CS300_04355,CS,300,3.8169272848414204,1.582643271109121
STAT100_04356,STAT,100,1.8914577631211484,2.826541761997496
ENGL500_04357,ENGL,500,1.6978030166894569,3.47654617913429
CS500_04358,CS,500,2.01645197309014,2.550562621675581
ENGL100_04359,ENGL,100,3.492337664184969,4.57439618329917
ENGL100_04360,ENGL,100,4.4237277549318055,2.33838533504836
MATH100_04361,MATH,100,2.9821431544763985,2.803233580768136
ECON200_04362,ECON,200,4.683702674708628,3.38239967821737
CHEM300_04363,CHEM,300,3.4240363089633576,4.639069160761153
ENGL400_04364,ENGL,400,1.8961228134455945,4.564582818569727
BIO100_04365,BIO,100,1.5967970668541707,3.18243004867554
ENGL100_04366,ENGL,100,2.6472277376349496,4.474083900276338
PHYS400_04367,PHYS,400,2.167939690315002,3.0678017058865485
CHEM300_04368,CHEM,300,1.1021809843823993,1.2971367919517296
PSYCH500_04369,PSYCH,500,2.915658132479125,4.654266056856966
BIO100_04370,BIO,100,3.57552835621222,2.1026320813186854
MATH200_04371,MATH,200,3.02726928138949,3.2231275783171727
CS300_04372,CS,300,4.004099737051119,1.5571122083186313
PHYS500_04373,PHYS,500,2.3918768874960192,1.4239584325335688
ENGR400_04374,ENGR,400,4.949578228036071,4.728818877550953
ENGL200_04375,ENGL,200,4.6329015254220725,1.0213147765411725
PSYCH100_04376,PSYCH,100,1.968371275285791,2.401285647886708
STAT300_04377,STAT,300,3.9645057317268098,3.093036538443548
ENGL400_04378,ENGL,400,3.99804884623281,2.8420945416560452
ENGL300_04379,ENGL,300,4.450432852743456,2.0718925662853893
ECON400_04380,ECON,400,4.715966676085831,4.810977540584933
PSYCH300_04381,PSYCH,300,1.0134059423354231,1.5462290150952294
ENGR300_04382,ENGR,300,2.9512226077474817,3.7653694395463675
MATH500_04383,MATH,500,1.4875277278462606,4.19904087444671
BIO400_04384,BIO,400,1.1622311870519435,4.802498031242187
CHEM300_04385,CHEM,300,4.457315745010721,1.7158062286549671
ENGR100_04386,ENGR,100,3.3458544643716386,2.0982613571184827
STAT400_04387,STAT,400,1.3282471348447906,2.395633685600039
ENGR500_04388,ENGR,500,4.854196517233684,3.074919946914609
ECON300_04389,ECON,300,2.421821715222292,1.0364587710388258
STAT200_04390,STAT,200,4.364298374916625,1.1968318280973365
ENGL100_04391,ENGL,100,1.3460843946307754,2.568254660872026
MATH200_04392,MATH,200,3.4030729573966454,1.634965443791002
MATH500_04393,MATH,500,1.7742574224112775,3.8812082894549214
ECON200_04394,ECON,200,2.4134926429915087,2.41072557580281
STAT400_04395,STAT,400,1.0592832054249368,1.32858911163928
ECON100_04396,ECON,100,2.892894664075956,3.380572973294072
BIO500_04397,BIO,500,2.65335986264156,2.800700394332536
STAT400_04398,STAT,400,1.2454849422634453,1.4087132119085988
PSYCH300_04399,PSYCH,300,1.8221475850193283,1.8811600595442357
ENGR200_04400,ENGR,200,1.3558208982223148,1.0744423303222028
MATH200_04401,MATH,200,4.556568582990831,4.330508489119034
CHEM500_04402,CHEM,500,4.395021840752518,2.8050999533608
BIO500_04403,BIO,500,4.074689929516357,1.471105770259343
PHYS500_04404,PHYS,500,3.2936120075422295,3.2699687459208846
CHEM300_04405,CHEM,300,3.203790482718108,2.5027238050086806
PHYS100_04406,PHYS,100,3.390525643781593,2.0394437766540934
PSYCH500_04407,PSYCH,500,3.5682323228853705,3.9779852373535736
ECON200_04408,ECON,200,3.2752509557467575,1.8075195408203562
PSYCH400_04409,PSYCH,400,1.2495347106920272,2.1819361380870785
PSYCH200_04410,PSYCH,200,1.3608951263237925,4.022433101461426
ENGL500_04411,ENGL,500,4.17424377248375,2.422567611272257
ENGR500_04412,ENGR,500,4.586869962260374,2.1944939108569765
BIO100_04413,BIO,100,4.430217249744338,1.2941809546519552
STAT200_04414,STAT,200,2.9996719653823387,1.266103000020701
CHEM300_04415,CHEM,300,4.843759210474257,4.558647712687675
ENGL100_04416,ENGL,100,4.350679803225611,3.8235212967683907
ECON200_04417,ECON,200,4.571905527288768,4.840723531136085
ECON100_04418,ECON,100,3.114384071181612,1.647152163620576
ENGL200_04419,ENGL,200,1.5359031147273523,2.5153479157570624
CHEM300_04420,CHEM,300,3.2531915925454165,1.8210675357001098
ENGL500_04421,ENGL,500,4.977379505406821,2.171463524354983
ENGL400_04422,ENGL,400,2.717597776127821,1.8197810843718627
ENGR100_04423,ENGR,100,4.017029086123102,3.6905843818038178
ECON300_04424,ECON,300,2.2073511005528554,4.612812397962903
MATH200_04425,MATH,200,2.2243442866186762,1.6541660016569408
STAT200_04426,STAT,200,3.7367082790958808,4.429560732552633
PSYCH200_04427,PSYCH,200,4.866386449937368,1.6638804118804442
STAT300_04428,STAT,300,1.6365501672455713,1.2662403902993908
CHEM200_04429,CHEM,200,1.815950004113073,4.554106662342573
CS300_04430,CS,300,1.2408466642229254,1.2423644568350447
ENGR300_04431,ENGR,300,3.1034134565307836,1.3189800276591193
CS200_04432,CS,200,2.82904423501723,2.5181494768301973
PSYCH500_04433,PSYCH,500,1.4341197201750222,2.2886216629253218
CHEM100_04434,CHEM,100,1.1423027306250813,3.743083314179175
BIO400_04435,BIO,400,4.845990584934347,4.429940031700301
PSYCH200_04436,PSYCH,200,4.225431671786064,3.957375684344819
PHYS500_04437,PHYS,500,1.2624231276806044,3.9304249120012815
ENGL300_04438,ENGL,300,4.734741251981129,1.5438313565329302
ENGR400_04439,ENGR,400,4.068874799504973,1.8389595779477816
ENGR500_04440,ENGR,500,2.349103646963302,3.82851725731453
PHYS300_04441,PHYS,300,1.7103349793696183,1.2447133356452196
CHEM500_04442,CHEM,500,3.779040425902488,3.734883940419067
CHEM400_04443,CHEM,400,4.585643745538503,3.5953219406246806
MATH500_04444,MATH,500,2.18015742972997,3.9406451759506096
CS200_04445,CS,200,2.357810791047218,3.0185531802775913
ECON200_04446,ECON,200,1.3608945787315267,4.345826245092605
ENGL500_04447,ENGL,500,4.311844549579459,3.9960366984076408
ENGL400_04448,ENGL,400,1.376973848425131,3.0617911306642855
ENGL200_04449,ENGL,200,4.953548130341161,2.8476804531080258
BIO400_04450,BIO,400,1.7000889529890055,4.698016614003906
MATH200_04451,MATH,200,4.863761962250524,4.998097334687815
ECON300_04452,ECON,300,3.9002011412308333,2.61372088923467
CS400_04453,CS,400,1.1178955028271562,4.478824827915956
STAT500_04454,STAT,500,3.2968267538544875,2.860196546272631
ECON500_04455,ECON,500,1.3034731575872724,3.76271482443777
ECON400_04456,ECON,400,1.935720334937582,4.769006230529945
CS100_04457,CS,100,1.4268471523806614,1.0570434222845622
MATH300_04458,MATH,300,3.1002715719539813,3.3030346988809764
ECON300_04459,ECON,300,4.768490627187476,4.924592373934196
CHEM300_04460,CHEM,300,3.0983037905977158,2.693723591860839
ENGL100_04461,ENGL,100,2.8494584310208304,1.6536351071301687
ENGR300_04462,ENGR,300,1.2905420382008899,4.020391460804548
PHYS100_04463,PHYS,100,1.4387570335681659,3.216585109522041
PHYS500_04464,PHYS,500,3.9552981522868196,3.931828138877557
PHYS200_04465,PHYS,200,1.6522255636049632,4.934704143750371
CHEM400_04466,CHEM,400,1.8332972281169075,1.0076108530448509
PHYS200_04467,PHYS,200,2.6959556747490145,1.4501827714124103
STAT200_04468,STAT,200,4.051111606576141,1.2124335984881287
ENGR500_04469,ENGR,500,2.0539755072024923,3.186777248244094
ENGR200_04470,ENGR,200,4.500452455343854,2.6464133851344593
CS100_04471,CS,100,1.3978327394146053,2.144304285778982
PSYCH400_04472,PSYCH,400,1.354573740985329,2.2063060848729608
BIO300_04473,BIO,300,2.054103350102571,1.8231309560658726
MATH400_04474,MATH,400,2.137966529720215,2.6175534891392642
PSYCH100_04475,PSYCH,100,2.290285378662674,2.3833786408675555
CHEM300_04476,CHEM,300,1.7211653942516416,3.9550197774859543
ENGR200_04477,ENGR,200,2.3381003733530368,1.2761002949746691
ECON100_04478,ECON,100,3.3150152551991985,1.2796075926526478
PHYS200_04479,PHYS,200,1.8431753773702084,4.283226212310167
ENGL500_04480,ENGL,500,1.2369519104539481,4.027533120805845
ENGR100_04481,ENGR,100,4.369019380969254,3.081466263520549
ENGR500_04482,ENGR,500,4.640823792153829,1.2086920025788848
ENGR100_04483,ENGR,100,3.7939627558466626,4.499571530578329
ENGR400_04484,ENGR,400,3.122395170120677,2.277375193162608
STAT300_04485,STAT,300,3.929233347550342,2.67141492695129
CS400_04486,CS,400,2.1408840805686165,2.3149917953870496
BIO400_04487,BIO,400,2.2017575561283196,3.7325761252268905
ENGL300_04488,ENGL,300,4.20105939978452,1.7414877698140145
STAT300_04489,STAT,300,4.587902095963356,1.1613515976276045
MATH400_04490,MATH,400,4.943959413509507,1.2371925204820529
ENGR500_04491,ENGR,500,3.135400572622162,1.2407343855860544
PHYS300_04492,PHYS,300,3.0094881534285105,3.076229113438383
CS100_04493,CS,100,4.750655929952874,1.9649192525721801
ECON200_04494,ECON,200,3.3192575635369943,3.629152991972799
ENGR100_04495,ENGR,100,2.24289830505074,4.884763161920116
BIO200_04496,BIO,200,2.0075362544433664,1.4754006081967166
ENGL400_04497,ENGL,400,1.6939968455213439,3.6255733442111073
BIO300_04498,BIO,300,4.22495257232715,3.742464938765349
ECON500_04499,ECON,500,4.8114167316791026,4.727347363470777
BIO500_04500,BIO,500,2.25055963342586,4.465675755073216
ENGR100_04501,ENGR,100,1.6373089133484626,1.1441902249906173
ENGR300_04502,ENGR,300,3.0406183890761707,3.612882033864629
CHEM300_04503,CHEM,300,2.634884280760896,2.608049997115218
CS500_04504,CS,500,4.3362251220393855,4.921750305226549
CHEM500_04505,CHEM,500,3.0051697035314238,4.160368618029896
ENGR300_04506,ENGR,300,3.3737906267912123,4.26934165621696
MATH400_04507,MATH,400,3.8862985499383287,1.506946803817987
CHEM400_04508,CHEM,400,1.8502689874844926,1.830651670990341
CHEM100_04509,CHEM,100,2.158795561845832,3.6259132107609484
PSYCH200_04510,PSYCH,200,2.660350338048116,2.2687233810680216
CS300_04511,CS,300,1.4328034309884528,2.7140730465764613
STAT500_04512,STAT,500,4.3391790238139105,2.07417386975638
STAT200_04513,STAT,200,3.3537353378600563,1.3642358995882775
ENGL300_04514,ENGL,300,2.9424353922092834,4.8153710839911685
ENGR400_04515,ENGR,400,4.581827540533289,3.2877450226829823
ECON100_04516,ECON,100,3.7913964291370275,3.079459996735879
STAT300_04517,STAT,300,3.8949741078852744,2.0485317543066524
PSYCH400_04518,PSYCH,400,2.024237826860431,2.5618633063667215
STAT200_04519,STAT,200,3.2074776769505933,1.1729592981175996
MATH200_04520,MATH,200,3.141957202815281,4.2251745729577355
CHEM200_04521,CHEM,200,1.5475424399347912,4.986517912059779
PHYS300_04522,PHYS,300,1.0639169847370806,1.824559138850621
BIO200_04523,BIO,200,1.1331082342627048,2.2493307791155708
ENGL400_04524,ENGL,400,3.251881936684478,4.34615260508521
ENGR100_04525,ENGR,100,2.6803286675418216,3.676808851030488
CS200_04526,CS,200,4.194621419081557,4.813138919458102
MATH500_04527,MATH,500,3.0985726988926006,1.3472516268221146
STAT100_04528,STAT,100,4.8268687555254335,1.214833546875365
BIO300_04529,BIO,300,4.771969096879169,1.6597941665712503
CHEM100_04530,CHEM,100,2.1745129256193874,2.8409527295965287
CHEM100_04531,CHEM,100,1.154560071974993,3.227564916626447
MATH300_04532,MATH,300,1.2811311505354581,4.667378529353822
STAT300_04533,STAT,300,4.508863133162902,3.192755677955238
PSYCH100_04534,PSYCH,100,3.575421662666979,2.198413576971777
PSYCH100_04535,PSYCH,100,3.2508142732220136,2.697037375061161
ENGR200_04536,ENGR,200,3.3833456422353723,4.125841733912024
PHYS100_04537,PHYS,100,2.487627694256538,4.753089819572519
CHEM100_04538,CHEM,100,3.1731578578294553,4.486900119570274
PSYCH300_04539,PSYCH,300,3.0697253115182503,1.865373216248602
CHEM400_04540,CHEM,400,2.0702241425684678,2.8975141234396133
PSYCH400_04541,PSYCH,400,1.4107155588169933,2.458592732415934
CS100_04542,CS,100,3.0238598362431466,3.4190003570528242
MATH500_04543,MATH,500,2.902667160808649,1.0393488927327086
BIO200_04544,BIO,200,4.596355238386428,1.778005643013861
ENGL300_04545,ENGL,300,2.745410690808614,4.41641342841243
CS300_04546,CS,300,2.1484832776604614,4.813535684418053
CHEM200_04547,CHEM,200,1.000435668393937,4.969997588592868
PHYS400_04548,PHYS,400,1.1705240888118644,1.4884689061458354
STAT400_04549,STAT,400,1.1956372825337138,2.224047306902486
CHEM400_04550,CHEM,400,2.925208921384186,1.8700235045804088
CHEM300_04551,CHEM,300,1.2534020576150975,3.7207785202188655
CS300_04552,CS,300,2.1457081459448344,2.162905883139654
ECON500_04553,ECON,500,2.1149362660654853,3.1108042526516106
MATH100_04554,MATH,100,1.217576027408052,2.151128340400294
MATH400_04555,MATH,400,2.7662381479372535,3.1408456993855167
ENGL500_04556,ENGL,500,3.974652038875873,3.680263634605992
ECON500_04557,ECON,500,2.6833958967887965,2.9190751580571628
STAT400_04558,STAT,400,4.194046488399653,1.150500278331808
STAT100_04559,STAT,100,3.9651011110173986,2.4340626556172573
ENGL400_04560,ENGL,400,2.8141879352903447,2.46141613554834
MATH300_04561,MATH,300,3.86969737119987,3.81896652853052
ECON500_04562,ECON,500,1.1868925717354437,2.2973352901443698
MATH300_04563,MATH,300,3.0358468521266486,1.1472367412466888
PSYCH200_04564,PSYCH,200,1.3091233663643327,1.9718601708569654
ENGL500_04565,ENGL,500,1.100946188575188,1.419160187413615
STAT300_04566,STAT,300,2.699664620275876,1.82852886463274
MATH400_04567,MATH,400,4.729963764000624,2.6785889154353293
ENGR200_04568,ENGR,200,4.674663895824878,4.228659063270864
CS100_04569,CS,100,1.5833182215329935,3.781134624273557
ENGL300_04570,ENGL,300,1.7816696124689577,1.766639682734441
ENGR100_04571,ENGR,100,2.1413580057980606,1.4063151919922987
BIO200_04572,BIO,200,1.927143779596732,4.61694888878324
PHYS100_04573,PHYS,100,2.5576377395782273,2.759494287806779
ENGR500_04574,ENGR,500,1.8343053343098772,2.674997702217117
ENGR100_04575,ENGR,100,3.216024816687113,3.486461007407673
STAT400_04576,STAT,400,3.542027897863874,1.237456736080774
CHEM100_04577,CHEM,100,2.21113883708279,2.1570670519346424
BIO500_04578,BIO,500,3.7418662928235116,4.502772023764981
ECON400_04579,ECON,400,3.5443628876326128,4.9085613474455645
STAT400_04580,STAT,400,3.292533132273619,4.632977862930782
PHYS500_04581,PHYS,500,4.787050077067234,2.724372328553558
MATH500_04582,MATH,500,4.3878352118883,4.982827309009268
CS400_04583,CS,400,4.986662473611085,2.974619480863165
ENGL300_04584,ENGL,300,4.263145860800434,1.8440311656413582
PSYCH300_04585,PSYCH,300,2.005005866867004,1.9267731356151558
ECON500_04586,ECON,500,3.5074398620127436,1.557662505322123
ECON300_04587,ECON,300,1.1438201307601448,1.3884937207580452
STAT200_04588,STAT,200,4.366339472297847,1.519824277644322
PSYCH300_04589,PSYCH,300,4.37368184723263,4.610766047679966
ENGL300_04590,ENGL,300,3.9362720078379256,3.706654774824574
PSYCH200_04591,PSYCH,200,3.0858531254085513,1.3355035596173765
PSYCH400_04592,PSYCH,400,1.3262480217972539,4.678905598879321
PHYS200_04593,PHYS,200,2.2838911837718974,4.681956796015863
PHYS200_04594,PHYS,200,1.2019232397838842,3.0288452002989095
PSYCH200_04595,PSYCH,200,2.4511838868471987,3.026754441931392
STAT200_04596,STAT,200,1.73250829542495,3.55277760217427
ENGL200_04597,ENGL,200,1.6818746148550487,2.1259967936056263
ENGL100_04598,ENGL,100,3.5155472091257693,4.345732853095138
PHYS100_04599,PHYS,100,2.6275966700879603,2.7337921007397017
PSYCH500_04600,PSYCH,500,1.9527967399753847,1.4886904414224684
PHYS100_04601,PHYS,100,3.3230326934047736,3.3428711257624983
MATH200_04602,MATH,200,2.0108198001689326,1.3330978900958046
ENGL200_04603,ENGL,200,4.062792959469213,1.472666918745479
MATH100_04604,MATH,100,4.9687952405704845,1.480412370226908
BIO400_04605,BIO,400,1.3132337499566007,1.8407447091780118
PSYCH100_04606,PSYCH,100,1.9338842647096843,4.605076611444615
ECON500_04607,ECON,500,1.364445943497833,1.7337731405334376
PHYS500_04608,PHYS,500,4.03097085539166,4.224579081467527
ENGL500_04609,ENGL,500,4.593910521030755,1.9464919691765359
ECON500_04610,ECON,500,3.659768786215679,1.5388849715781139
CHEM300_04611,CHEM,300,4.485668723540626,2.001081005566665
ENGL400_04612,ENGL,400,1.445420206785307,2.1275131450897025
PSYCH300_04613,PSYCH,300,4.176913704068176,1.5083749642855233
STAT500_04614,STAT,500,3.518149558035329,1.0465828984671597
STAT200_04615,STAT,200,1.2500371867329272,2.571152099639477
ENGL200_04616,ENGL,200,3.1325811948734694,2.278512473096778
PHYS400_04617,PHYS,400,2.6609618208145243,2.1228274124586184
ENGR300_04618,ENGR,300,2.3166477812872994,2.50854698029955
CS200_04619,CS,200,2.743532252663756,3.6801421646375374
PSYCH100_04620,PSYCH,100,2.5646654104400946,3.2958435122453507
ENGL100_04621,ENGL,100,1.4549616642107353,2.165138472488827
PSYCH500_04622,PSYCH,500,1.8725097743294974,3.2370816872063273
ECON100_04623,ECON,100,4.959770488796594,4.1087977437373615
ENGR400_04624,ENGR,400,3.390453236937526,2.2370145679996982
STAT100_04625,STAT,100,1.6785242933733238,3.0975755027301806
CHEM100_04626,CHEM,100,2.1385641084553897,2.0392660929456556
BIO200_04627,BIO,200,3.624143956291161,3.2898145277611213
ENGR400_04628,ENGR,400,4.4116763239826415,1.2386712852489117
ENGR400_04629,ENGR,400,3.109450729623486,3.30186474736441
BIO300_04630,BIO,300,4.659100536884151,3.4708980648060015
ECON100_04631,ECON,100,2.28600880756226,1.7738502132852538
CS400_04632,CS,400,3.368061959717182,2.1747207219528004
CHEM500_04633,CHEM,500,3.271700063555474,1.5367431880334825
ENGL500_04634,ENGL,500,1.972107851057781,1.2262136435960067
ECON300_04635,ECON,300,2.4786998166537395,3.9934614979780902
ECON400_04636,ECON,400,4.648044828421892,2.9213578560458155
MATH200_04637,MATH,200,4.402918689308734,3.894049888482968
ENGR100_04638,ENGR,100,3.9510106781464707,3.0256461544818185
MATH100_04639,MATH,100,3.8387038773383995,2.1698863501082624
CHEM100_04640,CHEM,100,1.364384449965184,2.6248884160581896
PHYS200_04641,PHYS,200,1.2051824499218995,2.1528270609105986
PSYCH200_04642,PSYCH,200,1.1455669516188007,2.3068502761558407
ECON400_04643,ECON,400,3.1516340031191374,3.3296831565312974
MATH200_04644,MATH,200,1.9743709917293009,3.790486739054259
CS200_04645,CS,200,2.7476101379010425,2.5461498746429583
PSYCH400_04646,PSYCH,400,2.269516771428294,3.2442052853248686
MATH400_04647,MATH,400,3.9376691166627564,2.4115495857212004
PSYCH500_04648,PSYCH,500,2.707071903338581,2.122962331544426
ENGR100_04649,ENGR,100,2.933774067528473,4.354085796919128
ENGR300_04650,ENGR,300,1.2166812077049634,1.748728970974426
ENGL500_04651,ENGL,500,2.4025721956045505,1.5715144284677587
PSYCH100_04652,PSYCH,100,4.281053971216336,4.08409440536134
ENGR400_04653,ENGR,400,3.783648110478633,4.252468390135573
PHYS100_04654,PHYS,100,2.4471652195966813,3.1853528382712235
CS200_04655,CS,200,2.8927294779117534,2.24270176746041
ECON400_04656,ECON,400,4.836480287615975,3.7702234103371324
STAT500_04657,STAT,500,3.0900983147591283,4.379578331112493
ECON500_04658,ECON,500,3.0187202837232268,3.3725320016399145
ENGR200_04659,ENGR,200,4.931683781839475,3.1870743166900986
PHYS200_04660,PHYS,200,4.874451937117151,1.675548694221297
ECON300_04661,ECON,300,1.4755280274711016,4.741169608566664
PSYCH100_04662,PSYCH,100,4.557462488530549,1.9158064467541478
ENGR500_04663,ENGR,500,3.5120142123834706,1.1826860037141977
STAT400_04664,STAT,400,3.3182048011211633,1.6433169496128737
PSYCH300_04665,PSYCH,300,3.678524069031994,3.1718399905047034
ENGR300_04666,ENGR,300,3.322338372804273,3.349972979909903
ECON400_04667,ECON,400,4.119117306845684,2.2085767612388585
ENGR100_04668,ENGR,100,1.9609272691907478,4.914873037676732
BIO500_04669,BIO,500,3.7571274837450135,3.1928513121484516
ECON500_04670,ECON,500,3.54807256616126,3.022192121137176
CHEM100_04671,CHEM,100,2.847090250522232,3.783605592232663
CS400_04672,CS,400,3.0764397026192905,3.759363591963649
CHEM500_04673,CHEM,500,2.6164345009787984,2.2266877951254913
STAT200_04674,STAT,200,3.6793868410678,3.567332149736913
PSYCH300_04675,PSYCH,300,1.048570208072837,1.2738132622848348
STAT200_04676,STAT,200,2.4267947373116683,1.9024052514393532
BIO100_04677,BIO,100,3.73228005017777,2.703754304336711
PHYS500_04678,PHYS,500,1.496045598583554,2.030918428205061
CS400_04679,CS,400,1.4299365543311686,4.775600195002477
CHEM300_04680,CHEM,300,3.618209545612089,1.8919738398369872
ECON300_04681,ECON,300,2.01098551735988,3.7957292940657266
STAT400_04682,STAT,400,3.16859452567474,2.2185241400202935
CHEM500_04683,CHEM,500,1.8714391118562226,2.51491571671595
PSYCH100_04684,PSYCH,100,4.405391502850321,2.668275555780674
STAT400_04685,STAT,400,3.2232032109398454,1.5758323339685032
PSYCH100_04686,PSYCH,100,3.5862044746904784,2.8775062370222315
PSYCH500_04687,PSYCH,500,1.2168730584350902,4.9881924559519435
STAT400_04688,STAT,400,2.9168582382454282,4.825489787181013
ENGR500_04689,ENGR,500,2.764015904361264,4.379031443650791
STAT400_04690,STAT,400,4.223287282608471,4.20194779751143
PSYCH100_04691,PSYCH,100,1.0594963020461035,2.103929998037093
CHEM300_04692,CHEM,300,3.660931532859456,4.410426104959589
ENGR400_04693,ENGR,400,4.400467705535425,3.655613566849923
ENGL500_04694,ENGL,500,1.0865608580267359,4.354374594468276
PHYS200_04695,PHYS,200,4.882113815324736,3.6700693807732727
PSYCH300_04696,PSYCH,300,4.320756117213163,1.3267831976494837
PHYS300_04697,PHYS,300,4.434424315333114,4.249779432745028
PSYCH300_04698,PSYCH,300,4.236897526060826,4.008314229519691
ENGL500_04699,ENGL,500,1.5576589389284803,4.475022422448122
BIO300_04700,BIO,300,3.2032436430350084,1.6356429838145599
PHYS500_04701,PHYS,500,3.5576313103211343,2.657091218316757
MATH200_04702,MATH,200,2.2848175420090984,2.426398249255127
STAT100_04703,STAT,100,1.3534200309705797,2.969110590326326
MATH500_04704,MATH,500,4.20283142577058,1.2422141262342876
BIO300_04705,BIO,300,2.2956483315195917,2.672188552979297
CHEM300_04706,CHEM,300,2.3969577881659534,2.6922980128760643
MATH400_04707,MATH,400,4.823341247554348,2.1338680415496065
PSYCH500_04708,PSYCH,500,4.986307386673728,2.636895230580172
ECON400_04709,ECON,400,4.028011568159741,3.9258177474045857
STAT100_04710,STAT,100,4.085438082220155,3.0778035219912367
CS400_04711,CS,400,2.9376663061967934,2.9187147563691767
PSYCH200_04712,PSYCH,200,2.959659892779543,2.8883123322963753
ENGL100_04713,ENGL,100,2.1656256923217314,3.6025623917376324
ENGR200_04714,ENGR,200,2.2403274172633387,3.5484346175014445
ENGR300_04715,ENGR,300,4.9055626475843415,4.28293080596859
ECON300_04716,ECON,300,3.950421033318346,2.5554203443642867
CS100_04717,CS,100,4.164747754960575,2.7344236046106873
STAT300_04718,STAT,300,3.4002636849032446,3.2801548082845793
PSYCH100_04719,PSYCH,100,3.5177103486220136,4.395867371775591
CHEM200_04720,CHEM,200,3.013578258682394,2.8565430760841917
BIO400_04721,BIO,400,3.55802946303191,1.9629729098805786
ENGL300_04722,ENGL,300,3.994361548230622,1.6430868220213384
ENGL500_04723,ENGL,500,1.9315063613779615,3.030540676017136
ENGL500_04724,ENGL,500,1.4167138637483756,1.1868442750749848
MATH100_04725,MATH,100,2.892728309636111,3.083173733679026
CHEM500_04726,CHEM,500,1.0467396434611684,1.030690841179251
PHYS100_04727,PHYS,100,3.846323624509058,1.7065189963548315
MATH100_04728,MATH,100,1.6320128806315841,3.7699541159711796
ECON500_04729,ECON,500,3.003551655935416,2.5026264181928637
ECON500_04730,ECON,500,2.9527513488362307,4.1360704394762005
BIO500_04731,BIO,500,2.5235927842997676,1.4902954408176026
PHYS300_04732,PHYS,300,3.4439992569224764,4.386001178512286
ECON300_04733,ECON,300,4.60515643578584,3.0585112001136383
ENGR100_04734,ENGR,100,1.517718275537328,3.1165865300252484
CHEM300_04735,CHEM,300,1.2207844791383287,2.345583588858803
CHEM400_04736,CHEM,400,3.8437987241438174,2.2770401357956973
MATH400_04737,MATH,400,2.7614640135296273,2.8141611685536043
BIO100_04738,BIO,100,2.7266102799410743,3.8604349452626603
CHEM300_04739,CHEM,300,4.724991163324576,2.0560435061075952
BIO400_04740,BIO,400,4.182390991300248,4.400749255309549
PSYCH100_04741,PSYCH,100,1.6798733474326704,3.9701557775757705
ENGR100_04742,ENGR,100,4.9901934270342085,1.9171982766088682
ECON400_04743,ECON,400,2.801111324207245,4.013727289506647
STAT500_04744,STAT,500,3.033239386406851,2.559618625922759
STAT500_04745,STAT,500,1.1291720168849073,2.6221466572308763
CHEM400_04746,CHEM,400,4.322078237970041,1.3927134191363333
BIO200_04747,BIO,200,2.3448247377521216,4.133945388354128
ENGR400_04748,ENGR,400,2.217535570520922,1.998981817978374
BIO100_04749,BIO,100,4.906310003800809,2.487310859277659
MATH100_04750,MATH,100,1.8726200058105689,3.3039474477491
PSYCH200_04751,PSYCH,200,3.5654947834264132,4.420273892512832
MATH200_04752,MATH,200,4.756354987771951,2.8214057100282597
MATH100_04753,MATH,100,3.651906423585703,1.4264936878395664
CHEM200_04754,CHEM,200,2.8945911120253562,3.4905452092175104
ENGR200_04755,ENGR,200,1.8826314047303723,1.533145577673038
ECON300_04756,ECON,300,1.0026599246104162,2.194530899816651
STAT100_04757,STAT,100,4.847256648271241,3.8235631823545257
CHEM200_04758,CHEM,200,3.1642188366753525,3.7216233051147665
BIO300_04759,BIO,300,2.697364218633916,1.6594156563474396
ECON100_04760,ECON,100,3.375377774678081,2.5424724085799353
MATH100_04761,MATH,100,3.5703042431523646,4.972349097363581
PHYS500_04762,PHYS,500,3.5059182519088563,1.5184951239866815
ENGR400_04763,ENGR,400,1.124848670694932,3.1311870075217185
ENGL100_04764,ENGL,100,3.360102961889685,1.1052649761146367
PHYS400_04765,PHYS,400,4.077434704234327,1.657153369219865
ECON200_04766,ECON,200,2.4696268406400623,3.3773619147408604
MATH400_04767,MATH,400,1.4543996383608269,2.3272576048198235
PHYS200_04768,PHYS,200,2.583600628223406,1.4107652065810585
CHEM300_04769,CHEM,300,2.04023446553169,3.8667997118571247
PHYS100_04770,PHYS,100,4.130280165032709,2.9726101656811146
CS200_04771,CS,200,3.5960741750938308,2.2862255511889127
CHEM300_04772,CHEM,300,1.7615957842825964,4.037835806496467
BIO100_04773,BIO,100,2.6053513647286106,2.5833698629491013
PHYS200_04774,PHYS,200,2.640910040711287,3.3328024334013238
MATH400_04775,MATH,400,3.375431035849989,4.2682191743342806
CHEM500_04776,CHEM,500,2.961565229705954,4.576266681831595
ECON200_04777,ECON,200,3.0722471880195905,2.938692256791
MATH400_04778,MATH,400,2.293677721420795,4.5522447170423295
STAT300_04779,STAT,300,3.618824876371752,2.943070800871245
BIO300_04780,BIO,300,1.3304934251433882,1.7500111818986346
PHYS100_04781,PHYS,100,2.4914531220862215,4.989754655947976
PSYCH500_04782,PSYCH,500,2.9489505382114825,2.989514091505934
ENGL100_04783,ENGL,100,1.5249344499351847,3.274079776982167
ENGR300_04784,ENGR,300,3.495941520107344,3.030686585922478
PHYS300_04785,PHYS,300,3.6407337727717866,4.777074430428035
ENGL200_04786,ENGL,200,4.837909968421238,3.860944955996432
BIO400_04787,BIO,400,3.1572444989034794,2.5048082605479025
STAT300_04788,STAT,300,1.0951824303586224,1.8009955929037078
BIO200_04789,BIO,200,4.900043936135908,4.8796074298702425
ENGR200_04790,ENGR,200,2.433480162410985,4.836648013218643
ENGR200_04791,ENGR,200,4.0582308636280136,1.581358200978896
PHYS200_04792,PHYS,200,1.5909351555233644,3.8839706167008474
PSYCH200_04793,PSYCH,200,2.045356529196106,1.7188850999908802
PHYS100_04794,PHYS,100,4.454707934253723,3.406023675246449
CS500_04795,CS,500,1.369884370870364,2.7528427561153355
MATH400_04796,MATH,400,1.4281848474230374,3.2510506419157763
STAT100_04797,STAT,100,4.02083905101767,4.4702005489387435
CHEM200_04798,CHEM,200,2.4108820463431817,1.3533376773077523
ENGR100_04799,ENGR,100,2.2371101225002517,3.181606483676074
PSYCH500_04800,PSYCH,500,3.3048629941092127,3.6571226642468186
PSYCH400_04801,PSYCH,400,2.0386857381861607,3.478932831569906
PSYCH100_04802,PSYCH,100,1.313954003741955,2.0737477434489433
MATH100_04803,MATH,100,1.451388913522281,3.727617209264834
BIO500_04804,BIO,500,3.5557201113565275,1.8545177513081557
CS200_04805,CS,200,2.331920038817178,1.77620806452884
CS300_04806,CS,300,3.796135239018555,3.273438456460948
CHEM400_04807,CHEM,400,3.615292855996128,4.07673011032586
BIO200_04808,BIO,200,3.2922181747147263,2.465082863659631
CHEM200_04809,CHEM,200,1.0932208826312269,3.6945047332886527
STAT200_04810,STAT,200,3.6145352820739016,3.951381831462666
CHEM100_04811,CHEM,100,3.0256871219715165,3.776817750132723
PHYS300_04812,PHYS,300,4.549773126326633,4.684894706680791
CHEM500_04813,CHEM,500,4.235851405733252,1.3886185860439166
CS100_04814,CS,100,3.6097794428186623,3.115009673295938
STAT400_04815,STAT,400,3.864636672472566,3.623427629010287
BIO500_04816,BIO,500,1.9488400505616084,4.517142110869669
PSYCH300_04817,PSYCH,300,3.0308863932822554,2.580189254755313
CS500_04818,CS,500,2.1889477600546248,4.321933844941377
STAT100_04819,STAT,100,1.5533129754846358,2.257678043623418
MATH400_04820,MATH,400,2.9346510607049945,2.0137454284355587
ECON200_04821,ECON,200,4.622951224622188,4.944710922594824
MATH500_04822,MATH,500,1.9935058506406285,1.9050364050837554
CS200_04823,CS,200,1.0942882699909462,3.8240628749574235
BIO400_04824,BIO,400,3.314210340786124,1.1629007764013441
BIO200_04825,BIO,200,4.683417707048264,3.9578690350579664
BIO100_04826,BIO,100,1.630046507059077,4.241214692907706
MATH200_04827,MATH,200,4.3947682154846,1.0251528508754735
CHEM300_04828,CHEM,300,1.9655414389439652,2.005261721784437
MATH200_04829,MATH,200,4.507132988317093,1.62362925807352
CS400_04830,CS,400,1.1333757939994413,2.904910372260176
BIO500_04831,BIO,500,3.5896512530063656,1.7298253716171645
CS500_04832,CS,500,4.533244055862557,2.366897349744286
MATH100_04833,MATH,100,4.773362446687259,4.637227845867786
CHEM500_04834,CHEM,500,3.496966469544521,2.009460231333945
MATH100_04835,MATH,100,3.135130607478874,2.5301714278643175
PHYS400_04836,PHYS,400,1.6767043473211962,2.146840282726592
PHYS400_04837,PHYS,400,1.8235634983319673,4.021025522889231
BIO300_04838,BIO,300,3.907258603154228,4.577897272682222
ENGR500_04839,ENGR,500,3.8250966837026423,2.1218150125908855
CHEM400_04840,CHEM,400,3.3722970172807414,2.639248667313878
STAT100_04841,STAT,100,2.7777096248139097,2.3180790974583494
MATH100_04842,MATH,100,1.6435033999199646,3.4733734863796997
CHEM300_04843,CHEM,300,4.00904286053372,3.243490200333403
MATH300_04844,MATH,300,1.0984194125319298,4.451740295542594
BIO400_04845,BIO,400,4.848884974541046,1.378682438367314
ECON100_04846,ECON,100,3.785417659396757,4.097984947337036
ENGL200_04847,ENGL,200,2.7633486745297158,1.1068907195573083
PHYS100_04848,PHYS,100,1.9955055879579215,1.2997547702705012
STAT400_04849,STAT,400,2.946970689776433,1.6406531498234123
PSYCH500_04850,PSYCH,500,1.1986606474107595,1.9607418555436955
BIO400_04851,BIO,400,3.9914432303336724,1.6638051240203309
ENGL400_04852,ENGL,400,3.3407758536442844,4.560419337827774
ECON400_04853,ECON,400,1.2217201688892159,3.443176140913408
ECON200_04854,ECON,200,3.308434314243411,1.5356830968767827
STAT100_04855,STAT,100,1.4382052961921752,3.342591237248246
MATH100_04856,MATH,100,1.9882130020966855,2.9721030604362992
MATH300_04857,MATH,300,1.7226495310449885,4.46487304008607
CS100_04858,CS,100,2.0649632729289777,1.5584662325138114
MATH500_04859,MATH,500,1.9723596488578736,3.8467352758087263
CHEM400_04860,CHEM,400,2.899857796574527,1.9453998777564574
ENGL100_04861,ENGL,100,1.715592080016763,4.8153702836691235
ENGL400_04862,ENGL,400,2.619679246635918,1.8650647918313892
BIO200_04863,BIO,200,2.1360709248147485,3.00055453914579
STAT200_04864,STAT,200,3.7317108181877177,3.9225927573228856
BIO100_04865,BIO,100,4.047424912284752,2.827809060270071
MATH100_04866,MATH,100,3.70785830118675,4.6697277670209
BIO400_04867,BIO,400,3.5282993775943043,3.238061222591945
PHYS400_04868,PHYS,400,4.2767406642959855,3.850546058804562
CHEM400_04869,CHEM,400,3.003726275049877,3.5994036312291846
MATH200_04870,MATH,200,3.9447338656485074,4.897040472900162
CHEM400_04871,CHEM,400,4.316116844252786,4.832725320532296
MATH200_04872,MATH,200,3.9580118334176886,4.677989709528989
ECON500_04873,ECON,500,3.79599671180729,3.0663629524963176
CHEM400_04874,CHEM,400,4.617951499635745,3.841791231571062
STAT300_04875,STAT,300,3.070151563725273,2.0621028598411986
ENGR400_04876,ENGR,400,1.2163838106433569,4.102320870480854
ECON300_04877,ECON,300,3.3912765676794905,1.2446935236836563
STAT400_04878,STAT,400,1.6108903591585313,2.745994194408844
ECON400_04879,ECON,400,1.1960724553534878,3.1464057485845482
ENGL400_04880,ENGL,400,4.805696487210712,4.807022059231649
PHYS500_04881,PHYS,500,4.99070527452263,2.012113528127797
PSYCH400_04882,PSYCH,400,3.2330700793655147,2.535840323389933
ECON200_04883,ECON,200,1.4733674778921602,2.379991347827959
BIO200_04884,BIO,200,4.149689683073422,3.8530168407875456
BIO400_04885,BIO,400,1.3152892793682742,2.4937142949200455
CHEM400_04886,CHEM,400,1.3202498303303,4.973973364623699
PHYS400_04887,PHYS,400,4.193086664983516,1.6570776388507036
BIO300_04888,BIO,300,1.2108209779806254,1.2517681580467181
ENGR100_04889,ENGR,100,2.1920352970880277,2.7318653112974247
PSYCH500_04890,PSYCH,500,3.607797477362988,2.8834896156262553
PSYCH400_04891,PSYCH,400,1.309212357903752,1.3244617395214187
MATH400_04892,MATH,400,1.4457523522741922,3.397360030812514
ENGL200_04893,ENGL,200,3.619910656305771,2.1507469133827724
ECON400_04894,ECON,400,3.4572634155827213,2.5595710143014423
MATH200_04895,MATH,200,1.718421406700712,4.929907155348118
STAT500_04896,STAT,500,4.969069943161751,2.0815929390848704
ECON200_04897,ECON,200,4.350071270572626,3.113760030078266
ECON500_04898,ECON,500,3.9105683785423433,3.5668759732866215
PHYS100_04899,PHYS,100,2.6164396028803103,3.717311005159388
CHEM400_04900,CHEM,400,2.969806304190118,2.032002341030517
CS200_04901,CS,200,2.284959060678038,2.2428262028902113
PHYS100_04902,PHYS,100,4.139470313168416,4.389233990781207
ENGR300_04903,ENGR,300,4.422209078365288,3.563424901538043
STAT400_04904,STAT,400,1.498312472834412,1.3432339329678533
CS200_04905,CS,200,3.4609056838983974,4.522848030186481
PHYS400_04906,PHYS,400,1.4505960136681622,2.576838364237511
BIO100_04907,BIO,100,2.163601511700858,3.385586670009425
CHEM500_04908,CHEM,500,3.9751376307778057,4.422721166059102
PSYCH300_04909,PSYCH,300,1.2289145220648137,1.1083082015655914
ENGR100_04910,ENGR,100,2.11556661889592,1.1872811583668899
ECON100_04911,ECON,100,4.98769074068516,2.559262322532851
PHYS400_04912,PHYS,400,4.5361389983637945,3.849757724418439
PHYS100_04913,PHYS,100,2.41281731316041,3.5203410085003197
PHYS300_04914,PHYS,300,1.623929771962786,1.397059103818914
ENGL100_04915,ENGL,100,4.435599400464561,3.022492482309584
STAT200_04916,STAT,200,3.5540474182544437,1.854931795438055
STAT300_04917,STAT,300,1.3416413483851413,2.054870584265954
PHYS300_04918,PHYS,300,3.8714137639582527,1.8023411812677468
STAT300_04919,STAT,300,3.6846543462972523,1.5462572082516317
PSYCH400_04920,PSYCH,400,3.4989451205953475,3.442446376090577
STAT400_04921,STAT,400,2.0412108224034635,1.211592898576654
CHEM400_04922,CHEM,400,3.512574737866545,1.594597646331961
ENGL300_04923,ENGL,300,2.905694225890299,1.8862386473063513
MATH300_04924,MATH,300,4.253822085886485,4.8513362987528525
ENGL300_04925,ENGL,300,3.299758600273923,2.098870410738856
MATH500_04926,MATH,500,2.4524441361813354,2.1005538275415083
CS400_04927,CS,400,3.5676360902769577,1.8435337498845015
CS300_04928,CS,300,2.3380738214000876,2.8318703596511816
ENGR200_04929,ENGR,200,2.6936748062155527,4.0033779796411455
MATH400_04930,MATH,400,2.1889385983909686,2.3910934985646017
STAT300_04931,STAT,300,2.5896150049402036,3.9662868870801806
ECON500_04932,ECON,500,3.496977463093819,2.3445169884858355
PSYCH500_04933,PSYCH,500,3.3379054055838178,3.7888437016590286
STAT500_04934,STAT,500,4.695845254806613,2.954116682664194
PHYS300_04935,PHYS,300,1.60808241160032,3.1385048707611847
ENGR400_04936,ENGR,400,4.123310930967003,3.6213508015800646
PHYS100_04937,PHYS,100,2.938437423016684,3.1734275800169054
ENGL400_04938,ENGL,400,4.458024474828958,3.665502702524451
CHEM100_04939,CHEM,100,3.4282638972688533,1.9904284677991453
PHYS300_04940,PHYS,300,3.301367479012998,2.8702726883087375
CHEM400_04941,CHEM,400,1.1757271570018255,4.680548840390503
CHEM100_04942,CHEM,100,2.3102113141841705,2.175313795498259
STAT300_04943,STAT,300,1.9880040843645745,4.425231506370628
BIO500_04944,BIO,500,3.0324587339697846,4.552582376461983
ECON400_04945,ECON,400,2.499584427365019,4.0908598676498045
STAT300_04946,STAT,300,2.8206254113499347,1.3134054292208956
ENGR500_04947,ENGR,500,3.8484698581475345,3.3338182807382397
MATH100_04948,MATH,100,1.6422740105487024,2.505533836877502
PHYS400_04949,PHYS,400,2.212563581610648,2.2857649407193943
ECON100_04950,ECON,100,3.0843950497351984,2.673196365990007
BIO400_04951,BIO,400,2.3137751878610118,3.8708022181764483
MATH500_04952,MATH,500,2.7513974558767265,3.025376454345058
ENGL100_04953,ENGL,100,1.75159192676559,2.490081761289127
ENGL400_04954,ENGL,400,3.2958377285303375,1.185611404188304
ECON200_04955,ECON,200,1.078072079035111,3.6311285804902065
ECON400_04956,ECON,400,4.060778053133006,1.6048533612934954
ENGL400_04957,ENGL,400,4.938153651695829,3.453716128554303
STAT400_04958,STAT,400,4.1745959381633035,2.4792038905796177
ECON100_04959,ECON,100,2.102190389788566,2.7055034380932317
CHEM500_04960,CHEM,500,4.30580610620623,1.4022978657005254
ENGL100_04961,ENGL,100,2.897979942144786,2.218276242284021
CS400_04962,CS,400,3.7934430397180687,3.1596765276171945
CS400_04963,CS,400,3.4074865831223757,2.1453442241032348
ECON400_04964,ECON,400,4.197095050085368,2.9347496774847435
PHYS100_04965,PHYS,100,2.31506588305666,1.4551221673106922
PHYS400_04966,PHYS,400,3.2494369798427942,2.5379376426737768
PHYS400_04967,PHYS,400,1.1787549829986927,3.89905332606357
ECON400_04968,ECON,400,1.9225977141496853,1.6271299179649112
CS100_04969,CS,100,3.1924732267976474,4.519983815079216
ENGR100_04970,ENGR,100,4.877685449697267,2.8848506021206806
ENGR500_04971,ENGR,500,2.7805805301325477,4.504452022925012
CHEM300_04972,CHEM,300,3.7626204761979998,1.9135140192211355
CS400_04973,CS,400,4.367225464518388,4.043854012910085
CS400_04974,CS,400,1.8433481867095223,2.322627357758418
ENGR300_04975,ENGR,300,2.2624268438667974,4.156927322568386
CS300_04976,CS,300,2.852382914980906,3.5000157232723086
BIO300_04977,BIO,300,1.652626332484045,1.2194847799566326
BIO400_04978,BIO,400,4.728080979096045,3.83179857997837
ENGL300_04979,ENGL,300,3.537732645275304,1.5292829873863316
ECON500_04980,ECON,500,3.769741646521449,3.088644121945488
CHEM300_04981,CHEM,300,1.6986659245810496,1.5710925022186673
PSYCH200_04982,PSYCH,200,2.305894401296524,2.893292490660753
PHYS400_04983,PHYS,400,4.646925054922928,3.902224973461969
ENGL200_04984,ENGL,200,1.942973696622893,4.834402003988704
ECON200_04985,ECON,200,4.111793886601534,3.87798440565991
CS100_04986,CS,100,3.3801645420909003,4.575802652859807
MATH300_04987,MATH,300,2.656738644039334,2.958048045977604
PHYS500_04988,PHYS,500,1.1943522489376561,4.459833317503758
MATH300_04989,MATH,300,2.288529274840783,1.7762582312765418
MATH500_04990,MATH,500,1.6814906929913227,4.48918075749049
STAT200_04991,STAT,200,4.7809449127220045,2.7599590217733514
ECON100_04992,ECON,100,2.0141677006048155,4.846840065223154
CHEM300_04993,CHEM,300,3.103654680288738,3.5153023451496597
ENGL300_04994,ENGL,300,1.733827116286447,2.6816138755986154
MATH300_04995,MATH,300,1.3568009934078606,3.0639145084245203
ENGL200_04996,ENGL,200,4.3339505406831025,4.781203366047811
ENGR200_04997,ENGR,200,2.976066600688532,4.410789978188585
CS500_04998,CS,500,3.4511734366390807,1.7528715209149213
ENGR500_04999,ENGR,500,3.4369233696354624,4.321176138789117
CS300_05000,CS,300,4.201465676815765,1.2414185702830376
ECON300_05001,ECON,300,2.984828538269015,4.385541055693771
CHEM500_05002,CHEM,500,4.757841422204699,2.2422458282083992
ENGL200_05003,ENGL,200,4.346804419792337,3.5980990110993116
MATH100_05004,MATH,100,1.4493997555198899,2.016028507890009
ENGL400_05005,ENGL,400,2.9592816655586254,1.5438494068545183
ENGL300_05006,ENGL,300,1.1757729636750622,4.224556539891809
ENGL500_05007,ENGL,500,1.4524633225835206,3.0990987725557093
CS300_05008,CS,300,3.9646220466935187,1.3366055256955276
ENGL400_05009,ENGL,400,2.4533174930352866,1.1511836455117876
PSYCH300_05010,PSYCH,300,3.2101913320777182,2.4145285178512723
STAT300_05011,STAT,300,3.88719645067324,3.632070359826023
ECON500_05012,ECON,500,2.972722958322959,1.046036390757528
ENGR500_05013,ENGR,500,3.347918171649209,1.158964605588789
PSYCH500_05014,PSYCH,500,4.8547524274673535,1.2201153282556767
PHYS200_05015,PHYS,200,3.5391709865219894,3.730018992737357
ENGR500_05016,ENGR,500,3.4082247567139934,2.9106310111330562
PHYS200_05017,PHYS,200,4.032225010700579,4.237291910715247
CS400_05018,CS,400,1.4857356902385992,1.0889738871562407
PHYS100_05019,PHYS,100,4.875409504236303,3.9500180453458373
ENGL400_05020,ENGL,400,3.826670911769065,2.6297439057912726
STAT500_05021,STAT,500,3.399346197170441,3.364617689371211
PSYCH100_05022,PSYCH,100,3.9586003990585246,4.35452114324818
STAT300_05023,STAT,300,4.239202535359623,2.3345352002249964
ENGR200_05024,ENGR,200,3.3775174003969153,4.924735593997886
STAT500_05025,STAT,500,4.641999822104125,4.913216698428872
BIO200_05026,BIO,200,1.78337880427105,1.2339887305453963
MATH200_05027,MATH,200,1.2205438704452747,2.3444171312645463
STAT300_05028,STAT,300,4.825109910609758,2.516635447342544
ENGL300_05029,ENGL,300,1.1851068187796647,1.684595573750007
BIO100_05030,BIO,100,2.5821814550153266,4.628987987909955
PHYS500_05031,PHYS,500,1.9100182690027854,1.2605291678397643
CHEM400_05032,CHEM,400,2.2884694298109123,4.27126059218689
ENGR100_05033,ENGR,100,1.3425425323205586,2.153656335580431
STAT300_05034,STAT,300,2.0678772693441445,3.8363781545302342
BIO200_05035,BIO,200,3.7010406210166775,3.1923055276375982
ECON200_05036,ECON,200,2.2999448121464545,1.3471326899673262
CS300_05037,CS,300,2.0020579341907068,1.2737020238154702
ENGR400_05038,ENGR,400,4.615772602828055,3.122506658224357
MATH300_05039,MATH,300,1.7584726452654857,1.9057957847619047
MATH500_05040,MATH,500,1.2392034193763508,2.248634690722253
PHYS400_05041,PHYS,400,4.097491632934484,2.4932951870412143
BIO300_05042,BIO,300,2.1710775307919534,4.596558692120301
PHYS200_05043,PHYS,200,4.59589402553649,3.8968328731412836
ECON100_05044,ECON,100,2.6152884125389786,3.577350335768625
PHYS200_05045,PHYS,200,4.828480513981106,1.511301833848412
ENGL500_05046,ENGL,500,2.104697841302986,2.986154577072686
ENGL300_05047,ENGL,300,2.0516019834143284,2.7426028906908235
ENGR300_05048,ENGR,300,3.8801809027884295,3.3385224342849655
ENGL300_05049,ENGL,300,3.6641730346861676,2.2379902340078615
ENGR400_05050,ENGR,400,3.982120116616806,2.1630898393223634
ENGR300_05051,ENGR,300,2.705824042092874,2.1463727589975616
MATH500_05052,MATH,500,4.141048666104078,3.0696809293057488
PHYS400_05053,PHYS,400,3.3275750463777367,4.175622882794991
BIO100_05054,BIO,100,2.033314146356829,3.6974916495323336
MATH500_05055,MATH,500,4.042888135489143,1.2554273752366778
ENGR500_05056,ENGR,500,4.18894363960673,2.437482242939331
ECON500_05057,ECON,500,4.225920812376446,1.0002462070418683
STAT100_05058,STAT,100,2.363921166955758,3.410012011343008
MATH100_05059,MATH,100,1.3979120620365073,1.2580224541618166
MATH400_05060,MATH,400,1.1183727233042542,1.8564589238747127
PSYCH200_05061,PSYCH,200,3.0778931564082526,3.061691774865196
STAT100_05062,STAT,100,4.6680341070268305,2.784017862585966
MATH300_05063,MATH,300,3.8126355182343907,2.2679715995884395
CS300_05064,CS,300,2.767950300233667,1.2849918440866217
BIO400_05065,BIO,400,2.011052265736223,1.2635902731804696
MATH400_05066,MATH,400,2.842909450613784,4.0233366120342655
ECON500_05067,ECON,500,1.8471853133290108,2.1833361114494116
ENGR400_05068,ENGR,400,4.33194816707527,2.364987825244916
PSYCH200_05069,PSYCH,200,4.38790890549983,3.5463995830302926
BIO400_05070,BIO,400,2.181957919168646,3.471670006207598
PHYS500_05071,PHYS,500,4.855484455394691,2.805833795763659
PSYCH100_05072,PSYCH,100,3.6510210082402836,2.9850546652280148
ECON300_05073,ECON,300,1.6237415416091916,1.3687734957890663
CS200_05074,CS,200,1.1659890879076995,1.0130293129251862
PSYCH100_05075,PSYCH,100,1.1369202131044638,3.08477238884995
CHEM100_05076,CHEM,100,4.864060469392524,1.4742178275040363
BIO200_05077,BIO,200,1.1221913732030258,3.7096755274608597
CS100_05078,CS,100,1.7859555195473829,3.92688980840247
ENGR100_05079,ENGR,100,4.330916802626721,2.1231835554244687
BIO500_05080,BIO,500,2.037293271542546,4.467193901330199
CHEM500_05081,CHEM,500,1.749064467716483,4.101633266177613
PHYS500_05082,PHYS,500,3.6422401229083703,3.4809270828646715
MATH200_05083,MATH,200,4.191970428231366,1.0891214675279777
ECON100_05084,ECON,100,2.781244828772012,2.8339024882186665
MATH200_05085,MATH,200,1.8063414865617338,3.7427963814140917
ECON100_05086,ECON,100,1.783131306652952,1.740520115890571
CS400_05087,CS,400,1.1101799869988755,2.742090645451672
ENGL500_05088,ENGL,500,4.924841839759358,3.1084283110378266
ENGL200_05089,ENGL,200,2.3174195697442164,3.8937651091211762
BIO100_05090,BIO,100,2.663067932854995,3.1224091583088533
STAT300_05091,STAT,300,4.552021093928948,4.681026031704208
CS400_05092,CS,400,1.466379660047218,3.06732696297013
PSYCH400_05093,PSYCH,400,3.9924985502551342,1.3928874380866763
CS200_05094,CS,200,2.9741687044948533,3.8350208226682994
MATH300_05095,MATH,300,3.132713073855798,1.46374734979545
PHYS500_05096,PHYS,500,4.065781023217742,2.1093414325995075
ENGR300_05097,ENGR,300,2.718257156676206,2.2611553868106387
MATH500_05098,MATH,500,3.603547811507001,3.9224474503763163
ENGR400_05099,ENGR,400,4.655386380924131,1.0801302123439696
MATH100_05100,MATH,100,2.6813537067880184,3.969224757072556
ENGR200_05101,ENGR,200,1.820319801485586,2.2337738125026423
STAT500_05102,STAT,500,4.438032916947781,4.345226705789764
PSYCH300_05103,PSYCH,300,3.7730593979055476,2.8766564946408275
MATH400_05104,MATH,400,2.157128526623601,1.224169076318753
CHEM400_05105,CHEM,400,4.746180920429891,3.433048400190936
CHEM400_05106,CHEM,400,3.9283254850720857,3.950768372271137
MATH500_05107,MATH,500,3.043405273796243,3.8984969224530586
ENGR400_05108,ENGR,400,4.997420621165464,4.610443159183706
CS400_05109,CS,400,4.1806105452449405,2.2507189814297144
CHEM200_05110,CHEM,200,2.1173842101944276,1.895379089081069
MATH400_05111,MATH,400,1.1728767192224394,3.525381277776232
BIO100_05112,BIO,100,3.0941262763512603,1.321865755526313
PHYS500_05113,PHYS,500,2.2048632365372915,1.4576971098588185
ENGL100_05114,ENGL,100,2.384878105557533,2.2435676703966347
CHEM200_05115,CHEM,200,1.62134298367994,1.8137794856066263
STAT300_05116,STAT,300,4.893777968580471,3.8167175121534016
PHYS100_05117,PHYS,100,2.592469440284958,1.5581318048962247
CHEM100_05118,CHEM,100,4.376702047903755,2.9857717504960077
PHYS100_05119,PHYS,100,4.157109674234892,1.0952009319750933
PSYCH200_05120,PSYCH,200,1.2669875835886342,1.5608152782389717
CHEM300_05121,CHEM,300,1.1171677170723635,4.635616296228811
STAT200_05122,STAT,200,3.643927850178583,3.297605653133094
PHYS500_05123,PHYS,500,4.126400312153891,2.8557160505734522
PHYS300_05124,PHYS,300,2.5848616557522757,4.782406964649213
MATH300_05125,MATH,300,2.3411136254956237,2.9709730312084437
PHYS500_05126,PHYS,500,4.088029312220277,2.1825335640531764
MATH200_05127,MATH,200,2.38083818434426,3.518678955928407
CS300_05128,CS,300,3.0435007116678436,4.7030404823405085
ECON100_05129,ECON,100,2.2166084144879146,2.4888215857363982
MATH200_05130,MATH,200,1.1925608174183693,2.3201793149866825
CS200_05131,CS,200,4.3389342068281245,2.7131346419575886
CS500_05132,CS,500,3.389081063172823,4.669500652271085
PSYCH400_05133,PSYCH,400,4.7396200800048245,4.50983104063242
CS200_05134,CS,200,1.4070106793528927,3.8574481167804926
PSYCH400_05135,PSYCH,400,3.5734916730831703,3.3785555574820556
ECON500_05136,ECON,500,3.3530079018197516,3.2741322146127287
CS300_05137,CS,300,2.1623999779407876,2.8334556852903745
CHEM300_05138,CHEM,300,4.211526804861212,3.592238695279814
MATH200_05139,MATH,200,2.0266929372946136,2.5225124573264024
ECON100_05140,ECON,100,4.455044625910846,2.74588690405189
MATH400_05141,MATH,400,2.4229985537785557,4.205801935690751
ECON300_05142,ECON,300,4.559485948258805,3.393491443897916
BIO200_05143,BIO,200,4.150922085862707,4.068028587217704
PSYCH200_05144,PSYCH,200,1.9972007013569684,4.165360155544466
PSYCH500_05145,PSYCH,500,2.084407935000775,4.576577738177644
PSYCH400_05146,PSYCH,400,2.228030898708639,4.8895697661477
CHEM100_05147,CHEM,100,4.9599934352069175,1.3143967369580243
ECON500_05148,ECON,500,4.623607407988549,4.042307988477253
PSYCH100_05149,PSYCH,100,3.8479619149965782,1.118428074768897
PSYCH200_05150,PSYCH,200,3.43741327943818,3.85618591718212
PHYS500_05151,PHYS,500,4.781996013200731,3.401871488427723
PSYCH200_05152,PSYCH,200,4.684953531951166,1.0855182024568002
ENGL200_05153,ENGL,200,2.8732434477327184,2.429848942092816
CS100_05154,CS,100,2.5208574844259206,3.104312714669796
ECON200_05155,ECON,200,3.4821828564120727,1.2933713319975508
BIO100_05156,BIO,100,3.8728051775828716,3.608727835769104
STAT100_05157,STAT,100,1.6718490143701326,1.5692678557257422
CHEM300_05158,CHEM,300,4.30709275132637,4.340043615938251
ENGL300_05159,ENGL,300,2.039221418148315,3.7795417393940878
ECON500_05160,ECON,500,3.3978231421202376,4.573324069117936
PHYS500_05161,PHYS,500,2.939304760286179,2.388302709575149
STAT200_05162,STAT,200,1.796254436180348,2.814888059375692
ENGL300_05163,ENGL,300,1.4381267052802582,1.6554321127984655
ENGL400_05164,ENGL,400,3.7042744512451358,1.703172117583902
BIO200_05165,BIO,200,1.104987507517087,1.517633307488039
PHYS200_05166,PHYS,200,1.9915728971094682,1.0840261785586076
CHEM400_05167,CHEM,400,4.681143621420909,3.7013296998469527
ECON400_05168,ECON,400,2.4982552114028933,4.749234218951337
ECON100_05169,ECON,100,2.0082224093338645,2.1358359922054504
BIO100_05170,BIO,100,3.9309582111457093,3.6750007147488617
ENGR100_05171,ENGR,100,3.001272541198423,3.637174900466542
PHYS400_05172,PHYS,400,1.0163749184735162,1.0817215857175007
BIO200_05173,BIO,200,4.40439946147489,4.647731616318435
CS400_05174,CS,400,3.90545002486228,2.012502413472517
ENGL400_05175,ENGL,400,4.077511510622619,4.252848708292296
PHYS300_05176,PHYS,300,3.4922892459658055,2.526669626507593
MATH100_05177,MATH,100,3.8061002787917793,4.6025258295863
PSYCH100_05178,PSYCH,100,4.404055658753369,1.3197462862197686
PSYCH200_05179,PSYCH,200,2.965067898401585,4.6965574227531075
ENGL300_05180,ENGL,300,4.751990761158082,3.9702866666926906
ENGR300_05181,ENGR,300,3.485544749922551,2.1320138712046663
PHYS100_05182,PHYS,100,2.8884752511334355,3.201069138114226
CHEM400_05183,CHEM,400,2.323263808218634,4.249067679978077
BIO200_05184,BIO,200,1.4876353219389018,3.70937620485785
PSYCH400_05185,PSYCH,400,2.7011515070753678,2.4267733195519643
PHYS100_05186,PHYS,100,2.6541254946574275,1.3417204121406532
CS400_05187,CS,400,1.1998101017462734,3.9634036679324876
ECON300_05188,ECON,300,3.2319068572256695,4.799699555604338
CHEM100_05189,CHEM,100,1.1412986703087902,3.4168631018620252
PSYCH100_05190,PSYCH,100,3.2206595515779592,3.9912210276442255
CS100_05191,CS,100,3.5461141674993226,3.7503325717485825
PSYCH100_05192,PSYCH,100,2.77146949617368,1.0123575258153092
ENGR200_05193,ENGR,200,1.5422797192392355,4.572216172363008
PSYCH400_05194,PSYCH,400,1.4178891794444155,4.6669082766242935
PHYS500_05195,PHYS,500,2.1468174210468143,2.6956550149175267
ENGR200_05196,ENGR,200,4.501353136553263,2.9699818006404306
MATH400_05197,MATH,400,1.5434169436307563,2.8217700318940175
MATH400_05198,MATH,400,1.2197822711655197,1.925155016240255
BIO400_05199,BIO,400,1.3782319830156786,2.5977245738997063
STAT300_05200,STAT,300,3.0910617649361134,2.411511503887674
ENGL300_05201,ENGL,300,3.0437482331769745,3.769246220776941
MATH500_05202,MATH,500,2.1588209551130015,2.1181810061446424
CHEM100_05203,CHEM,100,4.393994186078313,4.454910054390972
BIO500_05204,BIO,500,4.920026191482667,2.248022751623671
ECON500_05205,ECON,500,4.986741412922514,3.7013542096111145
BIO200_05206,BIO,200,1.7383582529416817,1.9839806560423745
ENGR500_05207,ENGR,500,3.6889898612791887,2.4164770136366287
ECON100_05208,ECON,100,2.411679658218853,4.148689739790371
PSYCH300_05209,PSYCH,300,2.79129797414008,3.539112949305948
CHEM300_05210,CHEM,300,2.237241793968021,1.233092863255425
PHYS400_05211,PHYS,400,1.6877647325600686,3.0640008947862607
ECON500_05212,ECON,500,3.3098509412797847,1.7529946202183022
ENGR400_05213,ENGR,400,3.5409159617324786,2.2634056607725874
STAT200_05214,STAT,200,1.7989066843136992,4.285890538567589
ENGL200_05215,ENGL,200,4.293779202319607,1.1798128220192852
ENGL400_05216,ENGL,400,1.0436822434671247,2.2228345538087755
MATH500_05217,MATH,500,2.213008458707675,1.4097869964232927
ECON200_05218,ECON,200,4.930169993935285,1.1835380618428055
MATH200_05219,MATH,200,4.540257567590588,2.6233566547685343
MATH200_05220,MATH,200,2.700909510407441,4.182961134358893
MATH300_05221,MATH,300,3.972357089094912,1.215562308435889
ENGL400_05222,ENGL,400,2.2339301334719885,1.7066837005735693
ENGL200_05223,ENGL,200,4.504166452773344,3.743188916508306
CS500_05224,CS,500,1.3194667011129777,3.2889040380470367
MATH500_05225,MATH,500,1.7808819843487562,4.656999222567411
STAT300_05226,STAT,300,4.047848514244615,3.1963273294507415
PSYCH500_05227,PSYCH,500,4.961799932315975,1.2463063016869431
PHYS100_05228,PHYS,100,1.4744615794428295,4.8861845421493495
ENGR300_05229,ENGR,300,3.9221016083110083,4.4110466626232245
CS500_05230,CS,500,4.752621365825624,1.235123780976041
CHEM500_05231,CHEM,500,2.285074635722866,1.0634178241902736
ENGR400_05232,ENGR,400,4.653685085343417,2.5851742805234217
STAT500_05233,STAT,500,4.0494425032580175,2.036567796419248
BIO500_05234,BIO,500,1.9160576733483068,1.5171346988187455
PSYCH500_05235,PSYCH,500,3.8435377164946622,3.608596543136431
MATH300_05236,MATH,300,4.273940457301174,2.978393483076131
PHYS500_05237,PHYS,500,4.904025084335765,4.562389211530277
MATH300_05238,MATH,300,4.456426844818978,3.3648651815609134
BIO300_05239,BIO,300,1.056627469813522,3.9127839722842266
BIO200_05240,BIO,200,1.5154843388164996,1.7279649433349227
PHYS300_05241,PHYS,300,4.808116267680912,3.166285284797885
ENGR300_05242,ENGR,300,2.1072171337871337,4.420258494255429
ENGL500_05243,ENGL,500,3.395329415409459,4.968671858756687
MATH200_05244,MATH,200,1.2643863614410398,4.428363857536699
ENGL200_05245,ENGL,200,4.587163313871994,3.2148623129975644
ENGR400_05246,ENGR,400,3.1009694562802377,2.431266114274684
ENGR500_05247,ENGR,500,2.015960532275146,4.731484567835056
PSYCH100_05248,PSYCH,100,3.695400625521392,2.4940062560200147
STAT300_05249,STAT,300,2.0815320205069323,4.87093492457597
ENGR200_05250,ENGR,200,3.558963253038663,2.113604514547341
PSYCH500_05251,PSYCH,500,2.4660855640859207,4.685119533368503
CHEM100_05252,CHEM,100,3.597125290924619,4.141343568402831
BIO300_05253,BIO,300,2.5319301113259978,2.915499932703229
STAT500_05254,STAT,500,2.4923354759863443,2.6494381092722485
ECON500_05255,ECON,500,4.454448417894705,1.5583093904012681
ECON100_05256,ECON,100,1.608380031439884,4.02399107674597
CS100_05257,CS,100,3.873790195615415,2.874377330284919
PHYS400_05258,PHYS,400,1.7777420889696138,3.564518180226824
STAT100_05259,STAT,100,2.951134762272649,3.9783528404691193
PSYCH400_05260,PSYCH,400,1.0797455416140762,3.675079987337288
BIO100_05261,BIO,100,2.537527189540393,4.358739055692678
PHYS200_05262,PHYS,200,3.812658642073813,4.98181423408727
STAT500_05263,STAT,500,1.9750841724579487,4.933397836734575
PHYS300_05264,PHYS,300,4.681253952161,3.2002657309596154
ENGL300_05265,ENGL,300,3.12546020618653,4.581954896074203
PHYS500_05266,PHYS,500,2.6044259064471853,1.7028862421672706
STAT100_05267,STAT,100,1.0447049548460061,1.488297380335342
STAT400_05268,STAT,400,1.0861559792030824,4.484615743473397
CS400_05269,CS,400,2.218818974020566,3.041704306435285
ENGL500_05270,ENGL,500,4.79247336118827,3.9566543049847893
ENGR200_05271,ENGR,200,1.2636206639069134,2.4563098640838907
CHEM200_05272,CHEM,200,2.761342675405016,4.2838396770028115
PSYCH100_05273,PSYCH,100,1.0143438318253186,2.7955317481550623
MATH400_05274,MATH,400,3.1357918485997356,3.789491374508876
CHEM200_05275,CHEM,200,2.973434330615562,2.949053713022466
CS200_05276,CS,200,2.3881410395070595,1.367953761083411
CHEM200_05277,CHEM,200,1.8248371824536198,4.460792477262353
CS200_05278,CS,200,1.0314197596279513,4.5895045691156895
CS200_05279,CS,200,2.3779112631374932,2.9367271412651585
PSYCH400_05280,PSYCH,400,3.2643052567582123,1.645567109483777
CS200_05281,CS,200,4.803572846494606,4.4347040579834065
ECON200_05282,ECON,200,3.2048297957359404,3.367508219290472
ECON300_05283,ECON,300,2.804535098716066,1.9451858234618706
CHEM400_05284,CHEM,400,4.668498744877187,4.526204311446535
STAT300_05285,STAT,300,3.2285937003197116,3.8905932483288534
MATH300_05286,MATH,300,4.921890542705837,1.1042638338927548
CHEM200_05287,CHEM,200,2.234847792633119,4.8411040862654655
ENGL200_05288,ENGL,200,3.7417935814566,3.4824057344167407
MATH100_05289,MATH,100,3.086609474635338,1.9277978091977692
CS200_05290,CS,200,3.912327428646872,4.01336165405084
CHEM400_05291,CHEM,400,3.7910485068566757,1.221236538267247
CHEM300_05292,CHEM,300,2.047924318085626,3.90442897588652
PHYS200_05293,PHYS,200,4.725349968068152,2.905239774449115
MATH200_05294,MATH,200,3.7752101598455132,2.86507519618488
PHYS500_05295,PHYS,500,1.0608921054241338,1.4423380957875724
ENGL400_05296,ENGL,400,4.7795830966153225,4.784388260788283
CS500_05297,CS,500,2.1611103961440703,1.5088696968468556
ENGR500_05298,ENGR,500,2.5058374485108703,4.150311156505986
PHYS500_05299,PHYS,500,4.365649654143812,1.8733252256163788
ENGL300_05300,ENGL,300,4.394380372936524,3.6156784074374206
ENGR500_05301,ENGR,500,3.67616396006745,4.700687060314564
PHYS400_05302,PHYS,400,1.083591627970721,1.097186903719272
ENGR100_05303,ENGR,100,2.4698509716633406,1.7086392528809546
ECON100_05304,ECON,100,4.996156856219065,3.8549835491040816
ECON500_05305,ECON,500,3.2798094348038127,3.093837280565485
ENGR500_05306,ENGR,500,3.123336737943642,3.2908663567901497
PSYCH200_05307,PSYCH,200,4.161029789246172,4.071237019017179
ENGL100_05308,ENGL,100,1.2329012103754589,1.8521363453656559
MATH400_05309,MATH,400,1.313675345145815,3.4403938486289127
PHYS200_05310,PHYS,200,1.4103502984158975,2.9798964344271974
CHEM400_05311,CHEM,400,4.669975571372694,1.0872101053148508
ECON300_05312,ECON,300,3.0443711527179307,2.4971132483556837
CS500_05313,CS,500,4.038416633769435,3.34673019566844
CHEM100_05314,CHEM,100,2.219458073292218,3.6235353675902036
BIO200_05315,BIO,200,1.6662090641687741,3.9820313932212823
CHEM200_05316,CHEM,200,1.5852011795799235,2.0536503638473658
CS400_05317,CS,400,2.825541910252567,4.131783971807378
STAT200_05318,STAT,200,4.047787875405765,4.398840750373657
CHEM100_05319,CHEM,100,4.104789049156208,4.972086428629586
CHEM300_05320,CHEM,300,1.9419439005409287,1.7826805820254892
ENGL500_05321,ENGL,500,2.50290365228259,3.304100237873386
CS500_05322,CS,500,3.5963705988661334,1.401946983184065
PHYS400_05323,PHYS,400,2.1292407880635156,4.755240663609774
PHYS100_05324,PHYS,100,3.8585081767167675,3.0329558989041354
MATH500_05325,MATH,500,1.6493461757988452,1.0766177722265615
ENGL400_05326,ENGL,400,3.4862402517312705,1.9352670505728655
BIO500_05327,BIO,500,2.0445052189612523,2.9571553896200653
ENGL300_05328,ENGL,300,1.6571976037545513,1.184175273483493
STAT300_05329,STAT,300,3.192029699286559,1.7122465768301431
MATH300_05330,MATH,300,1.050199754540777,1.0306384988800437
CS400_05331,CS,400,2.8830582466301102,1.7080688297070252
ENGR500_05332,ENGR,500,2.69565293771389,2.9556185699105293
ENGL200_05333,ENGL,200,4.378131004651436,1.1803462600116297
MATH200_05334,MATH,200,3.906816835331128,4.503903691115642
PSYCH300_05335,PSYCH,300,2.2191534003153017,1.4243826004357998
ENGL300_05336,ENGL,300,3.873351454531796,1.818826120424505
CS500_05337,CS,500,4.883101070114062,2.6075586644345434
BIO400_05338,BIO,400,3.378997151996744,3.8967708252526845
CS100_05339,CS,100,3.770240292517339,4.288661764626152
ENGR200_05340,ENGR,200,1.2135064687104364,4.2597804377232205
STAT300_05341,STAT,300,2.5683145153963567,3.7031359374991997
PSYCH400_05342,PSYCH,400,2.6856862489204727,2.3234554147706605
ENGL300_05343,ENGL,300,1.3022474593401445,2.534058227283291
STAT200_05344,STAT,200,3.4506580155684388,2.3329252205135442
STAT400_05345,STAT,400,1.4787069596817668,2.437151424493
ENGL200_05346,ENGL,200,2.989319561223057,1.4304770339296988
ENGL400_05347,ENGL,400,4.603939455870806,1.088044485727012
STAT100_05348,STAT,100,1.3743501630445047,4.880260480152943
BIO400_05349,BIO,400,3.39564672444407,3.1899265878578262
ENGR400_05350,ENGR,400,4.785021247720657,4.529723639373308
ENGR500_05351,ENGR,500,3.6368762411571574,3.842779386801301
ENGL200_05352,ENGL,200,4.086892806955498,4.569514888183401
CS400_05353,CS,400,3.2278073257093065,2.7666592319873757
STAT400_05354,STAT,400,2.1218774678238232,1.7196384074758915
CHEM200_05355,CHEM,200,3.475397381616458,1.0283949293529213
PSYCH400_05356,PSYCH,400,1.0164378752448453,1.0759593746533067
CHEM200_05357,CHEM,200,4.244342940227618,3.888206178121035
ENGL100_05358,ENGL,100,1.4253686669867642,1.2951432841985415
BIO200_05359,BIO,200,3.849024419805406,3.1547784155958642
ENGL400_05360,ENGL,400,1.7082245620649559,4.486806304890274
ENGR100_05361,ENGR,100,2.971414387056767,1.8456810434590794
CHEM200_05362,CHEM,200,3.798518437942256,1.038340271312849
PSYCH200_05363,PSYCH,200,1.785449686372822,4.416430585435247
PHYS100_05364,PHYS,100,4.472518646236542,2.549871337436619
ECON400_05365,ECON,400,2.906518188555242,2.1941978413739402
PSYCH300_05366,PSYCH,300,3.6580461009458167,2.4006778748317754
BIO500_05367,BIO,500,3.806014136766102,1.5215213912699
ECON200_05368,ECON,200,3.1317553681167665,1.5862459016915036
CHEM400_05369,CHEM,400,2.1305596678759673,2.5158531966194118
CHEM500_05370,CHEM,500,1.7148415116260938,2.8858256444691013
BIO200_05371,BIO,200,1.5003289425159565,3.681910921329595
PHYS300_05372,PHYS,300,3.193440337585735,1.5545805745512506
ECON500_05373,ECON,500,4.6924755677822265,2.4520338096424408
BIO500_05374,BIO,500,1.0510620009759433,2.471752133549954
ECON200_05375,ECON,200,2.4447268288880557,2.759378893743815
STAT300_05376,STAT,300,1.2527294959275146,2.4540718262685712
MATH300_05377,MATH,300,4.840397550984258,1.5967346400610052
STAT200_05378,STAT,200,3.332834276108315,4.423617951473224
STAT200_05379,STAT,200,4.559220875385409,3.724817914891582
CS500_05380,CS,500,3.283636940965273,1.3939422990488772
BIO200_05381,BIO,200,2.529449692460494,4.374650383768539
ENGL100_05382,ENGL,100,2.4151936823957563,4.6656087993382105
ENGR100_05383,ENGR,100,2.7994921408828515,1.3115670422694485
PSYCH200_05384,PSYCH,200,1.8323001362877545,3.8496454313247037
BIO100_05385,BIO,100,2.345356512876244,3.607875785441172
STAT300_05386,STAT,300,3.6919344503667206,3.0433159256927125
ENGR200_05387,ENGR,200,3.80164975840452,4.021097371001712
CS500_05388,CS,500,2.604339488855537,1.2388818241988804
ECON500_05389,ECON,500,2.2863393765956723,3.2573380514161037
ECON100_05390,ECON,100,3.4623967437783176,1.172594164959281
MATH300_05391,MATH,300,3.619547057693052,3.695232346351995
PSYCH400_05392,PSYCH,400,4.420251739935491,4.5274490073789675
CS300_05393,CS,300,2.4021592368960634,3.50935242522012
MATH400_05394,MATH,400,3.3336003589308394,3.269415419740304
CS500_05395,CS,500,2.9326860224351905,2.1915054817655504
BIO200_05396,BIO,200,4.44876146344828,2.9134415381561154
CS100_05397,CS,100,1.123914935878775,1.875412951879794
PHYS100_05398,PHYS,100,4.044114809909944,2.4400906727352707
CS400_05399,CS,400,2.1587296325823115,3.6524809132945353
CHEM300_05400,CHEM,300,4.768110568364635,4.994821286356819
MATH400_05401,MATH,400,3.284461207345772,1.1148228761940389
ENGR400_05402,ENGR,400,4.089479162819863,1.871043421628395
PSYCH300_05403,PSYCH,300,4.562829976353447,4.062674988370889
BIO400_05404,BIO,400,4.37928263631122,1.5820973900714006
ECON500_05405,ECON,500,2.286835646156129,1.8923770892002758
STAT400_05406,STAT,400,3.357439507143075,3.348639108339977
PHYS400_05407,PHYS,400,2.5391174626798327,2.0692836271015396
ECON500_05408,ECON,500,2.6613513518582352,4.729978699818688
CHEM300_05409,CHEM,300,3.3444777662330485,1.9196874104697859
CS300_05410,CS,300,4.513619562464939,2.252299517447654
CHEM200_05411,CHEM,200,2.2428585970082318,3.8275082358537804
CS400_05412,CS,400,4.366101205556243,3.079612428777757
CS500_05413,CS,500,4.384892945016025,1.6577789802707201
ECON300_05414,ECON,300,2.944770586652716,2.6014037581292615
CHEM100_05415,CHEM,100,4.030761468029667,1.4462434983820263
BIO200_05416,BIO,200,3.1677785445146363,1.2927414932783288
ENGL400_05417,ENGL,400,3.197403640175929,3.347322601390516
PSYCH500_05418,PSYCH,500,1.8824623699896335,1.7615780247432729
BIO200_05419,BIO,200,4.7426107852742545,4.930110896806214
STAT100_05420,STAT,100,2.7655102246724472,4.952520391776117
ENGL100_05421,ENGL,100,4.120266162061849,4.423538539500417
BIO300_05422,BIO,300,4.333705213255301,3.8956711613322375
STAT300_05423,STAT,300,3.7824612425785533,2.501496197055785
MATH100_05424,MATH,100,3.9878540462618712,3.090634070314213
ECON100_05425,ECON,100,3.4584779133965386,2.371807812742318
STAT200_05426,STAT,200,2.330388259482916,2.5916739773440707
ENGL400_05427,ENGL,400,4.960089788270901,3.6980832598914355
ENGL400_05428,ENGL,400,3.750941642611189,4.896092621774994
STAT500_05429,STAT,500,2.921504812353087,1.8724836545258055
STAT300_05430,STAT,300,2.828021536645766,3.079844461741159
BIO300_05431,BIO,300,1.4888980990145866,2.8585422395766464
ENGL500_05432,ENGL,500,2.3024064193224025,3.690889682488243
PSYCH300_05433,PSYCH,300,3.624011660350231,2.7856580302457834
ENGL300_05434,ENGL,300,2.4369840897102417,2.4129009399080643
MATH200_05435,MATH,200,4.410104970447865,2.488532901182391
ENGL300_05436,ENGL,300,3.012614461963698,1.5155382698483892
BIO500_05437,BIO,500,2.646977890332954,2.9937596694169697
ENGL400_05438,ENGL,400,4.2766245951002295,2.807045388322277
CHEM100_05439,CHEM,100,3.4119262365924548,3.90565204051421
STAT500_05440,STAT,500,4.268426622844277,1.2547362331277445
PHYS400_05441,PHYS,400,2.6006216023436766,2.542831082822515
PSYCH200_05442,PSYCH,200,2.3119959841093185,3.9728692024945236
PSYCH100_05443,PSYCH,100,2.5471721071419577,2.611453559657141
ENGR500_05444,ENGR,500,2.8748035449619844,1.6877169230323665
ECON400_05445,ECON,400,2.286160007594768,1.6408009079961152
CS200_05446,CS,200,1.6944424592951703,3.8270279477412785
ENGL100_05447,ENGL,100,3.850374199307164,2.305140851733124
MATH200_05448,MATH,200,3.066930866019178,1.3009568559134737
PSYCH300_05449,PSYCH,300,2.5260172848664566,4.511492119779066
CS300_05450,CS,300,1.6890466891165383,3.097057798912981
BIO300_05451,BIO,300,1.5783707732471037,4.799771839419485
BIO400_05452,BIO,400,4.729663654340961,3.472626283976155
CS400_05453,CS,400,4.872236673262222,4.564896484136221
MATH500_05454,MATH,500,1.7325218351270268,2.8888194784696717
BIO500_05455,BIO,500,2.3881667974136183,2.4953715807625167
PHYS200_05456,PHYS,200,1.1907600709889072,3.7565500936395266
PSYCH100_05457,PSYCH,100,3.6311215954172704,3.333617032264354
CHEM100_05458,CHEM,100,1.3941713121617174,1.6033528405495794
CHEM500_05459,CHEM,500,3.442533327565568,1.2889235080147068
STAT400_05460,STAT,400,3.752799419410572,3.572609385032679
STAT100_05461,STAT,100,2.8944370076182873,1.8501651467640952
BIO300_05462,BIO,300,3.811047855161573,1.1109433769238324
BIO400_05463,BIO,400,3.4245277462970742,2.523285117258174
CS300_05464,CS,300,2.2157932915654133,2.054031448559662
CS300_05465,CS,300,2.6888539870833514,1.9329739569521913
ENGL300_05466,ENGL,300,4.5238490432456135,3.246125823265413
CS100_05467,CS,100,3.837689707501191,3.722915143359485
ENGL300_05468,ENGL,300,2.7072851680363437,2.160781423990053
STAT500_05469,STAT,500,4.798498852246452,3.7785060245108784
ENGL500_05470,ENGL,500,1.061815993509577,1.050569905562734
STAT300_05471,STAT,300,4.520394343359683,3.3127193483598223
BIO300_05472,BIO,300,1.7576894295486127,3.2716486184364144
ECON300_05473,ECON,300,3.6057593417378344,2.641803839931389
MATH100_05474,MATH,100,3.5597389186879522,4.222117326685893
ENGL100_05475,ENGL,100,1.2199884047709144,3.4320173731792765
PSYCH400_05476,PSYCH,400,2.838835738719993,4.31799605425531
CHEM300_05477,CHEM,300,4.788689948560564,3.864739998646258
MATH400_05478,MATH,400,3.7503710489635047,3.7146219940843417
CS400_05479,CS,400,4.843506331347003,1.0123614645905068
PHYS500_05480,PHYS,500,3.957479351037139,1.7193834550087623
PHYS500_05481,PHYS,500,3.805741123208771,1.5285663837087604
CS500_05482,CS,500,3.9776565938587725,1.244683253845571
BIO300_05483,BIO,300,4.705060276613163,3.4693950031705496
ECON300_05484,ECON,300,1.3910644737975018,4.535652630241488
CHEM500_05485,CHEM,500,3.7373903062887495,3.3424073889918686
ECON300_05486,ECON,300,3.7902621992654923,3.07862788095583
ENGR200_05487,ENGR,200,3.7288137074053345,3.9710102304786496
BIO100_05488,BIO,100,4.2863657925104075,2.7125548430831854
PHYS400_05489,PHYS,400,4.316976806051179,3.3664478462840797
ENGR300_05490,ENGR,300,4.33754589908418,1.2981074137565671
MATH300_05491,MATH,300,4.912858989126734,1.1351589423092245
BIO400_05492,BIO,400,1.4153213232072543,4.752485591946783
PSYCH100_05493,PSYCH,100,2.3500473080630444,3.0978819778301827
CHEM200_05494,CHEM,200,2.16193971956673,1.318964026838675
PHYS100_05495,PHYS,100,4.662514308926262,2.142569928017752
CS200_05496,CS,200,1.9061544742978902,4.917169833893422
ENGR100_05497,ENGR,100,3.7746088637963116,3.006136006868005
PHYS100_05498,PHYS,100,2.6324603988242083,2.1340188087945253
BIO200_05499,BIO,200,2.4293457738033992,3.1489579997229304
ENGL400_05500,ENGL,400,4.246325651946176,3.561985326382927
PHYS300_05501,PHYS,300,1.1027018603941108,4.229994341284201
ENGR100_05502,ENGR,100,4.791767672491358,2.168598727871133
ENGR500_05503,ENGR,500,2.4158065320826694,3.3642372264275084
PHYS500_05504,PHYS,500,4.228519968106809,4.089452180477186
PSYCH200_05505,PSYCH,200,1.2773857196422025,3.597786819487814
PSYCH100_05506,PSYCH,100,2.4074043852668465,4.264617799257552
PHYS200_05507,PHYS,200,2.390409949727307,4.273968021253262
CHEM100_05508,CHEM,100,1.2784370016440865,2.068254057908465
BIO200_05509,BIO,200,2.2361164097297426,2.415458919473745
STAT100_05510,STAT,100,3.0882445713843327,2.1677597298193323
CHEM200_05511,CHEM,200,2.4286089480660076,4.463306334451849
ENGR100_05512,ENGR,100,2.1395504267458336,3.1890589325103638
PHYS400_05513,PHYS,400,2.710053168946743,3.0634350697370674
CS500_05514,CS,500,4.408711861394597,1.5803151999677398
ECON400_05515,ECON,400,3.547741973308334,4.6671714769068435
ENGR500_05516,ENGR,500,1.056944761002557,1.9192118020695168
CHEM500_05517,CHEM,500,1.5823835091829062,2.89384334530684
MATH100_05518,MATH,100,2.9140249761858636,2.726577985706592
MATH400_05519,MATH,400,2.454113360684912,4.479531559041854
MATH300_05520,MATH,300,2.855080434903347,3.0870123917667724
ECON500_05521,ECON,500,1.4599692093634244,2.80880603887577
ENGR200_05522,ENGR,200,1.2192044507187552,3.654407850754745
PHYS500_05523,PHYS,500,1.8171031549591867,3.845038905248717
CS500_05524,CS,500,2.466429546671789,4.2552157199909635
BIO200_05525,BIO,200,1.1372320899085975,4.079020312831605
PHYS300_05526,PHYS,300,4.27545553159357,3.3520458577299648
ENGL300_05527,ENGL,300,4.551822134434905,4.851508372638489
ECON300_05528,ECON,300,3.722633751077972,1.8116361481296015
STAT100_05529,STAT,100,1.846786892456731,1.3657842284894697
PSYCH500_05530,PSYCH,500,4.092314222993045,2.8308314107531665
MATH200_05531,MATH,200,4.668083536174858,1.1257833878831214
ENGR100_05532,ENGR,100,4.648745016455818,4.321554276041571
CHEM200_05533,CHEM,200,3.9880214414249817,1.3683132036546581
STAT400_05534,STAT,400,3.586171146506432,1.5686952202608042
ECON200_05535,ECON,200,4.137899789377542,4.16357713059327
PHYS500_05536,PHYS,500,4.1289451232650904,2.767261492815114
BIO400_05537,BIO,400,4.42022584649909,3.1508256808600232
PSYCH300_05538,PSYCH,300,4.637619273549447,3.5607336475667704
CS500_05539,CS,500,4.423588870142368,1.3425297807982006
ENGL300_05540,ENGL,300,1.6574119188590646,2.392521313652048
CHEM300_05541,CHEM,300,1.5342005895972863,4.791173743560392
STAT300_05542,STAT,300,3.0105695259285588,3.614617142150287
STAT100_05543,STAT,100,1.3179272950459908,1.081657829425068
CHEM100_05544,CHEM,100,3.276262027673583,2.2317209240611864
STAT100_05545,STAT,100,2.470283045850838,2.7947222843179804
CHEM400_05546,CHEM,400,2.0398036503667494,2.364099975060335
CHEM100_05547,CHEM,100,3.1637213380188016,1.828387807055277
MATH300_05548,MATH,300,1.224988291680802,2.5257346159669596
BIO400_05549,BIO,400,1.1321107183941161,4.842813989764028
PSYCH300_05550,PSYCH,300,4.482162369363792,2.863269239117486
PSYCH400_05551,PSYCH,400,1.6251390282752198,3.736557718094375
CS100_05552,CS,100,2.174828817389683,1.8275935738007276
STAT300_05553,STAT,300,4.757428616122686,4.023106037089315
PSYCH100_05554,PSYCH,100,2.0482763073907977,1.107387910845214
ECON300_05555,ECON,300,4.8996932824559085,1.7324299107519545
BIO500_05556,BIO,500,2.902582093709469,4.349878360250278
STAT500_05557,STAT,500,2.679396182345742,3.0987629627204325
CS200_05558,CS,200,1.5174471943431613,1.0387284476460659
PSYCH300_05559,PSYCH,300,1.4779874391239516,1.6719407352590157
CS100_05560,CS,100,1.1558641962059997,2.311312805116061
ENGL400_05561,ENGL,400,1.7748674021746158,4.082159509174179
CHEM500_05562,CHEM,500,1.0394436849840152,4.433345027993454
BIO400_05563,BIO,400,2.786893021831927,1.1654159964190645
PHYS300_05564,PHYS,300,1.6646231108818994,1.012237071428737
ECON500_05565,ECON,500,3.0963639849072444,4.570896127362504
BIO300_05566,BIO,300,3.1375665685416188,1.2599246094328382
PHYS300_05567,PHYS,300,3.8738135283931867,4.217919568520539
PSYCH200_05568,PSYCH,200,1.7116593260031725,4.2669814203339325
PHYS300_05569,PHYS,300,2.875835951909712,4.919998411957329
CHEM500_05570,CHEM,500,2.4517174961263275,4.293902820849357
PSYCH200_05571,PSYCH,200,2.9369751956419923,3.1646228589094383
MATH100_05572,MATH,100,1.1317213144207345,4.188958067284629
ECON500_05573,ECON,500,2.4767602731909184,2.6384488683848133
BIO200_05574,BIO,200,1.4548416112161546,2.804082659548926
ECON200_05575,ECON,200,1.0497732356143232,2.379868210269177
ENGL500_05576,ENGL,500,2.4613722581423927,3.0086763261937564
ECON200_05577,ECON,200,4.444907448377346,2.2330884006809715
BIO300_05578,BIO,300,4.5363979866677635,3.4683192483536156
MATH500_05579,MATH,500,4.349358818949266,2.9512235389832067
CS300_05580,CS,300,1.810061787559302,4.900367670006213
MATH300_05581,MATH,300,2.5251463716720086,3.7703470391901868
CS100_05582,CS,100,1.150332451558774,4.624347763325579
ENGR500_05583,ENGR,500,1.3658568521552845,1.3141277460487286
CS500_05584,CS,500,4.556583803342058,1.5709136754153148
STAT100_05585,STAT,100,3.2618823064573133,4.069739794919755
CHEM100_05586,CHEM,100,4.765528184278724,1.5477530110274635
MATH100_05587,MATH,100,4.574564176165845,2.437714508611331
PHYS500_05588,PHYS,500,4.764187410058866,1.5473640442962848
PHYS500_05589,PHYS,500,1.013265821770362,1.7087004415748606
CHEM200_05590,CHEM,200,1.6364189951073778,3.783186487606455
MATH200_05591,MATH,200,3.4888577331103807,1.4978029173524683
BIO300_05592,BIO,300,3.561152772112369,1.8956468141905103
CS300_05593,CS,300,2.22836362756233,1.3245926349635475
MATH400_05594,MATH,400,3.953066527244714,3.494932199619397
ECON400_05595,ECON,400,3.7133944086667077,2.552610783541771
PHYS200_05596,PHYS,200,1.4109307268392408,3.6376769759857046
STAT300_05597,STAT,300,2.0071956220937692,3.5677751602452643
PSYCH200_05598,PSYCH,200,1.0302395289523334,2.448692222743921
MATH400_05599,MATH,400,3.4799961451678905,1.5466578876717878
BIO200_05600,BIO,200,4.628360030004959,2.064629004760228
ENGR200_05601,ENGR,200,4.2055938797775045,2.389985546604307
ENGL300_05602,ENGL,300,1.3865128201801067,1.8849989672640284
MATH500_05603,MATH,500,3.331386589015011,2.589548681004448
STAT100_05604,STAT,100,2.1448225833604027,3.51881101026547
MATH100_05605,MATH,100,2.0874768784392925,2.6980093185924297
ECON200_05606,ECON,200,1.349336049182008,2.409456451584724
CHEM300_05607,CHEM,300,1.9019024278445142,3.631844416420484
BIO400_05608,BIO,400,1.378797666867634,3.3783449968091444
MATH200_05609,MATH,200,3.600351116515266,3.155260604627465
PSYCH300_05610,PSYCH,300,1.8078070977333631,1.4354937333557158
PHYS500_05611,PHYS,500,4.035567587964367,3.151603375480576
ENGR200_05612,ENGR,200,3.574601178151207,1.218830502555961
CHEM500_05613,CHEM,500,1.4307813299201468,4.77184407819297
PSYCH200_05614,PSYCH,200,4.975034991656805,3.4620084194682375
BIO400_05615,BIO,400,3.194015354310736,1.7176063999238433
ENGR500_05616,ENGR,500,4.730790474903674,1.157587472592097
BIO400_05617,BIO,400,1.3002741907997994,3.033593052931898
STAT100_05618,STAT,100,2.5763881595402203,2.065592877652881
PHYS500_05619,PHYS,500,1.9242917589241166,2.5915065903133323
CHEM200_05620,CHEM,200,4.6757782576518085,1.4631260640065435
ENGR300_05621,ENGR,300,3.5046280977425006,3.327279383249051
ENGR400_05622,ENGR,400,1.7660319317203048,4.36892724685732
CHEM200_05623,CHEM,200,2.698594871459776,2.165231084237225
BIO400_05624,BIO,400,3.877846490068261,3.0285131148469993
CHEM500_05625,CHEM,500,1.28126722938948,1.3905229604441915
CHEM300_05626,CHEM,300,4.943613007574598,1.7001073841224552
ENGR400_05627,ENGR,400,2.446933771485412,4.174442615160389
STAT200_05628,STAT,200,4.246437304686857,2.1393273191730593
ENGR500_05629,ENGR,500,1.053271750429786,2.431950152725496
BIO500_05630,BIO,500,3.174819689165167,3.169781226382599
PHYS400_05631,PHYS,400,1.8306331335854278,1.3826339425187264
ENGL400_05632,ENGL,400,3.537312913981543,2.7528118774334325
CHEM300_05633,CHEM,300,3.289192945205318,4.114132036343939
ENGR500_05634,ENGR,500,4.16372860381597,3.1241512055827534
CHEM500_05635,CHEM,500,4.233846880503732,3.210777811754983
PHYS200_05636,PHYS,200,4.458968256337947,3.9516872164592036
ENGL100_05637,ENGL,100,3.134372799402503,3.9379169688558764
MATH300_05638,MATH,300,1.9363301293603086,2.7962380008069525
CHEM100_05639,CHEM,100,4.234498055344304,2.3706702751306428
ECON300_05640,ECON,300,4.594513490380622,2.2217023447845774
BIO500_05641,BIO,500,2.8856023943270444,3.1022668645249847
ENGR500_05642,ENGR,500,1.2467749812508644,4.80067337057452
BIO100_05643,BIO,100,1.2635684365432853,3.197221639604525
CS400_05644,CS,400,2.194842178036386,4.158507265288961
ENGL400_05645,ENGL,400,3.0209987218444043,1.1208057504489903
CHEM500_05646,CHEM,500,2.4437548292168194,4.791912876754041
PSYCH300_05647,PSYCH,300,3.908190854830835,4.562442071933344
CHEM100_05648,CHEM,100,4.748604468554197,3.468705382553888
PSYCH200_05649,PSYCH,200,3.6708293371867087,1.166358184269003
ENGL100_05650,ENGL,100,4.829667572583949,4.403821401102938
PSYCH300_05651,PSYCH,300,1.8085977796196215,3.0397210322039285
PSYCH100_05652,PSYCH,100,1.5458512107420601,2.8626023679413417
ENGL100_05653,ENGL,100,3.326467011733303,1.6450457393004871
ENGL100_05654,ENGL,100,4.140713009267094,4.547139884826175
CS300_05655,CS,300,1.1020689187720327,1.3636224157072734
PHYS400_05656,PHYS,400,1.9220854859840495,3.838917948049935
STAT500_05657,STAT,500,3.9389944169433675,2.6249372882711475
PHYS300_05658,PHYS,300,1.1366384290368083,4.492376989296375
PSYCH200_05659,PSYCH,200,1.795953186335173,1.7796975815637692
ENGR300_05660,ENGR,300,3.162447167525261,4.3223153528397615
ENGR100_05661,ENGR,100,3.819600741683392,4.7000124403116
MATH300_05662,MATH,300,3.3065168391817834,3.916443019743985
STAT100_05663,STAT,100,4.858399383629486,2.4119379980193574
PHYS200_05664,PHYS,200,3.3040320288700236,1.9157552679412553
STAT500_05665,STAT,500,1.970912244141613,1.939620667927843
MATH500_05666,MATH,500,3.6066722963888966,4.299241395201782
BIO500_05667,BIO,500,1.6928541007711235,1.9037361814179303
ENGL100_05668,ENGL,100,1.399931320757343,4.18532702687299
ECON200_05669,ECON,200,1.5087266679383684,1.9533427492641566
ECON100_05670,ECON,100,3.6654782950778335,3.5133066551613457
CS100_05671,CS,100,1.3417501761447124,3.330693158386445
CS300_05672,CS,300,3.9531094346182543,3.9295032479901173
CS100_05673,CS,100,4.898640823289753,4.899926633635367
ENGR200_05674,ENGR,200,1.6590692847780888,2.828945815110903
ENGR300_05675,ENGR,300,1.6527722179657434,4.961027449387233
PSYCH300_05676,PSYCH,300,2.3511795718416906,1.1322988992475125
MATH200_05677,MATH,200,3.2468435649452227,4.271715699096591
ENGR400_05678,ENGR,400,3.8812228672364704,4.439767606238555
ECON500_05679,ECON,500,2.64674323440805,4.929646908442477
ENGR300_05680,ENGR,300,2.0927873687197573,4.777930538295568
CHEM400_05681,CHEM,400,1.9911351511779358,2.0905057983850313
PHYS400_05682,PHYS,400,1.126500255434507,1.6835999360390668
BIO300_05683,BIO,300,1.657841435196088,4.683739461773943
STAT300_05684,STAT,300,1.3838953844069941,4.683098355426846
ECON300_05685,ECON,300,3.1206993387031923,4.2804206399307345
CS100_05686,CS,100,1.6240326774212832,3.906862159363436
CHEM100_05687,CHEM,100,1.037572106458684,1.2032162545486513
BIO500_05688,BIO,500,3.137284748586484,1.519393389992743
PHYS300_05689,PHYS,300,2.7618111543256614,4.472419367621776
PHYS300_05690,PHYS,300,3.1117314602829844,4.1281754163992375
CHEM400_05691,CHEM,400,1.2530543473242504,2.3351065443486627
CS500_05692,CS,500,3.9773995345691775,1.6629610243884692
ENGL100_05693,ENGL,100,3.4040101076963647,2.2082580011485535
ENGR300_05694,ENGR,300,3.149383216717569,2.2049340601200624
ENGR500_05695,ENGR,500,4.216131539988059,4.668839707474881
PHYS500_05696,PHYS,500,3.273371226004989,2.3808995132121478
ENGL100_05697,ENGL,100,3.9767909206261165,1.666768023396815
ENGR300_05698,ENGR,300,4.969612751196981,4.314821267510019
ENGL200_05699,ENGL,200,2.558084765497844,3.973209830998431
ECON300_05700,ECON,300,3.61189376478493,1.6034724706525867
MATH100_05701,MATH,100,1.8612598964251394,3.823629711668153
BIO100_05702,BIO,100,2.6336548904896717,4.294620009280365
ECON100_05703,ECON,100,3.8134206194717852,3.0081706497062877
ECON500_05704,ECON,500,4.841184099027344,4.2178613727774525
PHYS100_05705,PHYS,100,3.5550631687189496,2.5696807732751723
ECON300_05706,ECON,300,4.419791159145519,2.838778128145812
MATH300_05707,MATH,300,3.0344130309987207,4.023310760162934
PHYS200_05708,PHYS,200,3.200235961328349,3.4780976732067046
PSYCH200_05709,PSYCH,200,2.5836062160169257,2.620099573667955
MATH200_05710,MATH,200,3.5742344893137026,4.779758737383652
PSYCH400_05711,PSYCH,400,3.8593498998163054,4.673689678253158
CS300_05712,CS,300,1.6365092860736268,2.0073363332556373
ENGR500_05713,ENGR,500,3.661434509882433,3.369606819006592
ECON300_05714,ECON,300,1.4925360744479148,4.612210683338597
BIO300_05715,BIO,300,1.416596172692878,1.787405598453157
ECON500_05716,ECON,500,3.2778281817555617,3.20071833857003
CHEM300_05717,CHEM,300,4.070648949806289,1.3288197364455194
ENGL500_05718,ENGL,500,3.1864945623396155,2.305893166737316
ENGL100_05719,ENGL,100,3.55328783286204,3.0662958238930926
PSYCH100_05720,PSYCH,100,1.2289602482415187,3.791219874164674
BIO200_05721,BIO,200,1.9756459137714084,3.78132730226694
ENGL400_05722,ENGL,400,3.0414379480035865,3.4692924706500463
PSYCH400_05723,PSYCH,400,3.0998863665957854,4.693249319421793
ENGR200_05724,ENGR,200,4.120427869617565,4.442251786502238
CHEM500_05725,CHEM,500,2.47434623615894,2.7537766972428543
BIO200_05726,BIO,200,2.802059640537796,1.8002306725117818
STAT200_05727,STAT,200,1.4375842534886516,3.228487994390957
PSYCH100_05728,PSYCH,100,4.349776571240557,3.0552281862031156
CHEM100_05729,CHEM,100,2.397509644344851,1.417756404927513
PHYS500_05730,PHYS,500,2.663808912875795,4.360357024871344
ENGR500_05731,ENGR,500,3.453051200092596,1.4928884870862187
BIO500_05732,BIO,500,1.7189203553055177,2.077628402325808
MATH300_05733,MATH,300,2.496684909772046,1.5808507685408668
CHEM100_05734,CHEM,100,3.689098507775173,4.744976678183184
ECON500_05735,ECON,500,1.1859867715632668,3.9239644608473703
ENGR300_05736,ENGR,300,1.2459234720368606,3.133213323652593
ENGL200_05737,ENGL,200,2.180127384209099,2.4049856114219703
PSYCH400_05738,PSYCH,400,2.1884186663496172,2.4235104682529713
CS200_05739,CS,200,1.5315551758083394,3.7636965072799184
ENGL200_05740,ENGL,200,2.604058734101096,1.2058013467873354
PHYS100_05741,PHYS,100,4.183848237115363,1.8181074638819803
PHYS500_05742,PHYS,500,1.103556571762676,3.27901005391278
ENGL400_05743,ENGL,400,1.871305403405711,2.8674207295031033
STAT400_05744,STAT,400,1.7486815835607281,1.3781125666584586
BIO200_05745,BIO,200,2.3486660169540583,1.801802353724749
CHEM500_05746,CHEM,500,4.737278184738308,2.094024564511664
CS400_05747,CS,400,2.2523126599145504,3.2255542217211635
BIO500_05748,BIO,500,2.3412873371156206,2.923284644811206
PHYS400_05749,PHYS,400,2.293736987376425,1.1730168519514734
STAT500_05750,STAT,500,1.1492550276447289,2.909511927002101
CS200_05751,CS,200,4.360092191111955,3.7787118773403803
ECON200_05752,ECON,200,1.5298079556722008,4.567260520745322
ENGR400_05753,ENGR,400,2.149677853778371,4.054181759193864
STAT300_05754,STAT,300,3.0684951546322528,1.0386391760130698
PHYS200_05755,PHYS,200,1.8960511711032981,4.47080966484091
BIO500_05756,BIO,500,2.5059609947067205,2.2990391585903263
CHEM400_05757,CHEM,400,3.7809997004104963,2.9200785203717663
CHEM300_05758,CHEM,300,4.410245140740352,4.630932996047134
ENGL100_05759,ENGL,100,3.7566097594291863,3.5633224976251716
PSYCH500_05760,PSYCH,500,2.5237667447340746,3.2716978764221514
PSYCH200_05761,PSYCH,200,2.7431009057762346,1.1695723376373244
ECON300_05762,ECON,300,2.581647869529646,4.950430714489788
CHEM500_05763,CHEM,500,4.538526149704623,1.8642071560408864
ECON100_05764,ECON,100,4.300343447072917,1.4918343365990476
STAT500_05765,STAT,500,2.9939713334373605,3.373672509597171
ECON400_05766,ECON,400,1.1367619649523237,1.7551357120340159
CS300_05767,CS,300,4.606460105308354,2.631826864845337
CHEM100_05768,CHEM,100,3.5203310918471,4.194799198944477
ENGR500_05769,ENGR,500,2.0901190063749766,2.198249924658787
CS200_05770,CS,200,4.72328117320313,1.730622559517521
PHYS500_05771,PHYS,500,4.846828402229889,1.2852458692813316
ECON200_05772,ECON,200,2.582233343543769,1.1020342031672312
CS400_05773,CS,400,2.969180882047428,2.2801460661821884
MATH400_05774,MATH,400,2.293832858418508,3.649183087420034
CHEM400_05775,CHEM,400,3.5339710575228533,3.763014119381569
CHEM300_05776,CHEM,300,2.4407347321298642,1.70329673663539
CS100_05777,CS,100,3.34228351625587,4.595255683622949
ENGR200_05778,ENGR,200,3.4341364819601927,4.176137394884085
PSYCH400_05779,PSYCH,400,2.3797357379772,4.359503275865678
PHYS400_05780,PHYS,400,2.272731234615353,1.3953987487653432
ENGL200_05781,ENGL,200,1.052228502250129,4.443518052009353
BIO100_05782,BIO,100,1.5426397014821482,1.127833202543746
ENGL200_05783,ENGL,200,2.0879505912379757,2.5091322264545846
CS500_05784,CS,500,3.197753449173503,2.1839850809082657
ECON100_05785,ECON,100,2.566522382413226,4.045385433531807
ECON300_05786,ECON,300,3.0962802297764433,3.6997360861827837
BIO500_05787,BIO,500,4.874503735672912,4.420170768607882
STAT300_05788,STAT,300,2.5259591434544046,2.2894783547529536
ENGR300_05789,ENGR,300,1.210506801653192,2.084865665751184
ECON300_05790,ECON,300,2.3181872487826287,4.465590412904071
PSYCH100_05791,PSYCH,100,4.253358354170684,4.055417777231996
ECON500_05792,ECON,500,1.5970134513600955,1.1025389983300946
CS300_05793,CS,300,3.0376724158018265,2.669801923142259
PHYS300_05794,PHYS,300,3.5427110035687726,3.653146772597499
BIO300_05795,BIO,300,1.900348092600169,2.343400477102127
PHYS500_05796,PHYS,500,4.728035875676953,3.1309149561961145
CHEM300_05797,CHEM,300,1.0681733760191823,3.3092915632157376
ENGL400_05798,ENGL,400,4.985454858978328,1.1809126548995308
ECON500_05799,ECON,500,4.949625555715763,1.4275791757699055
ENGL500_05800,ENGL,500,1.0236013814936324,2.9986795085426468
CHEM200_05801,CHEM,200,1.757774055787165,4.819836837308472
ECON400_05802,ECON,400,3.1718308570286573,4.991194963312342
STAT200_05803,STAT,200,3.445140155244471,4.620993823497614
STAT100_05804,STAT,100,4.10905427712059,4.195380379677735
ENGL200_05805,ENGL,200,4.465908241472694,2.4306029219069782
ECON400_05806,ECON,400,2.8075734765358633,2.7857879311032603
ECON400_05807,ECON,400,4.41553205427503,2.732450284049665
CHEM200_05808,CHEM,200,2.6787535293881417,2.952922075355708
STAT400_05809,STAT,400,3.934547430475677,2.588038870336891
CS100_05810,CS,100,1.594182854503877,4.162155669986905
ECON300_05811,ECON,300,3.345867625124351,2.055722463599126
CS400_05812,CS,400,4.982784219373664,1.3877015318745007
ENGL300_05813,ENGL,300,1.3324117438462846,2.7474941554228085
ECON500_05814,ECON,500,3.830158242811181,1.6220374563787843
MATH100_05815,MATH,100,2.9693941185886095,2.103179657243374
PHYS500_05816,PHYS,500,4.2788252457793545,3.3751092795625124
PSYCH400_05817,PSYCH,400,3.7701652005306294,4.496654875611707
ENGL300_05818,ENGL,300,2.70843400525253,4.648306381535508
BIO100_05819,BIO,100,1.678966213317303,1.8363883923595816
MATH400_05820,MATH,400,2.8214292193911423,1.520416336142595
BIO500_05821,BIO,500,3.9537634253280993,3.25694232555011
ECON300_05822,ECON,300,3.8025154812933217,3.8456536984397642
PHYS500_05823,PHYS,500,2.85627579369198,2.5355964384682084
CS100_05824,CS,100,1.0159532626292167,4.792190294880694
PSYCH100_05825,PSYCH,100,4.487393572864472,2.9926952673894474
MATH500_05826,MATH,500,3.6195118915209195,3.7470359906224444
ECON200_05827,ECON,200,2.6405339205450304,2.9992170413644876
CHEM100_05828,CHEM,100,1.4490459473172876,1.095650239687299
ENGL500_05829,ENGL,500,4.322245532303046,4.4676618675138045
ENGR500_05830,ENGR,500,4.164214702285173,1.1658995881701353
CHEM200_05831,CHEM,200,3.547045222396358,1.4771241828514516
ENGR500_05832,ENGR,500,2.154201103375589,4.861233971672457
ENGL300_05833,ENGL,300,4.439418454382286,1.981564529627574
CHEM300_05834,CHEM,300,3.5239485203652423,4.618444598008457
MATH300_05835,MATH,300,2.2848296389707548,4.083079012512139
ENGR200_05836,ENGR,200,1.1948217339342775,3.320791757880251
PSYCH500_05837,PSYCH,500,2.721671694042248,3.3684909961305287
PHYS500_05838,PHYS,500,4.982219783712004,4.818367784872816
PSYCH400_05839,PSYCH,400,4.64761301318479,4.3425900535079265
PSYCH300_05840,PSYCH,300,4.50947976064985,1.0634018323094687
CHEM400_05841,CHEM,400,4.788299935098848,2.4448907011500296
MATH200_05842,MATH,200,3.8306012882025513,1.0009356166093304
ENGR500_05843,ENGR,500,3.3205738700430723,1.075519619377412
PHYS400_05844,PHYS,400,2.017986451920994,1.1134320545445893
PHYS300_05845,PHYS,300,2.4394229209290974,3.9833952061189746
CS500_05846,CS,500,3.938345286279395,1.3138169462566394
ENGR100_05847,ENGR,100,3.1775440019046317,1.8238729000734808
ENGR400_05848,ENGR,400,3.2880669487712844,1.558713486850419
BIO100_05849,BIO,100,2.1885208282558155,4.56877487788108
CHEM100_05850,CHEM,100,2.550051719333007,1.1410268072969818
MATH200_05851,MATH,200,2.736910682671341,1.576367262781158
ECON300_05852,ECON,300,1.6830063555697072,2.9382833131662114
ENGR500_05853,ENGR,500,1.534376679698815,1.7585471721885657
MATH200_05854,MATH,200,4.253185125098318,2.7729419723303423
ECON300_05855,ECON,300,4.005122422466091,3.1647065302634467
STAT500_05856,STAT,500,3.3236638898624062,3.5191803723880573
STAT500_05857,STAT,500,3.095653963955241,3.6082771108821206
CS400_05858,CS,400,1.4137820905302654,4.769901263981592
BIO400_05859,BIO,400,2.1348380078572755,2.3462080520931807
ENGR500_05860,ENGR,500,2.173233741395845,1.515828539049982
STAT300_05861,STAT,300,2.767218671348667,3.812359725771551
ECON300_05862,ECON,300,2.824751753127667,4.659787094382747
CHEM200_05863,CHEM,200,2.1466371611742385,2.792881758810372
ECON200_05864,ECON,200,2.9577767799911037,3.8052476501774692
ENGR500_05865,ENGR,500,2.7772760907358465,1.1191616830274551
BIO500_05866,BIO,500,4.707716617506943,2.3127676519965283
PSYCH400_05867,PSYCH,400,3.317185311040793,4.4531386222736895
STAT100_05868,STAT,100,3.678607828798854,1.02367513651041
ENGR500_05869,ENGR,500,1.0649552437619354,4.9348670062162885
CS400_05870,CS,400,4.828062022114082,1.697415943107142
BIO300_05871,BIO,300,1.1625637769457247,2.8946114336904527
BIO500_05872,BIO,500,2.3662988922561397,3.822643996277964
PHYS100_05873,PHYS,100,3.350295558879296,4.1515187319693965
CHEM100_05874,CHEM,100,1.623667000220085,3.139918474588519
PSYCH500_05875,PSYCH,500,1.4614117741385209,1.5001965907963069
BIO200_05876,BIO,200,1.152402707845733,2.2409962067413485
CHEM100_05877,CHEM,100,2.449027018710399,3.852336654478296
CHEM300_05878,CHEM,300,3.2602137212079283,1.1749817056596492
CS300_05879,CS,300,3.724536266272322,1.28501481526233
BIO500_05880,BIO,500,3.5378511461071493,2.471545359921155
ENGR500_05881,ENGR,500,1.0058855182397894,3.645719698005154
ENGR400_05882,ENGR,400,1.2624627906729664,1.4354309872455153
ENGL300_05883,ENGL,300,3.968835859676443,4.173512799468346
ENGR100_05884,ENGR,100,2.9195263737258914,1.935496472763928
PSYCH200_05885,PSYCH,200,4.450901833331133,3.0285266126731956
STAT100_05886,STAT,100,1.0860804601938234,4.437776842675926
CS200_05887,CS,200,4.572686932833564,2.479315348639926
ECON100_05888,ECON,100,1.0171735453311195,1.097324528551467
STAT500_05889,STAT,500,1.321055088718916,1.152195095441821
CHEM400_05890,CHEM,400,3.878590807908629,4.350959725080717
STAT200_05891,STAT,200,1.173357460129131,2.8323515334901863
BIO200_05892,BIO,200,3.445821536136869,1.3370433452419839
PSYCH400_05893,PSYCH,400,3.660215447000744,3.141748543662295
CS500_05894,CS,500,4.134702940262321,2.2304829631009317
CHEM400_05895,CHEM,400,1.2607673740252787,2.4226225710134877
ECON100_05896,ECON,100,2.4890476423115695,4.77627100976251
PSYCH400_05897,PSYCH,400,4.000901062925886,1.3313240851600194
ENGL400_05898,ENGL,400,4.603124557030325,4.903158849220869
BIO100_05899,BIO,100,2.1677225055746945,1.715705606218874
CHEM300_05900,CHEM,300,2.396721894787525,1.2842056689879326
ENGL200_05901,ENGL,200,4.050883193725527,2.79912887692417
ENGR300_05902,ENGR,300,4.052821751141728,3.88153892083676
PSYCH200_05903,PSYCH,200,1.2078054961785623,4.121731037015126
ENGL500_05904,ENGL,500,4.525635396005267,2.8249816975628006
CS400_05905,CS,400,3.245822261781356,1.462560946291771
MATH400_05906,MATH,400,2.897637367821143,2.3113265317773406
STAT500_05907,STAT,500,3.8532948706815686,1.432861924494118
PSYCH300_05908,PSYCH,300,4.488635208041536,4.248073440655605
ECON400_05909,ECON,400,4.973644415051957,1.2902352161775124
MATH400_05910,MATH,400,2.7793302322048343,4.299852709295351
ENGR500_05911,ENGR,500,4.546232910436014,4.42797040599835
ECON300_05912,ECON,300,4.959511792976485,3.5388514421157073
CHEM400_05913,CHEM,400,1.0062141471122708,2.4173522565762404
PSYCH200_05914,PSYCH,200,2.7711231358973656,4.053740415280483
MATH100_05915,MATH,100,3.2621824504482904,4.276112825164516
PHYS300_05916,PHYS,300,4.6819965703185265,2.6916870659303993
STAT300_05917,STAT,300,4.283736635082587,4.68293687172806
ENGR100_05918,ENGR,100,2.455116157551233,3.5201213594391962
CHEM300_05919,CHEM,300,1.2412881794199349,1.9815017119724243
PSYCH100_05920,PSYCH,100,4.6240077083625195,1.1173819420400917
ENGR100_05921,ENGR,100,1.6220285101591991,4.741451318205222
MATH400_05922,MATH,400,3.0394370083005375,2.6639000895173552
STAT500_05923,STAT,500,4.013408454518364,2.617839598233006
CS400_05924,CS,400,4.7060756508931,3.7181277060323548
PHYS400_05925,PHYS,400,2.96066413091134,4.893342294076409
CS300_05926,CS,300,2.272793673611857,1.5354338746647302
STAT400_05927,STAT,400,3.9639746458409264,3.2379072196719645
MATH500_05928,MATH,500,4.889308932752883,1.5980269167455576
CS200_05929,CS,200,4.1158394892349115,4.302424186911885
CHEM300_05930,CHEM,300,2.8308669023408597,2.8266943540707214
ENGR300_05931,ENGR,300,1.222189293459658,1.7718585886784375
ENGR300_05932,ENGR,300,3.9933117332195396,1.0551201066620548
PHYS400_05933,PHYS,400,1.8790343933787774,3.377203137417517
ENGL500_05934,ENGL,500,2.034039984040676,4.81350111060612
ENGR300_05935,ENGR,300,1.8920851373879732,1.9066280419631951
STAT200_05936,STAT,200,1.4096285411070144,4.482233768979629
PHYS400_05937,PHYS,400,2.483813671170336,2.724960441320759
MATH300_05938,MATH,300,4.771162293331743,4.7379157747577825
PHYS100_05939,PHYS,100,4.028828339612401,4.602030212317764
ENGR200_05940,ENGR,200,3.094962505444815,1.4276854089326623
ECON400_05941,ECON,400,2.379683737228513,3.5110126350153466
CS200_05942,CS,200,4.222735816964484,3.9330482016040684
ECON200_05943,ECON,200,4.088486056913888,4.334218246839249
CHEM400_05944,CHEM,400,4.584793519666683,2.5598975979661946
STAT400_05945,STAT,400,3.873004785445435,4.065277390085624
MATH100_05946,MATH,100,1.3055211261226645,1.5461890174322495
CHEM400_05947,CHEM,400,4.499153177970803,4.575887379868735
ECON100_05948,ECON,100,4.458071665212662,3.284984108710342
PSYCH500_05949,PSYCH,500,3.9407739524323873,1.9383444840801203
CHEM200_05950,CHEM,200,4.810296273015844,2.470534444992759
PHYS100_05951,PHYS,100,2.78869443448832,3.231241470628547
PHYS100_05952,PHYS,100,1.897414769727583,3.8795413321995293
BIO200_05953,BIO,200,2.729037082125536,3.392890680814182
ENGL100_05954,ENGL,100,4.590386076061495,4.669935844892257
CHEM400_05955,CHEM,400,4.940356913813463,1.2541505922586578
ENGR400_05956,ENGR,400,4.593909411862782,1.1587447515371
CS300_05957,CS,300,4.841991166106125,1.1628087545134527
PSYCH400_05958,PSYCH,400,1.3481269294901166,3.503538571069574
STAT200_05959,STAT,200,3.0043130114770173,3.339485940819814
ENGR400_05960,ENGR,400,4.118366812731095,2.362577370094351
BIO300_05961,BIO,300,2.527442893339562,4.376320214221854
BIO100_05962,BIO,100,2.1503853608445147,3.8395798446937
BIO200_05963,BIO,200,2.5241929006477353,4.150083105556714
CS500_05964,CS,500,2.9382541254282977,2.8267746994425207
PHYS200_05965,PHYS,200,3.0769896995188963,3.6706055902203834
BIO500_05966,BIO,500,4.200253858566007,3.1689903293439325
CHEM300_05967,CHEM,300,1.6366945649980194,2.2435190517076418
CHEM500_05968,CHEM,500,1.401141900985404,3.248006681149504
ENGR200_05969,ENGR,200,2.6174224859866637,2.1576041843777674
CS100_05970,CS,100,4.930308354173691,3.8944594554247316
BIO200_05971,BIO,200,2.7541749874122075,4.33158312931667
STAT200_05972,STAT,200,1.4678738835434162,4.3977790032994
STAT100_05973,STAT,100,3.0006292689161054,4.982792571364152
ECON200_05974,ECON,200,2.189047948278414,1.5030501596642907
CHEM500_05975,CHEM,500,2.3640539112206307,2.8485866692572683
MATH300_05976,MATH,300,3.2055111904307467,2.2540965911788295
ECON400_05977,ECON,400,2.915321603375602,1.0167396466363972
ECON500_05978,ECON,500,2.663366449539157,4.995454339611546
ENGR200_05979,ENGR,200,3.614443918643902,2.746831244526444
STAT300_05980,STAT,300,2.9316517097754082,3.5102826877471975
ENGL200_05981,ENGL,200,3.5100266433980765,3.8507983787139404
ENGR200_05982,ENGR,200,2.572628667762455,1.8435794436463429
PSYCH400_05983,PSYCH,400,1.8290010688860154,4.594622605189549
ECON400_05984,ECON,400,2.6963299808437395,1.6490019887157672
ECON300_05985,ECON,300,2.112439417365875,2.2754371470685295
BIO500_05986,BIO,500,4.309138931520443,3.799164334023755
CHEM100_05987,CHEM,100,1.5421536022663136,3.075173098073374
PSYCH200_05988,PSYCH,200,4.8468657304482345,1.6512948090945576
CS100_05989,CS,100,1.5307282119545778,1.8305818584451687
MATH400_05990,MATH,400,3.138039602800142,2.09066400540035
PSYCH100_05991,PSYCH,100,4.484199656715271,2.902751382242163
MATH500_05992,MATH,500,3.3678083485481016,2.3678801532555105
ENGL400_05993,ENGL,400,2.1257460527521883,3.80577041373914
MATH200_05994,MATH,200,4.555490973656648,4.12104796549014
ECON300_05995,ECON,300,1.0816831795618551,2.5494582072963494
MATH400_05996,MATH,400,2.35843836175486,4.369772299656303
ENGL300_05997,ENGL,300,3.2271647695126897,3.1126118522457147
ENGR400_05998,ENGR,400,4.0413194031491715,2.3744326330347554
PHYS400_05999,PHYS,400,3.26984848473892,1.9373017979767049
CHEM200_06000,CHEM,200,1.2354240615763312,1.6959251588126203
ENGL400_06001,ENGL,400,1.061858070583476,1.701907517605366
STAT200_06002,STAT,200,1.6843208879421065,1.5437899101498802
ENGR300_06003,ENGR,300,3.880478488813665,1.9303600916035295
MATH100_06004,MATH,100,1.8656066920812875,3.1244198741284768
PSYCH300_06005,PSYCH,300,1.6598332278720993,4.217220410600694
ENGL300_06006,ENGL,300,1.6222730432036698,3.454696059048275
ENGL100_06007,ENGL,100,4.476259452094942,1.7044522882802777
ENGL100_06008,ENGL,100,2.7484898287950177,1.5803159342189481
ECON100_06009,ECON,100,1.3134385986965658,3.8343764867293095
ECON100_06010,ECON,100,3.03551164443142,2.5843926082400257
STAT100_06011,STAT,100,1.8104185753100865,4.473158643709445
ECON200_06012,ECON,200,2.776280803520011,4.574402020185308
ENGL200_06013,ENGL,200,4.9286002189024165,1.462593339335788
ECON100_06014,ECON,100,2.011788495833862,3.178391184915719
PSYCH300_06015,PSYCH,300,1.1948055301135017,1.9710268144524155
MATH400_06016,MATH,400,4.282258055238495,3.265082938392152
ECON500_06017,ECON,500,2.375187023968047,3.937832232870339
ECON500_06018,ECON,500,2.4441018609057164,1.448716320205461
ENGL200_06019,ENGL,200,4.844209950641341,1.6436803269527416
CHEM200_06020,CHEM,200,3.9572620625803507,1.0967955768347468
MATH300_06021,MATH,300,4.797317474799192,1.4453980262755852
BIO200_06022,BIO,200,3.4328248745895458,1.9006039279524525
ENGR100_06023,ENGR,100,1.3720058003230768,4.261685030655636
PHYS400_06024,PHYS,400,4.083756801169766,1.6463440791019157
CS400_06025,CS,400,1.6011567236434088,4.951590794354717
STAT400_06026,STAT,400,3.674360637525468,2.9382333260608515
STAT400_06027,STAT,400,2.2801210544310955,2.1523012225377602
STAT200_06028,STAT,200,3.7521509136879323,3.1038539042438815
STAT400_06029,STAT,400,3.4965854901715203,3.1652903291625805
PHYS200_06030,PHYS,200,2.2580929054653325,2.870927823443311
CHEM200_06031,CHEM,200,1.119108517747558,1.9297524137437385
STAT500_06032,STAT,500,1.3207670124985604,2.0163992628969383
CHEM100_06033,CHEM,100,3.2471166034056815,2.570380046949697
CS300_06034,CS,300,4.807963626506701,1.3752801371528278
BIO400_06035,BIO,400,1.8709243697546873,4.683189622990978
PSYCH200_06036,PSYCH,200,4.6365798445288275,4.629623773088371
CS300_06037,CS,300,2.9387709622924705,2.2545706955005116
PSYCH500_06038,PSYCH,500,3.972891435356741,1.2962639735905555
STAT500_06039,STAT,500,3.9128083266269127,4.5976622295362795
ENGR400_06040,ENGR,400,4.0276404550444855,1.603965847967995
CHEM300_06041,CHEM,300,1.2209543459884311,3.785567790687678
ENGR500_06042,ENGR,500,1.2475752197105745,4.0836266233219245
ECON200_06043,ECON,200,4.591817430484385,2.1199936057239306
PHYS500_06044,PHYS,500,1.7698239960340247,2.3089246487810398
ECON500_06045,ECON,500,1.8813523442214812,3.874423494779753
STAT100_06046,STAT,100,3.922220067649063,1.7394537662608998
PHYS500_06047,PHYS,500,1.7925641561112347,1.9409903259581114
PHYS300_06048,PHYS,300,4.887598401471237,4.550589208945154
BIO100_06049,BIO,100,4.9684013335398305,1.104948106283095
ENGR100_06050,ENGR,100,4.422074990795481,2.263162789511474
CS200_06051,CS,200,3.3209517211622064,2.3845697595586155
ENGR100_06052,ENGR,100,1.6853610780856672,4.139902264652159
STAT100_06053,STAT,100,1.0256914437642024,3.027551544775157
CS100_06054,CS,100,2.424395229061548,1.2155141363556852
MATH500_06055,MATH,500,2.514629165753889,2.295334240488374
MATH200_06056,MATH,200,2.5933701740507216,4.7437559754842775
MATH100_06057,MATH,100,3.099261001223933,4.268728852973721
CHEM100_06058,CHEM,100,4.166445297516935,3.5958491639166326
PHYS300_06059,PHYS,300,1.3102475386218932,2.7473433921520263
PHYS400_06060,PHYS,400,4.252807602481926,2.2899127073173573
PHYS300_06061,PHYS,300,2.185683384866458,4.799892774406235
PSYCH100_06062,PSYCH,100,1.3646265524642187,3.3126933534739407
PHYS400_06063,PHYS,400,1.3223167695524052,3.7398836055539535
MATH200_06064,MATH,200,4.8388111954533155,3.6723746961680113
PHYS400_06065,PHYS,400,3.4879113901490753,1.342781025612413
ENGR100_06066,ENGR,100,2.2891450776144593,2.1679006906995237
PHYS500_06067,PHYS,500,2.4460640360556436,2.1086313126200005
PSYCH500_06068,PSYCH,500,4.2511128884194616,3.4224629485216074
PHYS400_06069,PHYS,400,2.5768564521796637,1.0167452284282352
PHYS500_06070,PHYS,500,3.490581452350141,3.70513474093732
ENGL200_06071,ENGL,200,2.012236552101802,1.8990726395623225
MATH500_06072,MATH,500,2.280345939370398,4.880461293707572
STAT500_06073,STAT,500,4.576468459904719,2.0212947988297665
ENGL100_06074,ENGL,100,4.0758335447392575,1.8255335440255092
PSYCH300_06075,PSYCH,300,2.7746082453077134,1.3092269160957821
ENGL500_06076,ENGL,500,4.86828764083895,1.9433736625767497
CS200_06077,CS,200,4.607548684817859,1.1777295480738288
ENGL500_06078,ENGL,500,2.59053803394655,1.0861090945561953
ENGR300_06079,ENGR,300,1.1218148969522819,1.5442536387318895
ECON300_06080,ECON,300,4.365164823486814,1.3938509050459045
ECON100_06081,ECON,100,2.7087984972707777,1.352911228947594
PHYS300_06082,PHYS,300,4.078960916716213,1.3502232360872104
PHYS400_06083,PHYS,400,1.3618395695928376,1.681730008446595
STAT100_06084,STAT,100,4.294969348823699,1.4650901341699338
BIO300_06085,BIO,300,3.2752422630784874,4.2590422225885805
PHYS300_06086,PHYS,300,2.589497086276071,4.518984028241234
ENGR200_06087,ENGR,200,2.3564489202756227,2.206609460443818
ECON200_06088,ECON,200,4.953978732692953,3.360796947422161
STAT400_06089,STAT,400,2.4395808973223185,1.0744881826033632
ECON500_06090,ECON,500,2.1606726542998644,1.0738730541834896
CS500_06091,CS,500,3.8124051236790795,4.592118546574374
PSYCH200_06092,PSYCH,200,1.8301004215025136,3.050543253121794
CS200_06093,CS,200,1.4800857848625757,1.4525229233110748
ECON200_06094,ECON,200,1.7753994734121772,1.067811616091225
BIO500_06095,BIO,500,2.7066303300967243,1.9864807933022783
CS400_06096,CS,400,4.572390888919029,2.465899608733106
ECON500_06097,ECON,500,3.909576498176278,1.4025684686325182
CS400_06098,CS,400,2.1925591713165553,4.08558249236312
ENGL100_06099,ENGL,100,1.538866960989179,4.774590389151781
BIO300_06100,BIO,300,1.0395214978774314,4.276174159497458
CHEM100_06101,CHEM,100,4.809228239960113,4.762023391381302
MATH100_06102,MATH,100,1.4332762633831426,2.1358601552329333
ENGR300_06103,ENGR,300,1.0194350375252572,1.9681919146807751
CHEM300_06104,CHEM,300,3.6026747835038417,3.1196741148652416
STAT300_06105,STAT,300,2.867072984922109,3.7807683270127583
BIO200_06106,BIO,200,2.181997510785675,3.158360913489525
MATH300_06107,MATH,300,3.4598789092709388,4.731690744568203
ECON400_06108,ECON,400,1.3491281744707937,1.9409425944305934
PSYCH200_06109,PSYCH,200,4.38478300688552,2.34017041331918
STAT500_06110,STAT,500,4.788825788784987,1.1367689195973671
CS200_06111,CS,200,2.1780579740397004,4.117421891733464
MATH500_06112,MATH,500,4.3402138761663664,1.9654758190223545
MATH500_06113,MATH,500,1.4896440985662798,4.105296390181106
CS400_06114,CS,400,4.149688491136474,4.3255227023241645
PSYCH200_06115,PSYCH,200,3.6266129296936898,1.1804494055290258
PHYS200_06116,PHYS,200,1.6706562007885988,3.51065404056122
ENGL100_06117,ENGL,100,1.4687681382461792,3.8353332366370068
PSYCH200_06118,PSYCH,200,4.781639269327897,2.458775546277592
MATH100_06119,MATH,100,2.2923015526898776,2.026308755043585
PHYS300_06120,PHYS,300,4.864941306467094,3.4067035038318725
CS100_06121,CS,100,2.0812912737482194,1.883026345842718
CS500_06122,CS,500,1.1055842774376021,4.8317675334984385
STAT300_06123,STAT,300,1.7482077617466092,3.081779724491859
PSYCH200_06124,PSYCH,200,3.8991961969769235,1.9449907910147988
MATH500_06125,MATH,500,1.8154986419152555,1.3361846021631822
STAT400_06126,STAT,400,4.371101146995757,4.1193002744219225
CHEM300_06127,CHEM,300,3.102429611065923,3.8593165375221674
PSYCH300_06128,PSYCH,300,1.9263286368744725,1.2993727954257626
ENGL400_06129,ENGL,400,3.6216470341565974,3.6585811514014437
ENGR100_06130,ENGR,100,1.2354741352468492,3.0054476688160703
PSYCH500_06131,PSYCH,500,2.393371702202652,1.5829848858587443
CS200_06132,CS,200,4.366255219383403,4.306478796431911
MATH300_06133,MATH,300,1.0207007960345087,3.182671781470742
PHYS500_06134,PHYS,500,2.8747701832827683,3.80675395564628
CS300_06135,CS,300,2.691660075471609,3.7262646136364617
ENGR300_06136,ENGR,300,1.3562235423553233,2.582265828876049
MATH400_06137,MATH,400,2.607903763821624,1.549021283961773
STAT200_06138,STAT,200,2.6001789900832217,3.196878208271531
PSYCH400_06139,PSYCH,400,2.722319062916431,4.955535492727618
STAT500_06140,STAT,500,2.102885635713546,1.0177904406483114
CS500_06141,CS,500,1.4799922114615898,2.82561178994727
PSYCH200_06142,PSYCH,200,1.0142640257962645,3.5955179342548744
PHYS300_06143,PHYS,300,1.8901368002891612,2.156386841143878
ENGR200_06144,ENGR,200,3.274435899264375,3.380834551526359
CHEM300_06145,CHEM,300,4.035347072049797,2.513739141805234
ECON400_06146,ECON,400,4.809634787745974,4.018938715797423
ECON500_06147,ECON,500,4.5274258580828874,1.7126012973740554
PSYCH100_06148,PSYCH,100,4.154334809970296,4.051327567110903
BIO100_06149,BIO,100,4.6053387149988,3.1362429363063473
ENGL300_06150,ENGL,300,1.6131843386168456,3.4200017734881345
CS100_06151,CS,100,1.301629515360443,3.026751357258103
CS500_06152,CS,500,4.907282137308783,2.4279150532911955
STAT200_06153,STAT,200,2.4290612476097246,1.9235193264747101
ECON500_06154,ECON,500,1.861090277243373,3.2887342305054603
PSYCH500_06155,PSYCH,500,3.145106541340992,1.4691280540636562
CS100_06156,CS,100,1.7825070692571052,3.7746239343707564
CS300_06157,CS,300,3.2325401423263695,4.032644786398878
ENGL400_06158,ENGL,400,2.505610275410137,2.388785552760973
ECON300_06159,ECON,300,1.626194362166772,1.976391309151576
ENGR300_06160,ENGR,300,3.016590745798148,4.786655767114359
STAT500_06161,STAT,500,2.583396577332466,4.9251099484192675
ENGR300_06162,ENGR,300,1.0334282834775226,3.975129849643479
CS500_06163,CS,500,3.5459440812213554,3.732054754921904
ECON100_06164,ECON,100,2.3803374869341547,4.509697225253683
CS200_06165,CS,200,3.597019872685639,4.906157723414994
ENGR300_06166,ENGR,300,3.410918311520259,2.669455931675226
CS500_06167,CS,500,3.141251112013747,1.8214819227717327
MATH500_06168,MATH,500,2.35837487455469,4.941357982608506
ECON400_06169,ECON,400,1.2236372483858546,1.3996689577015702
MATH200_06170,MATH,200,1.2239412487590178,4.390967394128877
CS200_06171,CS,200,1.2788851268270367,2.9567441304906703
ENGR400_06172,ENGR,400,2.4682076079972806,1.7234072329605117
BIO500_06173,BIO,500,4.980417873786395,2.18453146744865
CS500_06174,CS,500,2.8080466047960506,3.3027605420321557
ENGR200_06175,ENGR,200,1.407640014338146,2.7901227848459866
ENGR500_06176,ENGR,500,3.2602443512124366,3.0303633485051393
CHEM500_06177,CHEM,500,2.2042433146804967,1.04642001254801
PSYCH500_06178,PSYCH,500,3.273472580955829,2.8221093045268915
ENGR300_06179,ENGR,300,2.717164712170775,2.7995616996527612
ENGR300_06180,ENGR,300,3.301904736971154,4.210995141487068
ECON300_06181,ECON,300,4.770594716419419,2.2699438029469543
ECON400_06182,ECON,400,2.7855415472519542,2.2544163393267826
PHYS100_06183,PHYS,100,3.1952010046136703,3.4841318638471654
PSYCH300_06184,PSYCH,300,3.713159837634605,4.207875528712619
PSYCH500_06185,PSYCH,500,3.6981056240021273,3.205547122981153
PSYCH500_06186,PSYCH,500,4.704264962767851,1.8309749672829878
PHYS300_06187,PHYS,300,1.1116927971340695,1.619593136063349
PSYCH500_06188,PSYCH,500,4.035790199216092,4.483208528245653
ENGL300_06189,ENGL,300,4.930717469438626,4.18514381881068
CHEM300_06190,CHEM,300,2.7448940952136702,3.4704309521471632
ECON300_06191,ECON,300,1.8929076337741497,4.833482506038977
ECON300_06192,ECON,300,2.6294112216883727,4.582698351177536
PHYS200_06193,PHYS,200,4.934949415918537,1.0272852464959823
ECON400_06194,ECON,400,1.9672919534111375,2.0937808679711054
PHYS100_06195,PHYS,100,4.693659574653141,4.438697725184604
PSYCH100_06196,PSYCH,100,1.8410143700745332,3.963803985944951
ENGR300_06197,ENGR,300,1.8889646580264747,3.2872217871702163
BIO100_06198,BIO,100,4.6615841992650715,4.962689276633107
BIO500_06199,BIO,500,1.690349872232824,1.2998201507870881
ECON500_06200,ECON,500,4.6503516211822795,3.4765030191538693
STAT500_06201,STAT,500,3.226973966682447,1.1959646957484247
PHYS300_06202,PHYS,300,2.950251176785195,1.9827916387598377
BIO300_06203,BIO,300,1.9858117268843531,2.5159624593905177
PHYS500_06204,PHYS,500,2.4609400435365947,1.0025682974248915
PHYS300_06205,PHYS,300,1.5502384252107286,1.9805934190579273
ECON100_06206,ECON,100,2.991301102074055,3.5498428767381114
CHEM400_06207,CHEM,400,1.9440693437921404,4.136125414321463
ENGL500_06208,ENGL,500,4.198395031078942,1.2193594351866053
ENGR500_06209,ENGR,500,2.2667916948360287,2.931840505405924
PHYS100_06210,PHYS,100,3.3217630705130223,1.4580468279552057
CHEM200_06211,CHEM,200,1.0752554089945732,2.2413012960095204
ECON500_06212,ECON,500,2.392573812495385,3.6872364515307687
ENGL500_06213,ENGL,500,2.539084115260066,4.11623893943373
STAT400_06214,STAT,400,3.3702316612283676,4.031600154180545
ENGL500_06215,ENGL,500,4.22267059699242,1.8395973461818542
STAT200_06216,STAT,200,3.6310923837728106,1.5193819929584307
STAT400_06217,STAT,400,4.140468099838754,4.569379716636323
BIO300_06218,BIO,300,4.809369691258938,1.8591192325732382
STAT400_06219,STAT,400,3.7583885241445807,2.0124817892541293
STAT500_06220,STAT,500,4.731442005088943,4.462813781546298
PHYS300_06221,PHYS,300,3.8769819890624455,2.7744115381229264
CS500_06222,CS,500,2.9153672757080455,1.4948067201858541
CHEM200_06223,CHEM,200,2.919551719572155,2.8445313365479805
CS400_06224,CS,400,4.25883431180168,2.166515652193771
PHYS300_06225,PHYS,300,4.62032263782336,2.563927045578836
BIO400_06226,BIO,400,2.367895643411265,2.41138428236438
MATH500_06227,MATH,500,1.022813464766927,2.187894490937
CHEM500_06228,CHEM,500,1.1401083811563555,4.5297227192771805
CHEM300_06229,CHEM,300,3.9857550265983606,3.0237413077243236
ENGL100_06230,ENGL,100,1.9055894699006526,1.8071251737797032
ENGL500_06231,ENGL,500,3.290513269221312,1.7538050523195228
MATH100_06232,MATH,100,2.464166595017457,3.3744950442054673
MATH400_06233,MATH,400,3.1287942913428197,3.36845176897211
BIO400_06234,BIO,400,1.840841309314651,4.9579853627167925
PHYS200_06235,PHYS,200,4.397397416367312,4.705490893564212
CHEM400_06236,CHEM,400,3.2151293893155133,4.0431964338672834
CHEM300_06237,CHEM,300,4.713759096316629,2.994596527883085
ENGL300_06238,ENGL,300,2.319825351548968,1.4623459103924854
ENGR300_06239,ENGR,300,2.8224248717941487,3.619209070456913
BIO200_06240,BIO,200,3.973417639194696,4.016644962493369
CHEM200_06241,CHEM,200,4.727424515271254,2.7904470492476325
STAT400_06242,STAT,400,4.925098222634553,2.315921018545345
ECON400_06243,ECON,400,1.2418598391171916,4.0077607399759625
ENGL500_06244,ENGL,500,1.3029137453413315,2.26626470237235
ENGL500_06245,ENGL,500,4.566211402399654,4.27392496798433
ECON100_06246,ECON,100,4.340452359574521,4.377878704973271
ECON500_06247,ECON,500,4.474300814858529,3.2819110860208607
CS500_06248,CS,500,3.9984528496976313,2.9559464201461174
ENGL300_06249,ENGL,300,1.1049894280409363,2.6043696481148495
PSYCH100_06250,PSYCH,100,3.5341815262078797,3.323523119856114
PHYS100_06251,PHYS,100,1.4703592778856729,2.1822531188149124
PSYCH300_06252,PSYCH,300,2.458849678932135,4.563515930123254
CHEM400_06253,CHEM,400,4.223732613187998,2.4047817904961875
BIO200_06254,BIO,200,4.380727693532171,1.1862062562686888
CHEM500_06255,CHEM,500,1.7814962924977267,4.4689601672844645
STAT200_06256,STAT,200,1.5377028824013168,2.494915444368463
BIO200_06257,BIO,200,4.378640307668608,3.6801215859179606
BIO400_06258,BIO,400,4.516164491935735,4.944828367390331
STAT300_06259,STAT,300,4.8863095347132575,3.1677493145639306
ENGL200_06260,ENGL,200,3.3940761376652993,3.1307055949132727
ENGR400_06261,ENGR,400,3.114038287837413,3.9821518910322125
ECON100_06262,ECON,100,2.528803918045371,4.21355931686732
ENGR400_06263,ENGR,400,1.5536541313072187,3.24714732910367
STAT400_06264,STAT,400,4.6275962460462745,2.5622032088556077
ENGR400_06265,ENGR,400,2.3519689570609574,3.127581540243313
ENGR400_06266,ENGR,400,2.276057863348721,3.872498187089039
CS300_06267,CS,300,1.3090971854485685,3.193161733956262
PHYS300_06268,PHYS,300,3.5403655241570258,2.2377070231280514
BIO200_06269,BIO,200,1.462139299797251,4.431222367628802
CHEM400_06270,CHEM,400,3.0857449706537916,1.7113788366220235
PHYS400_06271,PHYS,400,3.9756795472381072,1.5611087277074027
ECON300_06272,ECON,300,1.23271444456492,1.477693768452073
PSYCH100_06273,PSYCH,100,2.3230594596181824,1.9024278451571548
PSYCH400_06274,PSYCH,400,3.235083441790525,3.8008371542379416
MATH200_06275,MATH,200,1.8295211479791167,1.6954908082695783
MATH500_06276,MATH,500,4.706999297192178,3.2418949080926307
STAT300_06277,STAT,300,3.602189145925017,3.946953300193109
MATH300_06278,MATH,300,4.8080798192854415,3.4321128180410656
CS500_06279,CS,500,4.675338690742695,3.5711588443705238
ENGR200_06280,ENGR,200,4.042552829022899,2.2770605507048916
MATH400_06281,MATH,400,1.156333137660965,2.7489269467481607
ENGR300_06282,ENGR,300,1.0947162531554855,4.505246066113708
ECON100_06283,ECON,100,3.944671308699595,2.5152937226664513
CHEM300_06284,CHEM,300,1.089808980615952,2.5736138904473957
CS100_06285,CS,100,2.0598422552692086,3.38974132921843
MATH100_06286,MATH,100,4.293694200518131,3.661314150938098
CHEM300_06287,CHEM,300,2.4805865935101483,4.3487288120742456
BIO200_06288,BIO,200,4.383983651829597,3.460132611551926
BIO500_06289,BIO,500,4.2462429554157035,3.6806823358708995
BIO400_06290,BIO,400,3.9575309109438432,4.676129309990019
CS500_06291,CS,500,3.487684560847291,2.497521661424385
ENGR500_06292,ENGR,500,3.819077047694348,2.9630541303280715
BIO400_06293,BIO,400,3.8506920456962854,4.116022506163278
CS500_06294,CS,500,4.549382758072301,2.2110375190007097
BIO200_06295,BIO,200,3.0286192265681486,4.247234142647606
ENGL500_06296,ENGL,500,1.9985381023151811,1.340218879888519
CHEM100_06297,CHEM,100,3.7149580881230593,2.925470592613256
ECON300_06298,ECON,300,2.084058626733058,4.20821445261627
ENGL100_06299,ENGL,100,3.0314384914750363,3.575641519721244
CS400_06300,CS,400,4.8844954468394235,3.517371329299994
CS500_06301,CS,500,4.286378384614565,3.8036162285505166
PSYCH400_06302,PSYCH,400,2.3584414983510573,1.1889091919089685
ECON200_06303,ECON,200,2.7459632273534003,4.929551213450345
CS500_06304,CS,500,2.1271684438942633,4.647373459577483
MATH400_06305,MATH,400,3.8002017875171146,2.891503076190434
ENGR300_06306,ENGR,300,4.39558523081473,1.0595995475594715
STAT300_06307,STAT,300,1.3390194257973578,1.597355650548224
CS100_06308,CS,100,4.984209777015572,1.2029487128880634
STAT400_06309,STAT,400,3.2117765601500774,3.272936713263722
PHYS100_06310,PHYS,100,4.373676128107876,1.7036166205624559
ENGL500_06311,ENGL,500,1.5160632944226378,2.344387839333215
PSYCH400_06312,PSYCH,400,1.832904251159484,4.363207727089902
ECON100_06313,ECON,100,2.9588676917204286,1.084078535724133
STAT200_06314,STAT,200,1.6054038177108736,4.874245706678664
CS400_06315,CS,400,1.4050157357031807,2.053610607946965
MATH400_06316,MATH,400,2.861872244816889,4.223461114909638
ENGL200_06317,ENGL,200,4.056914804177211,4.539332352726884
BIO100_06318,BIO,100,1.7134634593678628,3.2000341013881726
CHEM100_06319,CHEM,100,2.3661700356521163,2.7590701700591724
STAT300_06320,STAT,300,3.370733937602658,1.604437807950073
ENGR200_06321,ENGR,200,4.548141119681719,2.326262971824578
PHYS100_06322,PHYS,100,3.078500701721222,4.515427296995409
CS300_06323,CS,300,3.670070999416695,2.4715209629177997
PHYS400_06324,PHYS,400,4.3220362406874475,1.288611450587517
STAT400_06325,STAT,400,1.331752152254039,4.100038237908155
ENGR300_06326,ENGR,300,2.6507627329163035,1.1485861721474815
ENGL400_06327,ENGL,400,2.4458556327108574,2.8441832544884726
PHYS300_06328,PHYS,300,4.456567489976561,3.2731635382256816
ECON100_06329,ECON,100,3.406924323845276,4.050631024202504
PSYCH300_06330,PSYCH,300,1.0097615739701955,3.016296544993597
ENGL100_06331,ENGL,100,3.767925143836923,2.805915624232374
MATH400_06332,MATH,400,1.9673640796121803,2.7222890257719827
ENGR400_06333,ENGR,400,2.4068715254103417,1.2888809310761675
PHYS100_06334,PHYS,100,2.730802521556649,4.973895775000269
MATH200_06335,MATH,200,4.643337873890357,4.784352071600704
PSYCH200_06336,PSYCH,200,1.7071558941152087,4.317868273214984
CHEM400_06337,CHEM,400,3.3343949324691917,2.016630589900382
BIO300_06338,BIO,300,1.0608883164524077,2.4212788910112835
PSYCH200_06339,PSYCH,200,2.178494001898434,4.324874413618377
CS100_06340,CS,100,4.872387716116755,2.815100133544695
STAT100_06341,STAT,100,3.3571716506331017,2.73644592742042
STAT500_06342,STAT,500,1.5282189736487974,4.447245814404423
ECON200_06343,ECON,200,1.0018114856012388,2.277434228303418
CS500_06344,CS,500,3.1035864624999947,2.6352097572676616
PHYS400_06345,PHYS,400,1.545507418581681,2.1490948412958772
MATH200_06346,MATH,200,3.471376553851893,1.5888738403629308
CS200_06347,CS,200,3.6377805803069307,4.120062199577885
ENGL400_06348,ENGL,400,1.618079224691456,1.8584156489828376
PSYCH300_06349,PSYCH,300,3.302573744149975,3.3870141362117385
CS500_06350,CS,500,1.0742012867184427,2.2751716349239093
PHYS400_06351,PHYS,400,1.667287427859196,4.543341007715736
PSYCH400_06352,PSYCH,400,4.18785117595125,4.826812590142017
ENGR100_06353,ENGR,100,4.108551171398396,2.012969691144702
ENGR400_06354,ENGR,400,3.996459140347418,4.026836192419889
CHEM300_06355,CHEM,300,2.770834400239498,2.889676365793466
MATH500_06356,MATH,500,1.6769138824019953,4.330117820122599
CHEM100_06357,CHEM,100,2.052007608216945,3.7676899175963947
BIO100_06358,BIO,100,2.1074159903905105,4.708573839156953
CS300_06359,CS,300,3.83360482949361,3.5856264979075716
CS200_06360,CS,200,3.7113369128313365,1.5466656324259862
PSYCH100_06361,PSYCH,100,4.821664885946113,1.6092603550785278
CS200_06362,CS,200,2.727511528098805,3.9375313353889774
MATH500_06363,MATH,500,4.442959654220131,3.7218570132510376
ECON300_06364,ECON,300,1.872341699951522,1.7775143063907652
ENGL300_06365,ENGL,300,3.748741684532863,1.5125134768210278
BIO100_06366,BIO,100,4.428955854184159,2.28329691964515
ENGR100_06367,ENGR,100,3.8811706666627437,4.94303895830542
ECON300_06368,ECON,300,1.185971375678899,4.840844025619286
PHYS500_06369,PHYS,500,4.317900383066942,2.6253989587940434
CS200_06370,CS,200,1.4365843967090304,3.494118101023627
STAT200_06371,STAT,200,4.987822791559884,3.5274755554723307
BIO100_06372,BIO,100,4.710028773394116,3.9557933325883594
BIO100_06373,BIO,100,1.164785580193921,2.966977161927329
BIO400_06374,BIO,400,3.876087719075467,3.437191324109841
MATH400_06375,MATH,400,4.584732410807895,2.310007744463495
ECON200_06376,ECON,200,1.4419933540719923,3.002276575629312
PSYCH100_06377,PSYCH,100,3.326636370794292,3.2107589486258137
PHYS300_06378,PHYS,300,3.947782054059027,3.32705396476034
PHYS500_06379,PHYS,500,4.123313774332722,1.8534782078082208
PSYCH300_06380,PSYCH,300,3.5951575529102113,1.914245496952526
ENGR200_06381,ENGR,200,1.9359896562817434,2.0027630687820883
CHEM100_06382,CHEM,100,1.9046216365016848,3.714270594098212
ENGR300_06383,ENGR,300,3.8546854885915485,4.66267616856805
CHEM200_06384,CHEM,200,3.6076199384594494,3.3684237181848014
ECON100_06385,ECON,100,4.296440431467458,3.3791197999678677
ECON100_06386,ECON,100,3.1478118501749863,4.796322079652498
PSYCH500_06387,PSYCH,500,1.7640471645818474,4.8440544390224805
ECON300_06388,ECON,300,1.7925253093005158,4.915698914350093
ENGR400_06389,ENGR,400,4.327118386268305,4.75063605081751
PHYS200_06390,PHYS,200,1.0019682385881743,4.983491348705428
CHEM100_06391,CHEM,100,3.9181906558178627,1.4030875164104848
PSYCH500_06392,PSYCH,500,1.2160092205428263,4.486232518163705
MATH300_06393,MATH,300,3.7483561064053723,2.8396370760877443
PHYS400_06394,PHYS,400,1.9611260470424727,2.936126394726633
PSYCH300_06395,PSYCH,300,2.3801006167000724,3.1271352680171924
STAT100_06396,STAT,100,4.208061199842142,2.1106396182317666
MATH500_06397,MATH,500,4.744085566203968,4.398838559033404
ENGR100_06398,ENGR,100,2.512760398459745,1.0787654657488144
PHYS200_06399,PHYS,200,1.3973509042989782,1.2363691684122058
CHEM300_06400,CHEM,300,3.626383652307617,4.773651487058009
ENGL500_06401,ENGL,500,2.7038208079606103,2.925219316830723
CHEM200_06402,CHEM,200,4.440590474026394,3.40495226921408
CHEM400_06403,CHEM,400,2.0998522219014815,4.633302822449528
BIO400_06404,BIO,400,1.8571068253434952,4.027581807172675
ENGL200_06405,ENGL,200,4.986561815350134,3.903800182588213
PSYCH200_06406,PSYCH,200,1.541624887439998,3.0687103264729343
CS300_06407,CS,300,3.9181513301257573,2.0470286421530774
ENGL100_06408,ENGL,100,3.1563800811106053,3.0391360009807036
CHEM200_06409,CHEM,200,1.6342309808158042,4.226479198180591
PSYCH300_06410,PSYCH,300,3.2812312186625467,1.1951112445321534
ENGR200_06411,ENGR,200,1.5232916080472543,3.863471914746286
PHYS300_06412,PHYS,300,4.038902877462997,1.3973760350689712
CS200_06413,CS,200,1.573012179861074,3.999574346204041
PSYCH100_06414,PSYCH,100,3.219409592387463,3.4769661441044715
MATH500_06415,MATH,500,2.9214483804407076,3.2698849057432677
CHEM100_06416,CHEM,100,4.878861867066391,2.2620752303584224
ENGL500_06417,ENGL,500,1.950161493373523,1.2837813687861854
PHYS100_06418,PHYS,100,3.48663991096987,3.958766435162947
ECON300_06419,ECON,300,1.3967268493307192,4.5501921471786835
ENGR400_06420,ENGR,400,1.1611735907817549,3.2438042863020216
ENGR500_06421,ENGR,500,2.62665699463159,2.1722716935068265
CHEM100_06422,CHEM,100,3.338769309078637,4.253921007014271
ECON100_06423,ECON,100,4.564862622569073,1.9023872869035228
CS200_06424,CS,200,1.0182692058965293,4.894933157681723
ENGR200_06425,ENGR,200,4.973021733761509,2.395359142228124
ECON100_06426,ECON,100,2.1664762261472488,3.469934727978238
CS300_06427,CS,300,1.1032974159368902,2.8447400581545494
BIO500_06428,BIO,500,2.1952450183365713,4.558710848115773
CHEM200_06429,CHEM,200,2.1883022393287863,2.4878533019005737
ENGR400_06430,ENGR,400,3.8943058088647566,1.345575091211404
CS200_06431,CS,200,2.040974060263094,3.1935241700729007
CS400_06432,CS,400,4.197189126852104,2.6736532844210803
CS400_06433,CS,400,4.285850143815777,1.8970566811456995
ENGL400_06434,ENGL,400,1.6819908198549838,2.200087080415349
ENGR300_06435,ENGR,300,4.345316694523262,1.7843850245664479
ECON200_06436,ECON,200,1.0432462244063867,4.768466228173407
ENGR100_06437,ENGR,100,3.369028309166591,2.504712669073681
CHEM500_06438,CHEM,500,3.2645731319057947,3.9779109124116054
PSYCH400_06439,PSYCH,400,3.0341363322656596,3.705237189979625
ENGL100_06440,ENGL,100,2.5792649469566236,1.681071875688124
BIO500_06441,BIO,500,2.0339271828242844,4.206273226208344
ENGL200_06442,ENGL,200,4.510904217341231,3.4828911604140798
STAT300_06443,STAT,300,2.9606721362901496,4.737500923013748
ENGR300_06444,ENGR,300,3.735912716958707,4.374865586405471
CHEM400_06445,CHEM,400,2.6514729809058952,4.8249109494321125
MATH300_06446,MATH,300,1.5870284628556077,4.149994858143654
BIO400_06447,BIO,400,2.3624701128001533,2.277072653218616
BIO500_06448,BIO,500,3.800869723038048,4.727562737682295
ENGL400_06449,ENGL,400,4.928151533215006,4.890385803246545
STAT200_06450,STAT,200,4.4642217710203855,4.241929293397606
ECON300_06451,ECON,300,4.542951853515613,4.258685062429954
CHEM500_06452,CHEM,500,1.788641176860693,1.9405412039391012
MATH300_06453,MATH,300,3.005375916580895,4.039709214858034
PHYS200_06454,PHYS,200,1.0265831523728566,4.339938354461375
ENGL100_06455,ENGL,100,1.5326380426640331,3.387067821847516
PHYS300_06456,PHYS,300,4.63369510096839,2.4790530714840546
PSYCH500_06457,PSYCH,500,1.867464715329572,4.928930746313144
PHYS400_06458,PHYS,400,4.718479243723801,1.8601015513256933
STAT300_06459,STAT,300,3.772175396969771,3.544797841736909
STAT500_06460,STAT,500,2.842499282889977,2.360702149377748
BIO500_06461,BIO,500,2.2026742589272907,3.983467673628581
CHEM200_06462,CHEM,200,2.1648939884796317,3.614093892076513
ECON300_06463,ECON,300,2.635339215255787,1.7363844737113139
PHYS500_06464,PHYS,500,4.312489305456804,1.3740343838500824
ECON400_06465,ECON,400,2.727048051622637,4.556110242236773
STAT500_06466,STAT,500,1.9885786001292436,1.491657924850594
MATH500_06467,MATH,500,2.0310546428989262,1.1935059898851903
PHYS400_06468,PHYS,400,2.7934706606728956,4.0483788155852265
PSYCH500_06469,PSYCH,500,4.340086239082901,4.776151543706071
BIO500_06470,BIO,500,2.5335226998467766,4.446413030930152
STAT100_06471,STAT,100,3.783661088213707,3.5574654799880627
STAT200_06472,STAT,200,4.296438906289509,2.5506084536311544
PHYS100_06473,PHYS,100,3.8877203850693047,4.317668678453776
ENGR100_06474,ENGR,100,2.095408788973719,2.6381763601292736
BIO100_06475,BIO,100,1.2412721278784065,1.8471318463570086
ENGL300_06476,ENGL,300,4.047407286938596,4.21868744073161
ENGR200_06477,ENGR,200,1.3446014385085059,3.1480780587693826
STAT100_06478,STAT,100,4.635250294222207,3.072877059234285
MATH500_06479,MATH,500,1.7328514908834007,3.2940806560796707
ECON200_06480,ECON,200,2.5433048550629724,1.3247854494491316
ENGR400_06481,ENGR,400,1.1591015621482126,2.6602758482046815
STAT400_06482,STAT,400,1.9805264487460663,4.632879979142968
CHEM500_06483,CHEM,500,3.8941857996279423,4.250756281185103
MATH500_06484,MATH,500,3.392993689114802,4.2867877786634025
CHEM100_06485,CHEM,100,2.325235921199571,2.460964364334763
ECON400_06486,ECON,400,1.0835180829678999,1.082859095469642
ENGR500_06487,ENGR,500,3.0406980877627867,1.3611141795188035
PHYS300_06488,PHYS,300,2.191600172157639,4.283707103013526
ENGR500_06489,ENGR,500,3.8625773089937745,2.1503540689969687
PSYCH500_06490,PSYCH,500,3.4066975577022096,3.751181248611795
PHYS400_06491,PHYS,400,2.8232675701711325,3.8541339062053024
STAT100_06492,STAT,100,4.0537722821945845,1.7637705635799747
ECON400_06493,ECON,400,2.5398180548753007,1.1962877035446375
ENGL200_06494,ENGL,200,2.929820277891921,4.357629018725099
CHEM100_06495,CHEM,100,4.95904208328948,2.998468595814623
ENGR200_06496,ENGR,200,3.668638731801671,4.755058238398755
BIO500_06497,BIO,500,1.7102613749528808,4.283191894943959
STAT200_06498,STAT,200,1.337112162921708,2.0121941342513203
CHEM100_06499,CHEM,100,3.271452073565942,2.436368323045627
CHEM500_06500,CHEM,500,1.845084621971679,4.46209383460152
PSYCH200_06501,PSYCH,200,1.1852963105118954,1.2445383932023524
STAT500_06502,STAT,500,4.332995380350464,3.059533074410455
CS200_06503,CS,200,2.7288177833245135,4.051544336385533
ENGL100_06504,ENGL,100,3.953807590710597,4.050403182576877
BIO500_06505,BIO,500,3.4905599735158996,4.098953510305163
ENGL500_06506,ENGL,500,1.2657958578452657,3.0551523093672106
ENGR200_06507,ENGR,200,2.651120679379972,3.231265417674735
ENGL200_06508,ENGL,200,4.76916654486442,2.6320008629929372
STAT400_06509,STAT,400,1.8983048212069402,3.9530423468991254
PSYCH400_06510,PSYCH,400,2.3123230892941176,4.71234610952376
ENGR200_06511,ENGR,200,4.640319963589514,2.171633676193634
CHEM400_06512,CHEM,400,3.138010963832668,4.538085948300752
STAT500_06513,STAT,500,2.0920519529335477,2.9525836228649327
PHYS100_06514,PHYS,100,1.6906833460961521,1.2911608711961557
PSYCH200_06515,PSYCH,200,2.0880456963477503,3.8612841117969916
CS500_06516,CS,500,2.9829151928808426,2.3908505797562047
STAT100_06517,STAT,100,2.434836711603331,2.1297807703399734
STAT200_06518,STAT,200,4.472194280302533,2.453424111517741
STAT200_06519,STAT,200,2.9440455632776787,2.4164499735196903
CS500_06520,CS,500,4.550993044251893,2.3821822389260117
PHYS300_06521,PHYS,300,3.2420725425797494,4.150187838764202
ENGL400_06522,ENGL,400,2.2307108170934677,3.2333997724411967
CHEM100_06523,CHEM,100,3.8426989917865466,1.3482076032388544
CHEM100_06524,CHEM,100,3.022511351590714,3.539495879393172
PSYCH200_06525,PSYCH,200,4.164032577491807,3.7059627415861893
ECON500_06526,ECON,500,3.5557580804845372,4.212021034946124
CHEM300_06527,CHEM,300,4.248471569850519,2.3465521067682196
CS200_06528,CS,200,1.1839291237666254,1.860852077427285
ENGR500_06529,ENGR,500,2.4381129173908733,3.7566726444070366
PSYCH200_06530,PSYCH,200,4.95742451685528,3.398329457378833
ENGR500_06531,ENGR,500,4.111468740008828,2.7471250074308298
ECON400_06532,ECON,400,1.1180261812256997,3.291946520681004
ECON400_06533,ECON,400,4.64515765818207,1.425272782192497
PHYS300_06534,PHYS,300,1.4775324609330869,1.0328276739862279
PSYCH300_06535,PSYCH,300,4.451358114622552,2.1198248966463717
ECON300_06536,ECON,300,1.5067752745388177,4.44097787171781
CS400_06537,CS,400,4.632786913005368,1.4170559277507158
BIO400_06538,BIO,400,4.575479643438259,2.9984270883065443
BIO300_06539,BIO,300,2.7148099412407216,2.022990416749713
ENGL100_06540,ENGL,100,3.8702669662839013,3.785831989510755
STAT500_06541,STAT,500,1.2792151584461773,3.5509706154740486
CHEM400_06542,CHEM,400,1.4241302418879465,1.5659588992139364
STAT100_06543,STAT,100,3.3294436268980863,2.8416195098383534
CHEM400_06544,CHEM,400,1.485134715078257,2.28266183210231
PSYCH200_06545,PSYCH,200,3.9282872283991517,3.469923210666383
CHEM100_06546,CHEM,100,3.5580163183754383,1.6750877984585437
CHEM400_06547,CHEM,400,1.2692964005122422,1.5478383453722482
STAT300_06548,STAT,300,4.892488079192194,4.569616191781789
BIO100_06549,BIO,100,4.65505540525316,3.5449087203865335
STAT500_06550,STAT,500,4.927796569187564,1.1072026208436823
CS400_06551,CS,400,1.1590958558052828,2.1328614372414454
PSYCH400_06552,PSYCH,400,4.721595555988318,2.4486285592000385
ENGR300_06553,ENGR,300,1.739292205543058,1.176048252532024
ECON500_06554,ECON,500,3.3823131045032744,1.3610957750773611
ENGR400_06555,ENGR,400,4.3169532766242185,1.9429846836944953
PSYCH400_06556,PSYCH,400,2.3196733817618234,3.8076061261216165
ENGR100_06557,ENGR,100,4.127055384537297,4.073449992920968
MATH300_06558,MATH,300,3.487293815798302,4.286189655392169
MATH400_06559,MATH,400,3.0924832056815306,4.907019127493035
CS400_06560,CS,400,2.024900381740029,3.0951164524194748
ENGR100_06561,ENGR,100,2.5082100425412883,2.720524064202585
PSYCH500_06562,PSYCH,500,4.237426655986674,3.059558777817795
CS500_06563,CS,500,2.8087165924403257,3.843415385823646
ENGR200_06564,ENGR,200,4.677256661967643,3.7266812109708938
MATH100_06565,MATH,100,2.987096237730394,3.7494790150954445
ENGR400_06566,ENGR,400,3.7392424588905255,2.55850526322268
PHYS300_06567,PHYS,300,1.4306514291911676,2.589421204418305
BIO100_06568,BIO,100,3.8590368703753084,4.185957206357793
CHEM200_06569,CHEM,200,2.5437964169001157,2.3555397956246265
BIO200_06570,BIO,200,4.79429911054795,3.069843965590152
PHYS300_06571,PHYS,300,3.6700860611455974,2.0135853895981173
ENGL400_06572,ENGL,400,2.525992525080189,1.8657477432927476
PSYCH200_06573,PSYCH,200,3.8814117865690947,1.3239895310475491
STAT200_06574,STAT,200,2.656340506736789,4.5356639229628275
PHYS100_06575,PHYS,100,4.105853021825391,1.7297959371363807
PSYCH500_06576,PSYCH,500,2.5813806790088734,3.6431206045158477
MATH300_06577,MATH,300,1.332859782403351,2.2990980633563454
CHEM100_06578,CHEM,100,2.8453507893927164,4.166599199765243
ECON100_06579,ECON,100,3.2484150602421185,1.8339779666955134
STAT200_06580,STAT,200,4.912567604600469,3.1232259039763433
MATH500_06581,MATH,500,4.705326525821066,2.8879958718851944
BIO500_06582,BIO,500,4.505526589571941,4.233982244387042
STAT400_06583,STAT,400,4.685700630816627,1.0798579458783344
ECON400_06584,ECON,400,3.8096457931267924,4.65682904924069
MATH200_06585,MATH,200,2.702715481863095,3.860998159998356
ENGR400_06586,ENGR,400,1.4852303225349104,4.087355425754252
ENGL100_06587,ENGL,100,1.495861921192951,1.2680117936025446
MATH500_06588,MATH,500,2.4023832425886806,4.134457431375104
CHEM500_06589,CHEM,500,4.64294592214871,3.205669723586676
PHYS100_06590,PHYS,100,1.6964237505665252,4.275807344885227
ECON100_06591,ECON,100,1.8660534554373975,2.1369316776714142
CHEM100_06592,CHEM,100,2.0577283757114815,3.6665206172670617
BIO500_06593,BIO,500,2.5832124802376026,1.241067703486761
ECON300_06594,ECON,300,1.8747887237316108,2.115484912633858
STAT100_06595,STAT,100,1.2269345365301003,3.4687062452573447
PHYS300_06596,PHYS,300,2.9314389909889607,1.0603428415288008
PHYS300_06597,PHYS,300,3.234266189916202,4.053305813995452
ENGL300_06598,ENGL,300,1.5288425163113946,3.3103005842074826
ECON300_06599,ECON,300,4.4852180089864415,2.8179130250340463
STAT200_06600,STAT,200,1.8393004891817828,3.019211204184918
PHYS100_06601,PHYS,100,1.9123057430787958,4.727196397087598
CHEM200_06602,CHEM,200,1.9278055233743658,4.102209740767737
CS200_06603,CS,200,3.410247995093876,3.830309966840882
ENGR400_06604,ENGR,400,4.877968984461038,3.0307341313074194
PHYS500_06605,PHYS,500,4.6853083407381195,2.0858893712620863
CS300_06606,CS,300,2.292713793691066,4.569764619791388
ENGR400_06607,ENGR,400,4.5207916768649765,4.685887970837573
PSYCH100_06608,PSYCH,100,1.763849666402305,3.6900250570235134
MATH300_06609,MATH,300,2.0247583363191066,1.5212591606962573
ENGL500_06610,ENGL,500,2.241209931808605,4.015207548198354
MATH200_06611,MATH,200,1.5546085425306573,1.7603461572883758
PHYS300_06612,PHYS,300,2.7368836640135616,3.919334746937581
PHYS300_06613,PHYS,300,2.080235529182617,1.8223258847550459
ENGR300_06614,ENGR,300,2.4206535891413012,3.0577417243495986
CHEM400_06615,CHEM,400,4.523161227573674,2.12950005392849
MATH100_06616,MATH,100,3.893402213603776,3.198919280245141
MATH300_06617,MATH,300,1.504920859902115,1.3915048905778722
PSYCH100_06618,PSYCH,100,3.7466208868893163,1.1627133558573735
STAT400_06619,STAT,400,4.584625003572661,3.205720202963097
BIO200_06620,BIO,200,3.8189441641473385,4.121275789816023
CHEM200_06621,CHEM,200,1.5111368835388213,2.5120694779595096
CS100_06622,CS,100,1.7355242103023052,2.395098489170954
PSYCH500_06623,PSYCH,500,1.4700798517869447,4.012866746385992
STAT200_06624,STAT,200,3.5870804789425184,3.8938071389514426
CHEM100_06625,CHEM,100,2.890315176345894,3.89593445713625
PSYCH400_06626,PSYCH,400,3.478085538237751,3.1574644476981706
ECON500_06627,ECON,500,4.601100694836697,3.11121301583605
ECON100_06628,ECON,100,1.947313956796839,4.531834908623668
BIO200_06629,BIO,200,2.0277673009826462,4.046505414103608
PHYS200_06630,PHYS,200,4.337681755326635,3.6856120927111395
MATH400_06631,MATH,400,3.6790785058840916,3.1852909932512077
MATH500_06632,MATH,500,4.668641877075762,1.0003555514542009
STAT400_06633,STAT,400,1.0978475503286473,2.328476911696192
ENGR200_06634,ENGR,200,2.547168005378454,4.2981256277687585
CS100_06635,CS,100,3.4738262168433196,3.4072471778540163
CS300_06636,CS,300,2.1701157211496778,1.9036837684458319
MATH200_06637,MATH,200,1.1151316152261743,2.637475065275711
MATH100_06638,MATH,100,4.684131261375018,4.446423817544787
CHEM500_06639,CHEM,500,4.008526303570406,3.3609666823804614
ENGR500_06640,ENGR,500,2.8256221714408283,1.1058444956729145
PSYCH500_06641,PSYCH,500,4.797209827453417,1.88523146108226
PHYS400_06642,PHYS,400,4.027723221593391,1.3346665637999813
MATH200_06643,MATH,200,3.971277709761732,2.5749965274211877
ENGL500_06644,ENGL,500,4.264090899740479,3.751222310633784
CHEM500_06645,CHEM,500,2.164781900146929,3.2230867618926107
PHYS100_06646,PHYS,100,3.831349889579764,4.71223071206234
MATH100_06647,MATH,100,4.673767050310333,4.670370491176696
CS400_06648,CS,400,3.1632261017958623,2.2734342947937747
ENGL200_06649,ENGL,200,2.927827983039997,2.0882329136563365
PSYCH100_06650,PSYCH,100,3.02706664828524,2.953975709728202
MATH100_06651,MATH,100,1.6678238586689713,1.3278638928363447
CHEM100_06652,CHEM,100,1.9894479071980484,3.055439868622426
CHEM500_06653,CHEM,500,1.4432017370819326,2.5919352127820265
PHYS400_06654,PHYS,400,2.0461334732574055,4.484983557732724
BIO100_06655,BIO,100,1.1986831906014994,2.530521867470327
PHYS300_06656,PHYS,300,1.6690446148043776,4.134544323903945
ECON200_06657,ECON,200,1.1201802668603205,1.8352458490433885
MATH500_06658,MATH,500,3.339504551385009,2.590107122018001
ECON400_06659,ECON,400,2.621554476474888,1.6917484563304939
PHYS200_06660,PHYS,200,4.328424979744916,4.582531029540698
CS300_06661,CS,300,3.9323057679572013,4.638526207775541
MATH100_06662,MATH,100,4.738929673169125,4.117941727778586
PHYS300_06663,PHYS,300,4.356709610044376,4.777322241808147
STAT200_06664,STAT,200,2.774047226018686,3.8432551118072724
BIO200_06665,BIO,200,2.6773729659993952,4.843512943419182
STAT400_06666,STAT,400,3.738224593503342,4.399895362886254
CHEM500_06667,CHEM,500,4.533155019442381,1.7984601555206288
ENGR100_06668,ENGR,100,1.3934866596223792,3.8331535375305017
MATH300_06669,MATH,300,2.257007220085298,4.4982624157194975
BIO400_06670,BIO,400,3.328243728883878,4.697282444255693
STAT500_06671,STAT,500,3.620586020036356,2.868457811682172
ENGL500_06672,ENGL,500,4.125311063376539,4.831882527726746
ENGL100_06673,ENGL,100,1.4164185184270064,2.641301261044686
PSYCH300_06674,PSYCH,300,3.146771158766913,3.0451479052171275
ECON200_06675,ECON,200,3.251359813334593,2.943796979793332
ENGR400_06676,ENGR,400,4.577135479673016,3.624188369770924
STAT200_06677,STAT,200,4.688363597030021,2.964104048177677
BIO400_06678,BIO,400,2.218498258071808,4.922381519625894
BIO400_06679,BIO,400,4.398793190288571,2.0380129480828577
STAT100_06680,STAT,100,2.127873863650698,4.013594062528147
PHYS400_06681,PHYS,400,4.548605387825845,3.3180795869678605
ENGR100_06682,ENGR,100,4.5661348686949985,1.4525246914363752
PHYS100_06683,PHYS,100,1.2671840987599796,2.6816685028569736
MATH500_06684,MATH,500,2.645097079320655,4.078286395890402
PSYCH300_06685,PSYCH,300,4.216425625819278,4.23758110572207
ENGR300_06686,ENGR,300,1.6627329757621832,3.713806456034257
STAT500_06687,STAT,500,3.062318144885458,1.224363393781693
BIO100_06688,BIO,100,4.3637636991132425,2.1383699779562586
STAT200_06689,STAT,200,4.3885819376745365,4.036555919776237
MATH100_06690,MATH,100,2.5895225812294673,2.5163289151162895
ECON400_06691,ECON,400,1.317594366833546,1.944733854050403
PHYS200_06692,PHYS,200,4.317119152099651,2.125906514492294
CS100_06693,CS,100,3.9692785266336283,2.6474018884778614
MATH500_06694,MATH,500,3.5301283904866905,3.385427433210525
BIO100_06695,BIO,100,4.050772759981782,4.550047308140762
BIO500_06696,BIO,500,2.9399024926406607,1.8970454250091242
ENGR500_06697,ENGR,500,2.965785929735467,1.7104106497764628
CHEM300_06698,CHEM,300,1.9048239123592112,1.0441465161897998
PHYS300_06699,PHYS,300,4.371146792363114,4.544620628402223
PSYCH400_06700,PSYCH,400,4.115351694002172,3.8939793873665143
ECON500_06701,ECON,500,3.866372629457348,2.3727827890901
MATH200_06702,MATH,200,2.699462377923262,1.2222879777602191
PSYCH500_06703,PSYCH,500,1.476907793040867,1.7465088371853965
PHYS200_06704,PHYS,200,3.5637510999086968,3.727405190652302
PSYCH100_06705,PSYCH,100,1.3046333040530742,3.4211615392806753
CS300_06706,CS,300,3.900540927256823,2.3229828764715674
CHEM300_06707,CHEM,300,2.428743668406067,3.882283378078966
BIO100_06708,BIO,100,1.20818474878258,3.5363551894049614
ECON100_06709,ECON,100,2.5647592331419737,2.470153240511402
PSYCH200_06710,PSYCH,200,4.14230422250513,1.078728042778637
ENGL100_06711,ENGL,100,2.834473994298575,4.120906049158476
ECON400_06712,ECON,400,3.2514809397247246,2.6026558203054253
MATH200_06713,MATH,200,2.684500761727209,2.6100879761695417
CS500_06714,CS,500,4.891704675685389,3.7101661440374856
CS400_06715,CS,400,4.750145547808922,3.5504842380169257
ENGL200_06716,ENGL,200,1.518355750103264,4.277914520936699
BIO300_06717,BIO,300,1.6878575824623763,4.7870246173607285
ENGR400_06718,ENGR,400,3.1206179153988587,4.5965975678505675
STAT300_06719,STAT,300,2.169881216301158,2.60159094684071
ECON300_06720,ECON,300,4.074794928227405,2.895201256813513
ENGR500_06721,ENGR,500,2.873835268522159,1.6535292660793166
ENGR500_06722,ENGR,500,3.9261662251128686,2.478110024265326
CS200_06723,CS,200,2.451168013010124,4.682916892847025
CHEM300_06724,CHEM,300,2.0147261857504994,3.6086672910336017
CHEM300_06725,CHEM,300,3.6765927068969892,4.805121210841453
ECON100_06726,ECON,100,4.259787660043733,4.042470839238154
MATH400_06727,MATH,400,2.401987875629896,3.716340923634009
PSYCH500_06728,PSYCH,500,4.025735593092097,3.715692270326944
PSYCH100_06729,PSYCH,100,1.7108757605985736,4.309192771433143
PHYS400_06730,PHYS,400,1.6058153331121754,4.030300615147262
PHYS300_06731,PHYS,300,1.3694344129577454,1.9224116092638006
MATH500_06732,MATH,500,3.999747847753866,1.2942481011905689
CS400_06733,CS,400,2.211483934173375,2.2389561154722384
ENGL100_06734,ENGL,100,2.7767217999644775,2.833465683452011
MATH300_06735,MATH,300,2.535408996174118,4.019200587025291
CHEM100_06736,CHEM,100,1.858104226473499,3.9998053979341837
CHEM500_06737,CHEM,500,4.109582851047296,1.135007063835158
ENGL300_06738,ENGL,300,1.7516457999124162,4.298696427475471
CHEM300_06739,CHEM,300,4.8166604321087085,1.5196705659680325
ENGR500_06740,ENGR,500,1.5961305983832896,1.3041341101535147
CHEM200_06741,CHEM,200,3.0200461372743916,2.1635137172060963
CS200_06742,CS,200,3.374311991580019,2.3826854297127116
MATH400_06743,MATH,400,4.367747773542683,2.8933895802522995
CS400_06744,CS,400,4.249707875719995,2.6764700325533415
ECON300_06745,ECON,300,4.805771004206703,4.65182040041259
CHEM400_06746,CHEM,400,4.36834935459016,4.86319673494835
ENGL100_06747,ENGL,100,3.346729719490072,2.743337814505427
CS200_06748,CS,200,2.908070111489249,1.0158409335630605
ENGR400_06749,ENGR,400,2.2193503226710796,1.412540846661861
ENGL500_06750,ENGL,500,2.3438005616795117,1.5936375639638092
BIO400_06751,BIO,400,3.93353366192303,2.9294008825139954
MATH300_06752,MATH,300,3.386676053370304,4.791058354839665
PHYS400_06753,PHYS,400,3.3173292195308615,1.5810074466699584
PHYS200_06754,PHYS,200,3.898534430849493,2.823442042439865
ENGL100_06755,ENGL,100,2.795424340846685,3.1006795138470062
PSYCH100_06756,PSYCH,100,4.443217711630647,3.776844050354885
PSYCH200_06757,PSYCH,200,3.872166983425905,3.676535411834832
CS200_06758,CS,200,3.3271703269833393,3.3005475188190494
ECON100_06759,ECON,100,3.481866781321461,2.348559224223352
PSYCH400_06760,PSYCH,400,1.7922413168474431,3.41931125457038
ECON400_06761,ECON,400,4.553104101037649,1.5967354374241407
ENGL300_06762,ENGL,300,1.8570831921160686,3.2654074829988695
BIO300_06763,BIO,300,1.5821387043434032,3.0987033804337027
ENGR400_06764,ENGR,400,4.0353761580952465,3.060458521871847
BIO400_06765,BIO,400,3.459445821928361,2.3980930156353018
PHYS500_06766,PHYS,500,2.379297076534602,2.135755577987235
ENGL200_06767,ENGL,200,2.4691479308642035,2.010056043773659
PHYS300_06768,PHYS,300,4.582714607196726,4.4556716070190365
CHEM400_06769,CHEM,400,4.605986791775814,2.177936610102428
ENGL200_06770,ENGL,200,1.6662042989693417,4.29666525884412
MATH500_06771,MATH,500,4.217092390327421,4.194586955023283
MATH500_06772,MATH,500,3.259998666012134,1.2156374959142462
ENGL200_06773,ENGL,200,2.311954255247534,3.4512557702025335
STAT500_06774,STAT,500,1.493755590635455,3.922866191715544
PSYCH300_06775,PSYCH,300,2.0646029446889567,3.856719562405741
ECON500_06776,ECON,500,2.720550145950512,3.1500848729197264
PSYCH500_06777,PSYCH,500,2.6173967051144382,4.20064912443681
ENGR300_06778,ENGR,300,2.509808166094522,4.147649009754324
CHEM500_06779,CHEM,500,2.1795854741997416,2.7223984641328673
CS300_06780,CS,300,3.6771209054329375,1.7260699412288356
STAT500_06781,STAT,500,2.128690616238321,1.2067689108649557
CS400_06782,CS,400,2.8433449400426976,1.6407310274172056
MATH300_06783,MATH,300,4.342441786125163,1.783446601864545
STAT400_06784,STAT,400,1.3410450221431294,2.1909870293765916
MATH100_06785,MATH,100,4.606801561307909,2.438188863670264
PHYS200_06786,PHYS,200,2.8898954797220227,1.0721078675682087
PSYCH400_06787,PSYCH,400,2.196911615271371,2.8041713389853835
CHEM500_06788,CHEM,500,4.274524144277345,1.7550730087039619
MATH100_06789,MATH,100,4.075776321826812,2.3473157808283878
CHEM500_06790,CHEM,500,2.8890111263302707,3.0157278562276324
PSYCH100_06791,PSYCH,100,2.5272856042477545,4.2543812796569505
STAT500_06792,STAT,500,2.6074555993206845,1.879587659969939
MATH400_06793,MATH,400,1.9625603107744523,2.5030431618804125
PSYCH400_06794,PSYCH,400,4.494313383250216,2.940104302990189
ECON200_06795,ECON,200,4.8838215140374945,1.333649020231244
ENGR400_06796,ENGR,400,3.151582773630867,4.519059098450572
CHEM400_06797,CHEM,400,1.5043736210862728,2.627073150870251
CS300_06798,CS,300,4.0678281823055435,3.4265031670428723
STAT300_06799,STAT,300,1.883758693556119,3.274520552259484
ENGL400_06800,ENGL,400,2.5705171646645226,4.7298336377692465
PHYS300_06801,PHYS,300,1.291937040030371,4.7313835085258145
ENGL300_06802,ENGL,300,4.324955349243441,4.93694042934724
CS100_06803,CS,100,1.3378405950251482,4.213028096476313
MATH100_06804,MATH,100,1.7906212770557555,2.0233962412015853
ENGL500_06805,ENGL,500,2.5625705921493402,2.5356861832496973
ENGL500_06806,ENGL,500,1.4758251078072164,4.389361073315717
PHYS400_06807,PHYS,400,3.271449598935351,3.2667515757844052
BIO400_06808,BIO,400,1.3289304458640672,1.8527326825125097
STAT500_06809,STAT,500,2.7460538078714136,4.503837333981586
CHEM100_06810,CHEM,100,1.3447595077370238,2.575439668481186
ECON400_06811,ECON,400,4.654011148652456,3.8676000040538057
ECON400_06812,ECON,400,4.936619870441692,3.842854707574079
ECON200_06813,ECON,200,3.630162390713,3.3379641522024737
PSYCH400_06814,PSYCH,400,3.050121432179988,2.261769893924143
PSYCH200_06815,PSYCH,200,2.3095854068265704,2.735770115355586
ENGL300_06816,ENGL,300,3.658606697397318,3.141440961862317
ENGR400_06817,ENGR,400,2.9214534699754746,1.8174722978294966
ENGR100_06818,ENGR,100,3.5114155828283393,4.955134976690722
STAT400_06819,STAT,400,1.097316099926572,1.2866210765345691
PHYS200_06820,PHYS,200,3.8378945001385514,1.6979884108117722
ENGR100_06821,ENGR,100,2.0393777755426683,1.4453969593887885
CS300_06822,CS,300,2.1457310991956606,4.662810170360228
PHYS400_06823,PHYS,400,3.669506042058841,4.376149010164137
MATH200_06824,MATH,200,3.397676250699613,4.297092779175704
PHYS400_06825,PHYS,400,1.9053522831401088,4.740327296815497
PHYS500_06826,PHYS,500,2.5772956597345247,3.1058753255218887
ECON500_06827,ECON,500,1.686894737199295,4.098455985805509
PHYS400_06828,PHYS,400,2.3000960539228315,1.1362984668964855
ENGR300_06829,ENGR,300,3.09865293751033,3.3751637142857405
CHEM300_06830,CHEM,300,2.5029763164093715,2.0286117391673355
ENGR500_06831,ENGR,500,4.143752113179097,1.4030771104326378
CS100_06832,CS,100,2.9531562291244753,1.0633295857107128
ENGL500_06833,ENGL,500,4.851055692062867,2.3904037513587615
MATH400_06834,MATH,400,4.108500781697037,1.886793512092174
BIO500_06835,BIO,500,1.4099884960289621,2.5396634875580926
PSYCH400_06836,PSYCH,400,1.423001666612278,1.5877574387353839
MATH300_06837,MATH,300,3.331975445052381,1.3273854568553305
PHYS300_06838,PHYS,300,4.316028630318736,4.069479522866731
CS500_06839,CS,500,3.387434672322043,4.628659489896506
CS100_06840,CS,100,2.723672621661039,3.7976006875847785
ECON100_06841,ECON,100,3.842571938116296,1.2708410406812534
BIO500_06842,BIO,500,3.244705761655118,1.670149176289537
ENGL300_06843,ENGL,300,4.656001653496469,2.254940227819548
PHYS200_06844,PHYS,200,2.5049534370156445,2.4739527362305513
CHEM100_06845,CHEM,100,1.7716043477338115,4.356935612917627
ENGR400_06846,ENGR,400,4.966343820072529,4.456578963817623
ECON500_06847,ECON,500,2.728511066597388,1.3665716162933097
PHYS100_06848,PHYS,100,4.724131418754237,1.3847235211341116
ECON400_06849,ECON,400,1.8829278955841566,2.6732923876876384
ENGR200_06850,ENGR,200,3.119740571015856,1.6875313840672956
CS500_06851,CS,500,4.613823559106313,4.4497588330780316
ECON400_06852,ECON,400,3.5158144889463157,4.461559826983732
ENGL500_06853,ENGL,500,4.771678241852843,4.4880745307463155
BIO400_06854,BIO,400,1.445277934245857,4.0895454330475385
ENGL100_06855,ENGL,100,2.471970471561852,4.381159778756778
CHEM300_06856,CHEM,300,2.4746349043510643,4.025136998042266
ENGR500_06857,ENGR,500,3.516769727226823,1.954279485030368
STAT200_06858,STAT,200,3.2905925269264618,3.242733328177491
ENGL300_06859,ENGL,300,3.7729158712716586,4.3796924829868775
CHEM200_06860,CHEM,200,3.247379952348327,2.7755047871569265
CHEM500_06861,CHEM,500,4.167131999246233,3.597519482259326
CS500_06862,CS,500,2.53092453611977,4.997332417375128
PSYCH100_06863,PSYCH,100,1.7186888840455858,1.9027225101280538
ECON500_06864,ECON,500,3.037869641693333,4.461943196202586
ECON200_06865,ECON,200,3.348913243819266,1.9330724330618962
ENGL400_06866,ENGL,400,2.909035982945768,1.6298764901751341
ECON500_06867,ECON,500,4.096450210648332,2.031119161928757
STAT300_06868,STAT,300,1.1482569084333054,4.939456690846483
ENGL300_06869,ENGL,300,2.3533420633222986,4.426741490591368
MATH500_06870,MATH,500,3.2644257814795137,3.702004301456024
ECON500_06871,ECON,500,2.738117143478652,1.1773272169491276
CS200_06872,CS,200,4.917759250206215,3.2292249693949184
STAT100_06873,STAT,100,4.442845843041056,2.608533064577879
ECON100_06874,ECON,100,4.689996649738791,2.563705954934225
PHYS100_06875,PHYS,100,3.328591331759925,3.3683181623731504
ENGL500_06876,ENGL,500,4.995730165814998,4.430791213502069
ENGL300_06877,ENGL,300,1.5917458342002253,3.7881185362148924
CHEM400_06878,CHEM,400,1.4399237288106406,4.764969452837695
STAT400_06879,STAT,400,1.049481925888534,2.80183600347325
CS200_06880,CS,200,3.027610037751857,3.737926509356711
PHYS500_06881,PHYS,500,3.407658202889361,1.0215680513233485
MATH500_06882,MATH,500,4.470115179812506,2.184196986924799
PHYS300_06883,PHYS,300,1.6239429406983161,1.9622110391239755
BIO500_06884,BIO,500,2.3391444814335336,4.051942144746446
CS500_06885,CS,500,3.3189893797758394,3.2037707114331453
PHYS300_06886,PHYS,300,4.16748630387824,4.046893774836272
STAT200_06887,STAT,200,1.2993673170058613,3.941864356904535
STAT500_06888,STAT,500,1.729900040966839,1.7157713766906952
ENGR300_06889,ENGR,300,2.9550663855939736,1.9606182677966197
ENGL200_06890,ENGL,200,3.487215256122122,2.336293422521163
ENGR200_06891,ENGR,200,2.0532606854481976,1.4560567709225305
PHYS200_06892,PHYS,200,3.6217135212872984,3.0509034045830083
ENGR500_06893,ENGR,500,3.5851090257630798,1.9307809152282567
STAT200_06894,STAT,200,4.968981330101389,3.052254080809857
CHEM400_06895,CHEM,400,3.755443570128777,3.259910813644065
STAT200_06896,STAT,200,3.6580849031510665,4.861253581761193
ENGR500_06897,ENGR,500,2.3682113996519067,2.0552341066839337
CS500_06898,CS,500,4.795650369289039,1.8417061045518954
STAT200_06899,STAT,200,1.7464600474338403,2.6095215449084717
CHEM100_06900,CHEM,100,4.348720161171688,2.7421321231732323
ENGR100_06901,ENGR,100,1.4824348060641923,4.134406278830556
CS500_06902,CS,500,1.680256762829174,1.6391775692923467
ECON200_06903,ECON,200,4.2870418742959,2.309042228399035
ECON300_06904,ECON,300,1.4184953313051132,2.6020661507054728
ENGL100_06905,ENGL,100,3.3489482933920365,1.4493069529889842
ENGL200_06906,ENGL,200,3.228567842987828,3.6562459021691978
CHEM200_06907,CHEM,200,3.916422237847615,3.471382257268264
PHYS400_06908,PHYS,400,1.7934010537916607,2.9633689383175397
ENGL500_06909,ENGL,500,2.316302118800873,1.3607202677538677
BIO500_06910,BIO,500,1.8814175918222942,4.151163573888368
PHYS300_06911,PHYS,300,4.548025871581618,1.5363031567449124
ENGR100_06912,ENGR,100,1.1018076540069788,1.4930001031020508
CHEM500_06913,CHEM,500,3.3477405453099225,2.03623900481865
BIO400_06914,BIO,400,1.1233773487797944,4.333873793494984
MATH500_06915,MATH,500,3.7038946398759705,3.382608342375103
ENGR300_06916,ENGR,300,3.7537455890861273,2.704041992468881
CHEM200_06917,CHEM,200,4.0643649291010355,4.657063414642936
PSYCH100_06918,PSYCH,100,4.017637026711299,4.373076659300967
MATH100_06919,MATH,100,4.795480487807657,2.321567012042742
ENGL100_06920,ENGL,100,4.602974545809245,4.2472378993493365
ENGR300_06921,ENGR,300,1.6901560804671183,2.4933518739907887
STAT300_06922,STAT,300,4.681428523858386,4.441447582689523
CS200_06923,CS,200,4.274572842395025,4.0557304274732
PHYS400_06924,PHYS,400,2.6855311235974035,1.889103141431503
PHYS100_06925,PHYS,100,2.0970128378902,4.0756257838899
CS200_06926,CS,200,2.97281423659891,4.297588797684202
ENGR300_06927,ENGR,300,3.9258601307657117,3.577305098743196
PSYCH200_06928,PSYCH,200,1.039752214645656,3.3945636264686354
BIO300_06929,BIO,300,2.215021438106079,2.0002547753242625
BIO500_06930,BIO,500,1.4979065132513156,2.389034429068463
CS300_06931,CS,300,1.5884160352112375,3.3083100775982555
CS400_06932,CS,400,4.411117602135806,4.696003151275292
STAT100_06933,STAT,100,1.9378143196426083,2.4543983992167293
MATH400_06934,MATH,400,3.5826837709247936,1.80705964820643
PHYS500_06935,PHYS,500,2.146271738884145,2.444875814968267
STAT200_06936,STAT,200,1.8394984246726303,1.3067393584459275
ECON100_06937,ECON,100,2.727989243715049,2.5460892474423438
MATH300_06938,MATH,300,1.3147477063007016,3.185250077260584
PSYCH400_06939,PSYCH,400,1.5921192513852254,1.0668053031773006
MATH200_06940,MATH,200,2.7528337093850808,2.3230356815538076
ECON500_06941,ECON,500,1.2429552910140576,1.7123349506828478
PHYS500_06942,PHYS,500,4.720181145205149,4.26812680883172
CS200_06943,CS,200,2.8301772461069326,4.873533364786931
BIO300_06944,BIO,300,4.535762287580244,2.1914499348339223
ENGR400_06945,ENGR,400,3.9996087305787604,1.6120448605188131
PSYCH200_06946,PSYCH,200,4.512015641655572,3.004588635805339
ECON300_06947,ECON,300,1.983570863800713,4.307782976125893
PSYCH100_06948,PSYCH,100,3.885639842478029,2.583777851308937
PHYS100_06949,PHYS,100,2.4047867455453726,2.9327168303671916
PHYS200_06950,PHYS,200,2.9852745928708955,3.169706127030748
ECON300_06951,ECON,300,1.8221756900036188,1.4089257003944273
PSYCH100_06952,PSYCH,100,3.662389713956973,4.8341675816411644
ENGL200_06953,ENGL,200,2.8162559721517746,3.113599026380991
ECON100_06954,ECON,100,2.3483200570944933,2.164270621305709
PHYS500_06955,PHYS,500,4.122691536399192,1.7727723517883387
ENGL500_06956,ENGL,500,2.217120142441561,3.7291896580250548
PSYCH100_06957,PSYCH,100,4.34664774460257,1.7277242463724463
CS400_06958,CS,400,3.830379376489527,2.262822858866418
ENGR400_06959,ENGR,400,2.011971796077235,2.170112152105476
ENGR400_06960,ENGR,400,3.3330470593987123,1.2522747603378601
ECON300_06961,ECON,300,4.433496871553768,2.6822214703579874
PSYCH400_06962,PSYCH,400,1.8870436809831252,3.732748525345123
CS100_06963,CS,100,3.284834825754815,2.1223255243404036
ENGL200_06964,ENGL,200,4.154838476733534,4.2349683616031735
CS200_06965,CS,200,1.0069333017255868,4.999381649482778
STAT500_06966,STAT,500,1.273792565248534,2.186006923140536
ENGL500_06967,ENGL,500,2.5937356242161806,2.1395423581828568
ENGR300_06968,ENGR,300,4.231960932521022,3.0143176072412965
PHYS500_06969,PHYS,500,2.0206523809695947,1.5417242147290922
PSYCH500_06970,PSYCH,500,4.149229860011308,3.229141749888639
CHEM500_06971,CHEM,500,2.405832113116632,3.868598489883421
PHYS100_06972,PHYS,100,3.2313719300837307,1.3694450636428255
ENGR100_06973,ENGR,100,2.0396810144063644,1.4581610729434558
PHYS100_06974,PHYS,100,1.7912798454043353,1.0256212052601503
ENGR500_06975,ENGR,500,2.4974636397009147,1.837707091328118
CS300_06976,CS,300,3.686779344922137,1.385188534151594
ENGR400_06977,ENGR,400,1.3458299044002766,1.0765785664858525
PHYS100_06978,PHYS,100,3.412979508156713,2.4546215938047817
ECON200_06979,ECON,200,4.336431534305649,1.0154342073374387
ECON400_06980,ECON,400,4.359342501392041,4.45675441016421
STAT300_06981,STAT,300,2.4017271217539107,2.276150116904407
ENGL100_06982,ENGL,100,1.7792025661978093,1.6359453919731775
STAT200_06983,STAT,200,2.0834604566402763,4.401074444207914
ECON300_06984,ECON,300,1.5090793625196315,1.8431132671812835
ENGL300_06985,ENGL,300,3.76416399289974,3.7780614257322904
ENGL300_06986,ENGL,300,3.991627608348439,1.7469312130926138
CS200_06987,CS,200,3.9419753499851082,1.4038798170719362
ENGR100_06988,ENGR,100,2.905674650618971,4.700119091232894
STAT400_06989,STAT,400,2.5361690915822117,4.558180268438948
ECON200_06990,ECON,200,1.7384390793788187,1.30969519946709
PHYS400_06991,PHYS,400,1.6843230369915259,3.7819235137657574
STAT400_06992,STAT,400,2.4246972765764023,4.611346618473679
CHEM400_06993,CHEM,400,4.187724871469601,4.0725447970220685
ECON500_06994,ECON,500,3.381447988974305,1.7217769173938353
ENGL100_06995,ENGL,100,3.2846195008971764,2.0102146577871767
ENGL500_06996,ENGL,500,1.004900455067948,4.5947321440258335
MATH300_06997,MATH,300,1.23319297263284,3.745913133394941
CHEM500_06998,CHEM,500,2.3651351774788716,1.330802271306022
ENGR300_06999,ENGR,300,3.232794405812533,4.7058884307775095
ECON200_07000,ECON,200,3.198782466804159,3.418905456087654
STAT200_07001,STAT,200,3.7700387694880706,2.65557666757747
STAT200_07002,STAT,200,4.939737155352088,4.535357874277974
ENGL400_07003,ENGL,400,2.08781151388718,4.658098071375352
PSYCH300_07004,PSYCH,300,3.678847136387383,2.45907371161254
ENGR100_07005,ENGR,100,4.900922733183557,2.159248264970965
ENGR400_07006,ENGR,400,4.52950295383498,2.1418893815182463
BIO300_07007,BIO,300,2.8305927408855225,1.8408334877778443
PSYCH500_07008,PSYCH,500,4.92300206724949,3.734369884827947
ECON200_07009,ECON,200,3.0109035682344008,3.599370944258516
STAT500_07010,STAT,500,4.013033416740733,2.0471886291687875
CS100_07011,CS,100,2.709911853372502,2.21203057128947
PHYS500_07012,PHYS,500,4.5487757873678945,3.776626721028832
CS100_07013,CS,100,4.051185703259013,1.2772365047331835
STAT100_07014,STAT,100,2.873174897936173,4.544344357632032
PSYCH100_07015,PSYCH,100,2.065479539203893,2.504614962076571
PSYCH200_07016,PSYCH,200,3.9244740609998296,1.7086399035618123
CS100_07017,CS,100,4.326959586815043,3.507740436161277
PHYS100_07018,PHYS,100,4.67087059941294,3.997060102205627
CS100_07019,CS,100,2.007620149387755,1.7533454322063111
CS200_07020,CS,200,4.952910115928175,4.049877767151367
CHEM300_07021,CHEM,300,3.6983978017365295,2.3984892547878114
ENGR300_07022,ENGR,300,3.6573911129321575,4.2572369722935886
PSYCH100_07023,PSYCH,100,1.3111805778298913,1.3991163199546373
BIO300_07024,BIO,300,4.013193109386989,2.9771697117905593
BIO500_07025,BIO,500,3.0798020276942366,1.6155371595009504
CHEM500_07026,CHEM,500,1.1081455496700392,2.596190057439646
CS300_07027,CS,300,1.6996119789865518,1.8252322208977554
BIO100_07028,BIO,100,4.188275352420092,4.329484709382287
CHEM100_07029,CHEM,100,2.083773024917415,4.5050482319335625
CHEM500_07030,CHEM,500,3.2361961052748733,1.234781048082478
CS300_07031,CS,300,1.743521236068855,2.6083490280054438
ENGR400_07032,ENGR,400,3.3079926269790785,3.4351391393480415
MATH200_07033,MATH,200,1.308277231318431,2.86921661545049
ENGR500_07034,ENGR,500,1.0355647790786557,4.976382289639542
PHYS100_07035,PHYS,100,4.99675271935279,4.27580703774345
STAT200_07036,STAT,200,3.4006980150998616,2.630185585211868
BIO100_07037,BIO,100,2.642246440866987,2.618749346324582
CS400_07038,CS,400,3.176735077948844,2.079399958009275
BIO500_07039,BIO,500,2.7518354905053655,1.8459131876674872
ECON300_07040,ECON,300,4.8110992778153765,2.7099232594704676
PSYCH400_07041,PSYCH,400,3.5110655107619015,4.243999282559459
ECON400_07042,ECON,400,4.656143986172337,1.4987770586566715
ECON400_07043,ECON,400,3.617000921081851,1.511639669420219
CHEM500_07044,CHEM,500,3.590611736417585,3.6834615763575997
PSYCH100_07045,PSYCH,100,4.2677157908119066,1.6734357738890178
ECON300_07046,ECON,300,3.8148127432897474,2.6770217243400336
BIO300_07047,BIO,300,4.544141629652472,4.5310911886574186
ECON200_07048,ECON,200,4.105137385482749,3.425407267660829
STAT400_07049,STAT,400,1.0011983288874755,4.397091382765069
ECON300_07050,ECON,300,3.331776067548945,4.807234454946366
CHEM300_07051,CHEM,300,4.295863910624735,2.0910096040572177
ECON200_07052,ECON,200,1.9364449104278063,3.0237870643899734
PSYCH100_07053,PSYCH,100,2.8766631755739414,3.9348418225660713
BIO400_07054,BIO,400,2.2349838901868373,4.0705553893355795
ENGR100_07055,ENGR,100,4.312855080808785,3.800569942384408
BIO300_07056,BIO,300,1.4501939314541912,4.559340616957886
ECON400_07057,ECON,400,3.6688236963361125,3.053534601202666
CHEM200_07058,CHEM,200,3.1661056775770855,4.256227844829736
STAT400_07059,STAT,400,3.944926909591455,3.5990331474291204
PSYCH300_07060,PSYCH,300,4.290638943725664,1.1242890673562118
ENGL400_07061,ENGL,400,1.0947126913404372,4.535232240592059
STAT100_07062,STAT,100,1.182583427115651,1.0955808443001782
PSYCH100_07063,PSYCH,100,4.037650253217967,3.495769112745986
PSYCH500_07064,PSYCH,500,4.125060429807416,3.0005394719316243
BIO400_07065,BIO,400,2.600397288157239,3.3083741778876736
PSYCH400_07066,PSYCH,400,2.1760468460479743,4.1974698474201455
ENGR100_07067,ENGR,100,1.932026840603927,1.0840356930948163
ENGR100_07068,ENGR,100,2.447489285248513,1.2201311202378555
ECON300_07069,ECON,300,3.176269819499203,3.091210487319106
PSYCH400_07070,PSYCH,400,2.497162331527731,2.653712747514776
ENGL300_07071,ENGL,300,1.2572047560499695,1.8031657541249477
CS200_07072,CS,200,3.5909489247681523,4.690176517380342
MATH500_07073,MATH,500,2.983208402449204,1.9535092919877237
CHEM500_07074,CHEM,500,2.4469266525635547,1.9682831136019723
ENGL300_07075,ENGL,300,3.199606487825101,1.6909001701637387
PSYCH400_07076,PSYCH,400,3.6503441415471065,2.0384740285577965
PHYS100_07077,PHYS,100,2.3921169064380203,4.8561134088558475
STAT300_07078,STAT,300,2.0370512011871287,3.8265753846802526
PSYCH500_07079,PSYCH,500,4.6844417468726745,3.6096914277656
MATH300_07080,MATH,300,2.050631096048455,4.1699967449517334
ENGL400_07081,ENGL,400,1.478523650034274,2.1470964287988057
PHYS400_07082,PHYS,400,4.525758371953944,4.780845062436319
ECON100_07083,ECON,100,4.0924750175275495,3.317478173564047
ENGR500_07084,ENGR,500,1.4038586050358508,4.370636303648266
CS500_07085,CS,500,4.793911399660995,3.1804052560498923
CS200_07086,CS,200,1.1129253935057255,4.993084408041643
MATH300_07087,MATH,300,3.6108462185182764,1.9465685605756393
PHYS500_07088,PHYS,500,2.05708093149056,4.392864850066934
PHYS100_07089,PHYS,100,1.2277778502288768,4.5339906121407685
BIO500_07090,BIO,500,1.9915838322058983,4.759915167842603
ECON300_07091,ECON,300,4.515775963863954,2.52618290762874
PSYCH300_07092,PSYCH,300,1.596174964450122,3.0730716016610327
ECON300_07093,ECON,300,1.6674650438690928,3.827522728082115
BIO100_07094,BIO,100,2.539078230810536,3.7246816061796872
PSYCH500_07095,PSYCH,500,3.7093795624482935,2.866632137977504
ENGR500_07096,ENGR,500,4.578178661940363,4.2414895803829875
BIO200_07097,BIO,200,2.301303150418334,4.717663697021551
CHEM400_07098,CHEM,400,4.704297735020976,1.0302597921836436
ENGL200_07099,ENGL,200,1.0770248730010974,3.6661097801196476
ENGR300_07100,ENGR,300,3.426759987757762,4.045258001100718
CHEM100_07101,CHEM,100,3.025308049002591,1.6783829800330086
CHEM500_07102,CHEM,500,4.647754943676418,4.9853999155435424
CHEM300_07103,CHEM,300,4.0757673950352125,2.7916693731643543
PHYS100_07104,PHYS,100,1.9308867390255702,1.369822713758845
PSYCH300_07105,PSYCH,300,1.4826213048689945,4.013282105800183
CS100_07106,CS,100,2.2208174383309602,1.7536234637181538
BIO400_07107,BIO,400,2.635475558792648,1.8726502851492395
BIO200_07108,BIO,200,1.8668991527593048,1.0671208200257096
ECON100_07109,ECON,100,3.0426380946123484,4.256010896988263
PHYS200_07110,PHYS,200,4.078533358529297,4.723678432665592
STAT100_07111,STAT,100,2.0157390169538956,3.930322646048316
PHYS400_07112,PHYS,400,1.758450782312957,2.479999067251248
CHEM500_07113,CHEM,500,4.4395289504916455,3.9926748754534076
PHYS300_07114,PHYS,300,1.1866639590725492,4.079431050162108
STAT500_07115,STAT,500,4.445983439361476,3.926501951248887
ENGR300_07116,ENGR,300,1.1867369849456417,4.912446334543347
ENGR300_07117,ENGR,300,4.2948750810682945,1.800287432274267
MATH200_07118,MATH,200,3.3314248989959587,2.766825113304017
ENGL100_07119,ENGL,100,3.7022413787967006,4.379786348571745
PHYS200_07120,PHYS,200,4.136655169309494,2.776387061978399
ECON100_07121,ECON,100,3.9830638661471207,4.767921446204658
PHYS500_07122,PHYS,500,4.303587407300517,4.378515599611719
ECON100_07123,ECON,100,1.277363709586539,3.8115216832684555
BIO200_07124,BIO,200,2.7105936474647927,3.8199720674913054
ECON300_07125,ECON,300,2.0251077571398217,4.470238858807903
BIO300_07126,BIO,300,4.582915960219669,1.5138615514164715
CS100_07127,CS,100,1.2061136766535427,4.602737451276146
ENGR400_07128,ENGR,400,2.625541004648374,4.521830901928711
ENGL500_07129,ENGL,500,3.7070874350427054,4.614687208545604
MATH300_07130,MATH,300,2.894232479830949,4.509205265726585
PHYS200_07131,PHYS,200,2.5197005204316745,2.6343950615360843
CS100_07132,CS,100,4.462407825756182,2.451602309383555
CS400_07133,CS,400,2.104307125693195,2.036758379580302
BIO100_07134,BIO,100,4.030726236705037,1.2582560940675598
PSYCH100_07135,PSYCH,100,2.0918069265051353,1.7575537478786787
STAT100_07136,STAT,100,2.2574261501844664,4.737918923883737
MATH100_07137,MATH,100,4.840482437626342,3.87527845302541
CS300_07138,CS,300,4.5708947008937475,1.7614936728100328
BIO500_07139,BIO,500,2.5870399151613963,4.36696937478113
MATH500_07140,MATH,500,1.4060653201352267,2.3813517578071894
BIO300_07141,BIO,300,3.9580417260200615,1.3657410950843598
MATH500_07142,MATH,500,2.200262334636124,3.6935500095982317
CS300_07143,CS,300,4.911522898810493,1.2805484075382276
CHEM400_07144,CHEM,400,2.6308832447953616,4.254467337637824
PSYCH400_07145,PSYCH,400,1.2106038538131618,1.4733224914579366
CHEM300_07146,CHEM,300,1.3596106839809763,4.154004950487885
ENGL400_07147,ENGL,400,4.229158115201832,3.202063819533984
STAT100_07148,STAT,100,1.4800917817678831,2.9648968931369644
PSYCH300_07149,PSYCH,300,2.8822372873747804,1.8004574849686392
ECON100_07150,ECON,100,3.6592529631214523,2.8841149181188817
CS300_07151,CS,300,2.288491729230001,1.9724123416230208
CS200_07152,CS,200,1.0733263882882986,3.470909601644148
MATH500_07153,MATH,500,3.9748158757761645,1.4299817327583297
PSYCH100_07154,PSYCH,100,3.8285728230535647,2.0087708224513223
ENGR100_07155,ENGR,100,2.3404587510292227,1.4241228376370154
ECON200_07156,ECON,200,4.245123379928188,1.252858966466205
CHEM300_07157,CHEM,300,4.64312472646709,1.9522222719802231
PSYCH400_07158,PSYCH,400,4.38814330526723,4.762343227758839
STAT500_07159,STAT,500,1.6655111385437964,1.0484899311194567
PSYCH500_07160,PSYCH,500,3.004695647600378,2.498087926891114
CHEM500_07161,CHEM,500,4.780814012687337,2.989853860102634
BIO400_07162,BIO,400,2.7384235676219455,3.266775980596968
PHYS400_07163,PHYS,400,3.451424880180381,1.0105220262414751
MATH300_07164,MATH,300,1.2098491515954617,2.7396300047636806
PHYS100_07165,PHYS,100,2.5628703750729427,1.1956771658453684
ENGL300_07166,ENGL,300,4.513531409395613,4.725148560796931
STAT400_07167,STAT,400,4.748751129626564,3.447232270795338
ENGR300_07168,ENGR,300,4.876704121156738,4.995936491141665
BIO100_07169,BIO,100,1.8107575645715506,1.0413354675629845
STAT200_07170,STAT,200,4.788942346877686,2.166805662280568
STAT100_07171,STAT,100,1.309674181351844,4.695657092032504
MATH500_07172,MATH,500,3.157123095126934,1.9107604778775529
BIO200_07173,BIO,200,1.7215529999899446,1.0887444879743313
ENGR400_07174,ENGR,400,4.316942344148831,3.3831634579622674
BIO400_07175,BIO,400,3.750232946983027,2.8978487430838644
CHEM200_07176,CHEM,200,4.4459490407157745,1.426643391748276
BIO200_07177,BIO,200,2.7609038205783047,4.245485565208638
BIO200_07178,BIO,200,3.5844111624770756,3.10020558961261
BIO300_07179,BIO,300,1.7230449033076876,3.066413237304953
PHYS300_07180,PHYS,300,4.480285572841974,2.886690169837163
ENGR100_07181,ENGR,100,3.307837245633594,1.2414286060324842
BIO200_07182,BIO,200,2.1235711174026437,1.6514097548730815
ECON100_07183,ECON,100,3.7167050324656707,1.9806947903420085
STAT200_07184,STAT,200,3.9719254758447478,3.8856418450972985
PHYS400_07185,PHYS,400,2.0245836728544235,1.715241309408622
STAT100_07186,STAT,100,3.95430017440856,4.76438445593312
CHEM500_07187,CHEM,500,2.804910088883994,2.574736075895908
MATH500_07188,MATH,500,2.6855240091807255,3.735764327701065
CHEM200_07189,CHEM,200,3.869522750761399,1.667419128547377
PHYS100_07190,PHYS,100,1.8597981325117257,3.431045733797823
STAT400_07191,STAT,400,4.479907126623347,2.356809786080515
ENGR400_07192,ENGR,400,2.8331420981646374,3.4069848171312325
MATH500_07193,MATH,500,1.721982944290335,3.3454234340210847
CS300_07194,CS,300,2.346669616262594,2.8468826484689727
STAT100_07195,STAT,100,1.603921182167955,2.483403110785442
ENGL500_07196,ENGL,500,3.3878898297045184,2.686761861349295
MATH400_07197,MATH,400,2.108385754440827,1.5877606733446799
ENGL400_07198,ENGL,400,2.9947886050447603,3.6364878772051514
BIO100_07199,BIO,100,2.445860470976257,4.0531352298796826
CS200_07200,CS,200,2.8034321468256977,4.857473337566679
ENGR300_07201,ENGR,300,4.463799327484454,2.7242608358353095
PHYS100_07202,PHYS,100,3.9646194845094826,4.82337434812862
CS300_07203,CS,300,2.7496124434449167,1.7274309864289026
PHYS300_07204,PHYS,300,1.6231025765569247,1.8616120414302926
ENGL100_07205,ENGL,100,2.882867106943088,2.798053451082333
STAT300_07206,STAT,300,2.8260022902222155,2.334083656019664
PHYS500_07207,PHYS,500,4.859534582507852,3.404215193899655
STAT300_07208,STAT,300,3.0672306240355542,3.6241918993838866
ENGR300_07209,ENGR,300,4.306655988367712,4.101465654031626
BIO500_07210,BIO,500,2.659250086872189,3.9918285237401747
ENGL200_07211,ENGL,200,3.16753562296495,4.166830744935107
PHYS300_07212,PHYS,300,2.9269021410522056,3.4379045160757014
CHEM100_07213,CHEM,100,3.9759578531634325,2.625759690431859
ENGR100_07214,ENGR,100,4.704458522031256,2.377445349886246
MATH100_07215,MATH,100,1.4091536660860924,3.69653252872773
ENGR300_07216,ENGR,300,4.319044756848305,4.271656983334147
CS200_07217,CS,200,2.602808265713599,3.5924838215913995
STAT200_07218,STAT,200,2.518226698170426,3.6465394142315466
CS100_07219,CS,100,3.8675810717536825,4.08878178418334
ENGL100_07220,ENGL,100,2.7306757561981376,1.7232031166562427
BIO200_07221,BIO,200,2.601462649055929,3.5731697366752706
MATH300_07222,MATH,300,2.364956562407086,3.191216921565292
CHEM500_07223,CHEM,500,4.77903632615774,3.3859263842739797
ECON500_07224,ECON,500,2.172170858445255,3.1700147411800415
ENGR100_07225,ENGR,100,2.1570896015653065,3.9529374502901726
BIO300_07226,BIO,300,4.868252109935719,1.0959744678656396
BIO100_07227,BIO,100,3.554818082413429,4.2908081802201234
PHYS100_07228,PHYS,100,1.888246917869567,1.2131332715911296
PSYCH300_07229,PSYCH,300,3.506566533545662,1.6230573864670061
ECON500_07230,ECON,500,4.035333266874886,1.5215864178190044
ENGL400_07231,ENGL,400,4.0145114882885835,3.584149836978857
CS100_07232,CS,100,2.1323691327909,4.862278319775264
ENGL100_07233,ENGL,100,3.6193037568660955,2.1651736225860194
PSYCH500_07234,PSYCH,500,2.04301381550097,3.886995603583711
STAT100_07235,STAT,100,3.6924133693214714,1.5848617664998526
CHEM500_07236,CHEM,500,2.1097642294738526,4.139113633599671
BIO100_07237,BIO,100,3.426710738151728,2.57055300739717
ENGR500_07238,ENGR,500,1.4760878088035199,1.0289941425952756
ENGR300_07239,ENGR,300,3.963159306512627,2.95774927109581
CS500_07240,CS,500,3.7624835530205214,4.521281134464555
STAT100_07241,STAT,100,1.1730504304761276,2.1230652472075064
ECON100_07242,ECON,100,3.641449597662337,4.8202265125582855
PSYCH500_07243,PSYCH,500,3.3258161847080485,2.9043073758278974
CHEM300_07244,CHEM,300,2.9440335995762243,4.097456012673181
ENGR200_07245,ENGR,200,3.579015100424209,2.5065709992122813
ECON400_07246,ECON,400,2.0759957392755144,3.9608293900018743
PHYS400_07247,PHYS,400,1.6112300347815403,3.5080159796939725
PHYS400_07248,PHYS,400,2.9907692430523345,2.9377665998037
ECON100_07249,ECON,100,3.9784148820970944,4.531764518960264
ENGR100_07250,ENGR,100,4.1620154220011685,1.0969111442373878
CS400_07251,CS,400,3.7702266699921605,4.585145377656225
STAT400_07252,STAT,400,3.373293803034433,3.1334097217156085
ENGR300_07253,ENGR,300,4.255830292691176,2.006524901829896
CHEM200_07254,CHEM,200,2.2275965971908933,3.532913717261866
MATH300_07255,MATH,300,1.2950297001721847,1.3872981545957632
MATH100_07256,MATH,100,2.116542737960776,2.2026795951627784
PSYCH400_07257,PSYCH,400,3.15894216314504,4.993347275149918
PHYS500_07258,PHYS,500,2.781567986630987,3.3700100777805497
MATH500_07259,MATH,500,2.8629801728874775,1.9169967297860824
ECON200_07260,ECON,200,3.0653813723442895,2.833517762956005
ECON200_07261,ECON,200,1.1537297167541087,1.994687313609771
MATH300_07262,MATH,300,1.8468681892107965,3.143143932246705
PSYCH300_07263,PSYCH,300,1.9816082590431194,1.9235507127239515
PHYS100_07264,PHYS,100,2.2587115446733734,1.4958858940308888
CS200_07265,CS,200,2.814132488869445,2.8221873237319803
PHYS100_07266,PHYS,100,1.2253042284441307,4.568803973335379
ENGL200_07267,ENGL,200,3.272602874913499,4.0432634682360185
CS100_07268,CS,100,3.801683764039866,4.599522846363618
BIO200_07269,BIO,200,1.8950024551667375,1.8432416866200585
STAT300_07270,STAT,300,3.6621267382666693,1.000688716857666
ENGR400_07271,ENGR,400,1.242433777482293,1.0806484401600538
CS400_07272,CS,400,4.67762314392448,3.9930165076267596
STAT400_07273,STAT,400,4.126599877931415,1.1552493096876444
MATH200_07274,MATH,200,4.8723387592340455,2.567252478287522
PHYS500_07275,PHYS,500,2.486988643757128,2.216897261938758
PSYCH400_07276,PSYCH,400,2.5997526990068383,1.7135309868570157
ENGL100_07277,ENGL,100,4.25598313192161,4.349089248034838
ENGR200_07278,ENGR,200,2.1867037560896097,3.941657565650351
BIO500_07279,BIO,500,4.265196676312784,3.1493196823485166
CHEM400_07280,CHEM,400,2.0795039765685024,4.659464219289262
MATH300_07281,MATH,300,3.6214939979721,3.2959595819820855
MATH300_07282,MATH,300,4.819944064644574,3.1816498012354875
ECON100_07283,ECON,100,2.809164116143576,4.0342669901526165
MATH500_07284,MATH,500,2.0136077776135757,2.169381825627665
PHYS300_07285,PHYS,300,2.73937565936366,4.671095792515236
PHYS500_07286,PHYS,500,1.7416312816880648,4.831871114154894
CHEM100_07287,CHEM,100,3.704481190838002,3.0105772060450713
PSYCH500_07288,PSYCH,500,4.382606360839441,3.194391933058328
ENGL200_07289,ENGL,200,4.298188055782792,2.8899357378607133
PSYCH200_07290,PSYCH,200,1.1462163554797562,3.247729264309231
BIO200_07291,BIO,200,1.611580487436207,1.441184758983205
STAT200_07292,STAT,200,4.294075143405563,2.4009515546026132
PHYS100_07293,PHYS,100,3.4245606615860935,3.117811095256626
CHEM500_07294,CHEM,500,3.5513967614774002,4.664904023040451
STAT100_07295,STAT,100,4.918006046687669,4.215308279863337
ENGR400_07296,ENGR,400,3.844521566972944,2.2656318950222207
CHEM300_07297,CHEM,300,2.889927649591212,3.530141304948652
CHEM300_07298,CHEM,300,3.3464911792506737,1.0794751585881053
CS300_07299,CS,300,3.4657022648327676,3.5451252280387235
STAT500_07300,STAT,500,1.167465912541299,2.252425030855918
STAT200_07301,STAT,200,4.792324430717635,3.279872217838952
CS500_07302,CS,500,2.418787249570223,2.236006558254537
ENGL400_07303,ENGL,400,1.0867818491706052,4.484326680023328
MATH200_07304,MATH,200,4.040626782945198,1.708244089016127
BIO300_07305,BIO,300,3.9245751707456344,2.891341653820512
BIO100_07306,BIO,100,3.6061166198938595,3.0318440597867338
MATH300_07307,MATH,300,4.543966991075553,3.8105413283508303
PSYCH300_07308,PSYCH,300,1.1691809075517234,4.114922051790547
CHEM300_07309,CHEM,300,3.407333801401446,1.6198050172911382
PSYCH100_07310,PSYCH,100,3.5546347021948135,3.385866557663025
MATH100_07311,MATH,100,4.549557851784131,3.07692647772864
ENGL200_07312,ENGL,200,4.949609885513107,1.3753784265916114
BIO100_07313,BIO,100,1.819516655071197,3.8565867996875007
CS300_07314,CS,300,4.96012069740552,3.5124675624278536
BIO200_07315,BIO,200,2.822428863985355,3.3189736652744184
PSYCH500_07316,PSYCH,500,1.7363828130165442,4.633533430989994
ENGL500_07317,ENGL,500,3.8395757064508356,3.0512908837499806
STAT300_07318,STAT,300,3.734006101734189,2.3782979000253457
STAT200_07319,STAT,200,4.768402709353081,1.1040797942905667
MATH200_07320,MATH,200,3.809344973581402,2.3031096758577103
PHYS500_07321,PHYS,500,1.2247009314086363,1.9160329080650786
MATH400_07322,MATH,400,3.048763860196759,3.3547092567929933
CS400_07323,CS,400,1.854714203935747,2.7366037581571097
MATH300_07324,MATH,300,1.0149130265847743,2.4769801140322
MATH300_07325,MATH,300,2.7245782054431276,3.4552605385002324
ENGL400_07326,ENGL,400,2.4253469370849334,3.9436777333363446
CS200_07327,CS,200,4.560581361990987,3.853726299066186
PSYCH300_07328,PSYCH,300,1.015426449288292,4.723713134909046
STAT500_07329,STAT,500,3.233299008146162,3.401842879848689
BIO100_07330,BIO,100,4.397303969323907,1.289189598304663
CS100_07331,CS,100,1.3982424854466924,1.5383028214885606
ENGR400_07332,ENGR,400,4.255235896732348,2.6286397486606163
CHEM300_07333,CHEM,300,4.574539633657714,2.4792876715686543
ENGR100_07334,ENGR,100,1.6889997574329656,3.004329036863542
MATH100_07335,MATH,100,1.2957750167882311,2.538868062257982
ENGR100_07336,ENGR,100,1.883987377415302,1.0144307651376177
BIO400_07337,BIO,400,4.6091348187083625,4.086811184645656
ECON200_07338,ECON,200,1.9183554617508225,1.1441990020730235
CHEM100_07339,CHEM,100,3.125831714455913,2.7527787200839624
BIO100_07340,BIO,100,1.5207490407600592,2.5347606580884388
CHEM200_07341,CHEM,200,4.483554373672321,3.1945783862584394
STAT500_07342,STAT,500,3.2183414374408175,3.935089147422267
PHYS100_07343,PHYS,100,1.7209441525125024,3.535067588159638
ECON300_07344,ECON,300,4.364253241308285,1.4391252586752081
MATH500_07345,MATH,500,3.5751119059093552,4.977375445181812
MATH500_07346,MATH,500,2.265243518678339,1.223841716308677
PHYS100_07347,PHYS,100,2.2717517660682343,3.379732293637692
BIO200_07348,BIO,200,2.0979011400947947,3.4388852541979733
ENGL200_07349,ENGL,200,4.3871107713235675,1.0051257295796718
CHEM400_07350,CHEM,400,4.054056215931367,1.990140476040664
MATH200_07351,MATH,200,2.613651834686202,1.7038513690223462
ENGL200_07352,ENGL,200,2.815532416285493,4.244853891805521
MATH500_07353,MATH,500,1.5613708780633382,4.091457997293221
PSYCH200_07354,PSYCH,200,3.4738201193672014,2.143197518983216
STAT400_07355,STAT,400,4.32613609938507,2.385785175154362
MATH500_07356,MATH,500,2.3116946047886517,3.034743096720829
CHEM500_07357,CHEM,500,2.5792169424981095,1.1111813639923542
PHYS400_07358,PHYS,400,1.8060612854151747,3.075155186998475
ECON500_07359,ECON,500,1.3808902301330712,4.623778439885212
MATH200_07360,MATH,200,2.407338144296804,1.8540869495816925
PHYS300_07361,PHYS,300,1.39248944139224,4.976143219608943
BIO300_07362,BIO,300,3.9966647515589626,3.2282323476827264
PSYCH500_07363,PSYCH,500,2.6844782586544658,2.8300701910713895
STAT300_07364,STAT,300,3.3103936487648093,2.2594970963409233
CHEM500_07365,CHEM,500,4.222308444124988,3.922903272361126
ENGR300_07366,ENGR,300,3.544382635465888,4.465734342049037
ECON200_07367,ECON,200,3.7255217617289578,4.312401466003948
ENGL400_07368,ENGL,400,4.652309077196187,1.5829821212992075
ENGR100_07369,ENGR,100,2.4993258724267684,2.8371515347772003
PSYCH400_07370,PSYCH,400,4.145815447329223,3.616761985616139
ENGR100_07371,ENGR,100,3.8928796379428663,1.317688637356695
ENGR300_07372,ENGR,300,1.2422803613262197,2.6307888119890595
PHYS500_07373,PHYS,500,4.1421185517516275,3.6699350213848128
ENGL100_07374,ENGL,100,2.7237076418551656,2.5493079183509932
STAT200_07375,STAT,200,3.3044911593597703,2.5213082641052535
ENGL200_07376,ENGL,200,4.86063304926757,3.405555886155212
STAT200_07377,STAT,200,2.3305390751407518,1.0145877157482857
PHYS400_07378,PHYS,400,3.9338247187754853,2.5408917697746185
ENGL100_07379,ENGL,100,4.469751259126593,4.773062608802153
ENGL200_07380,ENGL,200,1.8510000180335986,3.643353415912245
MATH100_07381,MATH,100,4.1307896294227255,4.3726927626198355
MATH500_07382,MATH,500,1.1915995971633588,2.3944335446638028
PHYS400_07383,PHYS,400,2.3616312480397426,2.5811456162962254
PSYCH400_07384,PSYCH,400,1.3034583743630983,1.393818140825584
MATH500_07385,MATH,500,1.1088472538515202,3.337785746392346
STAT100_07386,STAT,100,1.0618985299149992,3.5641185937687174
MATH100_07387,MATH,100,3.0649661922571516,4.110038502086524
ENGL400_07388,ENGL,400,4.600635638243602,4.513215197447114
CS100_07389,CS,100,2.9952554123637953,4.765963830981093
ECON400_07390,ECON,400,3.342732279867314,4.207711573713734
ENGL400_07391,ENGL,400,4.2975114783281025,3.307322397440831
CHEM400_07392,CHEM,400,4.359972323103975,3.681580643578472
PHYS200_07393,PHYS,200,2.0203057572784364,2.6783601071634453
CHEM200_07394,CHEM,200,1.7194166797759238,2.1844323739299907
PHYS200_07395,PHYS,200,4.646493806056513,2.129179362950918
MATH400_07396,MATH,400,4.622944550198749,3.572717319818684
MATH300_07397,MATH,300,4.773032601649543,4.216136532758316
MATH300_07398,MATH,300,4.480185620708614,1.091277887981502
ECON200_07399,ECON,200,3.520533719492139,2.4216068100549935
PSYCH400_07400,PSYCH,400,3.9142204412990838,3.3394500429645024
PSYCH500_07401,PSYCH,500,2.3182323732611776,4.248102816532322
STAT100_07402,STAT,100,2.9407917020087986,1.7605024966035563
ECON500_07403,ECON,500,1.33378562212613,2.7639963509179815
ENGL400_07404,ENGL,400,1.664771172725585,3.9658107890727807
ECON400_07405,ECON,400,4.374550151219385,2.2294523692817236
MATH400_07406,MATH,400,4.406808596932629,2.2126471438604978
ECON100_07407,ECON,100,4.375623081565448,2.3058373605999085
ECON200_07408,ECON,200,4.538249027518951,2.933428703598447
ECON300_07409,ECON,300,3.468229856005574,3.1067766937047923
PSYCH500_07410,PSYCH,500,1.6418391452116232,1.9683659842611574
PSYCH200_07411,PSYCH,200,3.498806643510253,1.5839292856762146
ENGL100_07412,ENGL,100,1.7762246903783243,3.2647950851046392
MATH400_07413,MATH,400,1.9816140414815067,1.6586067222763452
BIO400_07414,BIO,400,2.421465541319837,2.917328429610824
PSYCH300_07415,PSYCH,300,1.067493474244328,4.68098519615323
MATH100_07416,MATH,100,3.3311623368467997,2.4642750322109346
PHYS200_07417,PHYS,200,4.442109960968375,2.4027161245403095
PSYCH100_07418,PSYCH,100,3.4384165834995772,1.0439378870999216
ENGR300_07419,ENGR,300,1.3414119519880923,4.7700054626569806
ECON300_07420,ECON,300,3.8925957094417014,2.761608862151336
STAT500_07421,STAT,500,2.1238024193686615,2.957858268720886
CS200_07422,CS,200,1.9184779320025376,1.2209618834449656
MATH500_07423,MATH,500,3.458439248940922,1.9408762331848148
CS400_07424,CS,400,4.89746527779422,3.883189899120922
MATH300_07425,MATH,300,4.677764708766979,1.8725617705370827
BIO100_07426,BIO,100,3.9969610433575844,4.608703009155592
PHYS200_07427,PHYS,200,4.261649430453916,4.45262095916186
ENGL300_07428,ENGL,300,3.3151905447206467,1.2078561122318128
MATH100_07429,MATH,100,4.151410866238539,3.5394888496347123
ENGL500_07430,ENGL,500,3.4048666817681017,4.500723041885259
ECON300_07431,ECON,300,1.9118821737810836,3.913248680710288
ENGR200_07432,ENGR,200,4.047535871583602,2.0156541641863015
CHEM200_07433,CHEM,200,4.015064498554848,3.9444522940862057
ENGR100_07434,ENGR,100,1.264707328404337,2.1348261744699566
PHYS200_07435,PHYS,200,4.213510274845758,1.137655083035917
ECON100_07436,ECON,100,4.955988344394424,2.094284114382884
STAT200_07437,STAT,200,4.485170099543992,1.1714743005396837
ECON500_07438,ECON,500,3.8019463432042975,2.4395310257941865
PSYCH100_07439,PSYCH,100,3.5414592190390164,2.035619047761573
STAT500_07440,STAT,500,1.5936245057640162,4.380554537727051
STAT300_07441,STAT,300,3.003784915465582,1.0415666535971835
CHEM100_07442,CHEM,100,1.7058419120400266,3.655465608449809
PHYS500_07443,PHYS,500,4.15169065472508,2.962521170941676
BIO300_07444,BIO,300,4.535970678980493,4.819504939166812
BIO400_07445,BIO,400,1.0978071969923127,4.348358897592718
MATH200_07446,MATH,200,4.728033544597206,2.196861181792634
PSYCH100_07447,PSYCH,100,4.317416254341061,3.1398649432913057
MATH100_07448,MATH,100,1.6963241690306559,4.042394019765027
ENGR400_07449,ENGR,400,2.7695818687917986,1.0960845999411517
MATH300_07450,MATH,300,1.480953969340995,4.14275451159336
CHEM100_07451,CHEM,100,4.367514344053616,4.195883478856599
STAT400_07452,STAT,400,3.9390876528733774,1.0993729999066035
BIO300_07453,BIO,300,4.377666041010199,3.712233370996583
BIO200_07454,BIO,200,1.5757903839870573,1.7984382610791925
ENGR200_07455,ENGR,200,1.632119388026429,1.2535320379554609
STAT300_07456,STAT,300,4.655513508657993,1.009310505689227
ENGR500_07457,ENGR,500,3.165510088215842,3.0931803961140827
CS400_07458,CS,400,3.6361824727876177,1.3969180787665372
ENGR300_07459,ENGR,300,4.112748994437325,1.9966897177006753
PSYCH400_07460,PSYCH,400,2.8395106562553676,2.214419019482611
PSYCH100_07461,PSYCH,100,3.6696157347087537,4.933945312707329
CS100_07462,CS,100,1.7648724541597742,4.952176544486303
STAT400_07463,STAT,400,4.081554719934241,4.154060361946557
MATH200_07464,MATH,200,4.162997287422119,3.631013747572681
STAT400_07465,STAT,400,2.9413070372762093,3.4972173639445225
PHYS400_07466,PHYS,400,4.429975801039454,2.449893536165486
MATH500_07467,MATH,500,1.6147187555808227,2.0326705010578894
PHYS400_07468,PHYS,400,3.5128299275981383,3.4540111799423143
PSYCH500_07469,PSYCH,500,1.571169114169352,2.2299259198752788
MATH200_07470,MATH,200,2.2086523684382326,3.029120633830757
CHEM200_07471,CHEM,200,1.749123363498681,4.845566417706678
CS500_07472,CS,500,2.648279654629209,2.3432738277395537
STAT100_07473,STAT,100,3.5819633722496125,1.1533390764362528
ECON300_07474,ECON,300,4.391466266617808,4.09940111909622
ECON100_07475,ECON,100,3.960196251350849,1.4094513614122097
ENGR200_07476,ENGR,200,1.0091068666176626,3.690908850599227
PSYCH300_07477,PSYCH,300,1.3110316151124053,1.5023800677404129
ENGR500_07478,ENGR,500,1.1455404718190056,1.1566820171887704
ENGL200_07479,ENGL,200,1.8859694103334737,3.579728311298284
PSYCH200_07480,PSYCH,200,4.50722166430666,1.0943094406917067
PSYCH100_07481,PSYCH,100,1.020907552212801,1.5365307204547936
PHYS100_07482,PHYS,100,1.2394392254835283,3.982274724253054
MATH100_07483,MATH,100,3.3301960909598467,1.158773001097098
ENGR400_07484,ENGR,400,3.3762288468342354,1.4425169572086283
ECON100_07485,ECON,100,2.639611086787052,2.433249795100011
ECON100_07486,ECON,100,2.5053036217611475,2.758606959385727
ENGL500_07487,ENGL,500,2.166740625464401,2.2678343286041973
MATH100_07488,MATH,100,3.1425323956700355,4.897523732644006
STAT500_07489,STAT,500,1.565282990255589,3.955083764848876
ENGL300_07490,ENGL,300,1.738237481707277,1.5263120140264426
BIO100_07491,BIO,100,4.600955862873052,3.8234243834083474
ENGL300_07492,ENGL,300,3.234410642150157,4.635873397048523
ENGL100_07493,ENGL,100,1.051111651305353,4.384371901552074
MATH200_07494,MATH,200,2.6118571314674264,4.796028856336715
PSYCH200_07495,PSYCH,200,2.1651357119551777,2.5270207649920655
PSYCH300_07496,PSYCH,300,4.625131130730858,1.5986305379623458
BIO400_07497,BIO,400,1.7484804882976408,1.4755528612771447
STAT300_07498,STAT,300,1.1357378415941244,2.61507069419148
CHEM500_07499,CHEM,500,3.776362490883467,1.296705514936972
CHEM100_07500,CHEM,100,4.241272989029268,1.9675357215383689
PSYCH500_07501,PSYCH,500,4.378787985419358,4.021847485287186
ENGR500_07502,ENGR,500,4.352900451642045,2.9444344714379613
CHEM500_07503,CHEM,500,3.96085409065021,3.8233572252469328
PHYS500_07504,PHYS,500,4.887694843340581,2.3267101757623596
STAT500_07505,STAT,500,4.660732695449646,4.345673461079873
ENGL200_07506,ENGL,200,4.543905519250202,2.283837535069473
PHYS200_07507,PHYS,200,4.427269306391208,3.552642547817442
STAT200_07508,STAT,200,3.4107682979130476,1.0688608919750506
ECON400_07509,ECON,400,4.079073589241547,1.6211635019763406
CS200_07510,CS,200,3.8293641604920143,3.9304563692004755
PHYS100_07511,PHYS,100,3.4297127108470606,3.014075662409827
BIO300_07512,BIO,300,3.9980365387656276,2.325488853428012
ENGL100_07513,ENGL,100,1.1408390351956497,2.0402935559490896
ENGR500_07514,ENGR,500,3.8018873030976965,2.5558679563974342
CHEM200_07515,CHEM,200,4.781825902684568,2.061969620070984
STAT200_07516,STAT,200,1.3433982344553836,4.982907909084579
ENGR300_07517,ENGR,300,3.0251246935947034,2.8407168677384065
STAT200_07518,STAT,200,2.0439255909831826,3.6302719795797667
STAT400_07519,STAT,400,2.996068602910761,2.4886585016913405
CS500_07520,CS,500,3.2391416269380993,1.5817784487169466
CS400_07521,CS,400,2.8269456783100373,1.951218901456008
STAT200_07522,STAT,200,3.5748199393816615,1.992105568050098
PSYCH100_07523,PSYCH,100,3.1894587810665422,2.31302545047855
ECON300_07524,ECON,300,3.977664293249266,1.8352514741529973
ENGR400_07525,ENGR,400,3.673269762955108,4.522442261607239
ECON500_07526,ECON,500,4.3433900765506275,3.9576651183220113
ENGL300_07527,ENGL,300,3.199241498749179,1.798526454652296
PHYS100_07528,PHYS,100,1.397506632343,1.5975359425714308
PHYS200_07529,PHYS,200,1.0589137159194784,4.803823956939814
CHEM500_07530,CHEM,500,3.5902013284563914,2.5606393372641794
MATH100_07531,MATH,100,1.201304895775245,3.2654750724048185
STAT500_07532,STAT,500,2.145478066872927,4.222476619076287
CHEM200_07533,CHEM,200,3.60419966643356,2.629951813611286
MATH500_07534,MATH,500,2.5410792020279684,1.5490694339070759
PSYCH200_07535,PSYCH,200,2.9754061221688577,2.4542436169530246
PHYS200_07536,PHYS,200,3.957728791946426,3.0549856111240405
PHYS400_07537,PHYS,400,1.4484313494705692,2.4564104754032448
PSYCH100_07538,PSYCH,100,4.101699035335971,2.571134796096904
PSYCH400_07539,PSYCH,400,3.380697087628592,1.4232484553234737
PSYCH400_07540,PSYCH,400,4.0712863140625455,4.694229411202858
ENGL500_07541,ENGL,500,4.1352346687283585,3.343946962752492
STAT400_07542,STAT,400,3.4045319234702442,3.3134192318525977
STAT200_07543,STAT,200,1.2996023170599829,3.5818038286855676
STAT400_07544,STAT,400,3.685060005413853,2.6151025958330085
BIO300_07545,BIO,300,1.7507312419467325,3.518582313351018
BIO100_07546,BIO,100,4.584380527093868,1.2643736597420192
ENGL100_07547,ENGL,100,2.095145526569619,1.5801057173760813
ECON400_07548,ECON,400,4.2908398556380085,2.2275007098856707
PSYCH500_07549,PSYCH,500,4.191033364125509,3.7413407235413136
STAT200_07550,STAT,200,4.6184657348322045,3.648368813559485
PHYS400_07551,PHYS,400,4.7925371654340765,2.0795543387944733
PHYS100_07552,PHYS,100,1.7646796106303597,3.2227515834126432
CS100_07553,CS,100,1.8482634958906323,1.3287951764975081
BIO300_07554,BIO,300,3.8777181627666883,3.3519912633146007
MATH500_07555,MATH,500,4.466704561172323,3.163302521402721
PSYCH400_07556,PSYCH,400,1.0587106011694254,2.531969796578986
ECON500_07557,ECON,500,3.5298763493216856,1.5463788009604156
MATH400_07558,MATH,400,4.374531752016708,1.4776812510534936
STAT400_07559,STAT,400,3.524759568827182,4.857525703644442
MATH300_07560,MATH,300,3.79920956007228,3.1139979472604686
BIO100_07561,BIO,100,4.165641076889671,4.798721169955977
CS100_07562,CS,100,2.2154705300546467,2.122954608092641
BIO500_07563,BIO,500,2.1933777829712833,4.17211807988071
ENGR300_07564,ENGR,300,4.33242980856361,4.384708471153392
CS100_07565,CS,100,4.829240106685932,4.69502122763215
PHYS200_07566,PHYS,200,4.233718655633813,2.7454601263823633
BIO500_07567,BIO,500,4.636648870211394,1.8080039715603182
CHEM200_07568,CHEM,200,3.2779317553997624,1.02089150707631
STAT400_07569,STAT,400,4.976873162981812,2.0736514913328126
BIO300_07570,BIO,300,3.84914811644601,1.2587597215130857
PSYCH500_07571,PSYCH,500,2.8487465189658567,1.489912704217434
ENGL400_07572,ENGL,400,4.090113517711355,2.9733113667645905
MATH100_07573,MATH,100,4.507245312816538,4.896803988778397
CS400_07574,CS,400,3.7279671917957162,1.3338426077287577
PHYS500_07575,PHYS,500,4.261814886524944,3.486330980216247
ENGR400_07576,ENGR,400,4.170619756586905,3.2352359413483653
BIO500_07577,BIO,500,4.253751813339733,1.082525420401954
STAT300_07578,STAT,300,3.5986132236894797,2.1584197503027878
CHEM300_07579,CHEM,300,4.910537489696255,2.1537494008392604
BIO500_07580,BIO,500,4.630820128800469,3.517953686459816
ENGL300_07581,ENGL,300,4.04408453574899,3.6038761181694428
ENGL100_07582,ENGL,100,3.451871954198333,3.360334810665051
STAT200_07583,STAT,200,1.6469604632752657,4.350300038811234
BIO300_07584,BIO,300,1.7025540771993235,3.080887589270653
ECON300_07585,ECON,300,4.478879393075966,2.203825150133457
ENGL500_07586,ENGL,500,4.44971257444417,2.6577934538242665
ENGL100_07587,ENGL,100,3.813092127247488,1.0305199630778485
PHYS400_07588,PHYS,400,2.603343449176119,3.1239392529094654
CS300_07589,CS,300,4.4241969699607,1.8166052838917408
ENGR500_07590,ENGR,500,1.4339206946082244,3.3638820344274807
MATH500_07591,MATH,500,2.7668435491984114,3.2882898770600613
PSYCH200_07592,PSYCH,200,2.281479336904659,1.7050099933097695
MATH300_07593,MATH,300,1.8962054866226339,2.958249604628612
ENGR500_07594,ENGR,500,1.2952533674517692,2.942993788810689
ENGR500_07595,ENGR,500,3.1096133682979703,4.076814040923113
STAT500_07596,STAT,500,4.668810225777305,3.345592398598896
STAT300_07597,STAT,300,2.555623975299286,4.60713623157725
PSYCH400_07598,PSYCH,400,4.8148025404078485,4.260041776000607
PHYS500_07599,PHYS,500,3.1562989983161684,1.2956032455872024
ENGR300_07600,ENGR,300,2.6774777345336442,3.2311372024695912
BIO200_07601,BIO,200,3.508750221093124,1.4692886241588905
CS400_07602,CS,400,3.6090700430413793,2.2210982746033348
MATH200_07603,MATH,200,4.988994997006129,4.673858866548086
MATH400_07604,MATH,400,1.0750792541989718,4.212877036229655
ENGL300_07605,ENGL,300,1.269734812381305,1.0790828025530588
CHEM500_07606,CHEM,500,3.2166004013018035,4.124385392519926
BIO400_07607,BIO,400,3.3449849805356475,4.5374081074648975
ENGL500_07608,ENGL,500,2.5666291702966166,1.8010694508318261
STAT100_07609,STAT,100,2.4994353313446287,4.187566020965939
BIO400_07610,BIO,400,1.0062502609614614,4.157303517133437
PSYCH400_07611,PSYCH,400,2.866353066194616,2.450426581088944
ECON300_07612,ECON,300,3.056460196721033,2.4350487226162003
BIO300_07613,BIO,300,4.799006723515981,2.007066499616619
PSYCH200_07614,PSYCH,200,2.092384604504216,2.727204306648442
ENGL200_07615,ENGL,200,3.5149769394043497,4.907217778041096
PHYS500_07616,PHYS,500,1.9111464846916673,2.553169335026451
ECON300_07617,ECON,300,1.9812950731982433,3.1809416817752036
PSYCH100_07618,PSYCH,100,3.0145120508974546,1.7534368877868531
PSYCH500_07619,PSYCH,500,4.954943451616204,4.795963757320201
ENGL500_07620,ENGL,500,3.203568354926424,4.306293421460733
MATH300_07621,MATH,300,4.519905188750036,2.3195153923224114
BIO200_07622,BIO,200,1.1393592346010264,3.0868009628325326
PHYS300_07623,PHYS,300,2.0553548520691156,4.880042286768113
PSYCH400_07624,PSYCH,400,1.2699761053481753,3.265766319862712
ENGR400_07625,ENGR,400,2.6283173595360516,2.2572692910437064
ECON400_07626,ECON,400,3.9012362681939217,2.797102228956803
CS500_07627,CS,500,4.460020707154184,2.4635131780246127
ECON400_07628,ECON,400,3.6148827226287192,3.2388863344760574
ENGL400_07629,ENGL,400,3.108645991575155,2.898580472022206
PSYCH100_07630,PSYCH,100,3.0394712446746968,1.2519051345281302
CHEM500_07631,CHEM,500,3.725046903597498,3.907140804564028
MATH500_07632,MATH,500,2.2615621820905516,1.4959530469840385
PSYCH400_07633,PSYCH,400,1.4033759644118962,3.7176631246849285
BIO400_07634,BIO,400,3.280548097697615,2.9217184992451535
BIO300_07635,BIO,300,2.4196057689387183,4.959847454607173
ECON500_07636,ECON,500,1.7518916015703114,2.5108728857516946
PHYS500_07637,PHYS,500,4.138560573114596,1.0053673538267192
PHYS300_07638,PHYS,300,4.866012075571509,2.4233116250969555
ENGL300_07639,ENGL,300,4.903862152284715,4.983703418469538
MATH200_07640,MATH,200,4.70103029929884,3.302709910681239
PHYS100_07641,PHYS,100,1.027606562510019,3.8508131321580232
ENGL400_07642,ENGL,400,2.6219821350518115,2.4019436980694437
ECON300_07643,ECON,300,1.6508320073171703,3.272433397543849
ENGL400_07644,ENGL,400,1.795854468172002,2.380450070601657
CS500_07645,CS,500,4.379006837117755,2.105550868678948
CHEM300_07646,CHEM,300,1.5657846965788873,4.486278862872545
STAT400_07647,STAT,400,1.7824071359866505,3.543118669076199
PSYCH400_07648,PSYCH,400,3.54234488672689,4.804217945258719
PHYS500_07649,PHYS,500,4.511631092581343,4.271800870381797
ENGR100_07650,ENGR,100,2.5830739196443924,2.303193872817088
PHYS100_07651,PHYS,100,4.121013600917829,2.5866845458131946
MATH500_07652,MATH,500,2.7124765393369397,3.9469995050045075
MATH100_07653,MATH,100,3.5035936634848066,1.1255686472701183
ENGR100_07654,ENGR,100,3.4515751669397696,2.879747623189582
ECON300_07655,ECON,300,4.663421066175572,4.731522196019496
STAT300_07656,STAT,300,3.2567887354407383,4.24303255779989
BIO100_07657,BIO,100,2.054209685870277,2.5276747943583953
ENGR100_07658,ENGR,100,4.455202918221428,4.445421061312849
PSYCH500_07659,PSYCH,500,4.854903312659222,2.9591436466894776
BIO200_07660,BIO,200,4.107440918984162,1.040389050088609
STAT400_07661,STAT,400,1.5679264824220254,3.5542822318386396
ENGL200_07662,ENGL,200,3.32634264763049,4.510308473291221
ECON200_07663,ECON,200,4.5412957146668465,2.208493557674874
PHYS300_07664,PHYS,300,1.9381153529394757,4.836278455468705
BIO500_07665,BIO,500,4.35236081934631,4.74344985179367
BIO400_07666,BIO,400,1.5070894580131036,1.2600776455788476
BIO400_07667,BIO,400,2.196234968604533,2.1772223365463197
CS500_07668,CS,500,2.793288567350043,1.1288271668511007
MATH100_07669,MATH,100,3.5068444495664335,1.3365296010551364
ECON100_07670,ECON,100,2.2579017437974414,2.760462123222843
CHEM200_07671,CHEM,200,2.354257173521807,1.3402459723572693
BIO300_07672,BIO,300,3.399140437702826,2.71354008433969
ECON500_07673,ECON,500,3.316025403068571,2.9375400289383133
ENGL400_07674,ENGL,400,1.2577556240351213,3.431254860214215
MATH400_07675,MATH,400,2.4870036209262762,4.148777413528299
STAT400_07676,STAT,400,4.818483622874974,2.2119923757748565
BIO500_07677,BIO,500,4.866292706219449,2.991830605434373
ENGL100_07678,ENGL,100,1.0385962734332699,2.9763630312717626
MATH400_07679,MATH,400,4.893750430049149,3.7673584313874025
MATH300_07680,MATH,300,1.0439366953635765,3.1750510181138143
PSYCH400_07681,PSYCH,400,1.4274576558776921,1.1618485651445707
PSYCH200_07682,PSYCH,200,1.961145388966047,4.2389226430407625
MATH200_07683,MATH,200,1.415575208390818,1.2665611705963524
CS200_07684,CS,200,2.4149047626758278,4.363942162741699
STAT500_07685,STAT,500,1.492195790075455,4.0010192642035936
PHYS400_07686,PHYS,400,4.262876241910883,3.66238272735524
CHEM100_07687,CHEM,100,3.584015790775405,3.6260122944644984
STAT500_07688,STAT,500,3.2291566447724724,3.732211809839028
PSYCH100_07689,PSYCH,100,4.0487920324905975,2.344760163559507
CHEM200_07690,CHEM,200,3.45486323704909,3.5706225786964687
ECON300_07691,ECON,300,2.4225584893954872,3.9950984699601046
PHYS400_07692,PHYS,400,4.997765851050424,4.494751284498873
PHYS100_07693,PHYS,100,3.9066457952393234,4.739222943595445
CHEM400_07694,CHEM,400,2.1259503548454313,4.276905531871197
MATH500_07695,MATH,500,1.3666102777050706,1.9025369603923825
ENGL400_07696,ENGL,400,4.0721274003165675,2.324469790204909
PHYS100_07697,PHYS,100,2.371350833469287,1.652978548883667
ENGL300_07698,ENGL,300,1.7004869330023888,2.526783359114584
ENGL200_07699,ENGL,200,2.6173576521442405,3.886308492046876
STAT400_07700,STAT,400,1.2456055089445957,4.7004936629871255
STAT100_07701,STAT,100,3.8090010684869786,1.1911300568504095
PHYS300_07702,PHYS,300,3.5550201228676968,2.713092904242757
PHYS300_07703,PHYS,300,2.2156189526996957,1.218711319838726
PHYS500_07704,PHYS,500,4.402280368515511,3.8858433179602088
PHYS300_07705,PHYS,300,2.055162351936425,3.6667005767791983
ECON200_07706,ECON,200,3.91634328812835,3.246790122575313
CHEM100_07707,CHEM,100,2.8279140587378735,1.2220203436101023
MATH400_07708,MATH,400,1.486084701425931,2.0775679445701942
ENGR300_07709,ENGR,300,2.1164522161360977,4.337028689085237
PSYCH300_07710,PSYCH,300,2.2475953805667648,1.7855912153498337
CS500_07711,CS,500,1.9099770150617434,3.5403979242856645
BIO100_07712,BIO,100,4.242572564445636,1.256319596260822
PSYCH500_07713,PSYCH,500,4.565319849280902,2.7590363209106723
ENGR300_07714,ENGR,300,1.6057765597624432,1.232110671034743
CS200_07715,CS,200,3.1546595366236163,1.095177810384051
MATH500_07716,MATH,500,2.9818172339287052,4.159676448279063
ECON300_07717,ECON,300,3.9470333602325693,4.19211197040532
ENGL100_07718,ENGL,100,2.352909046565023,1.8506678418468767
PSYCH500_07719,PSYCH,500,3.8094373914903263,1.3663533514019823
ENGR500_07720,ENGR,500,1.6549589100780095,1.013383355555376
ENGL400_07721,ENGL,400,3.2476899936576555,1.5058281266786868
STAT400_07722,STAT,400,1.8477492555712551,1.197196988362418
ENGR200_07723,ENGR,200,3.255577308162482,1.1106954956647082
PHYS100_07724,PHYS,100,3.4727840078410073,1.5824627326627656
ENGL400_07725,ENGL,400,3.00968814955491,4.886449595933712
CS100_07726,CS,100,1.9200396798546668,1.3075042226788631
ENGL200_07727,ENGL,200,2.6425747457065945,1.4478545201643822
MATH400_07728,MATH,400,1.4283970838223858,3.8331146516647787
BIO100_07729,BIO,100,4.500384112453686,4.245831130004847
CS200_07730,CS,200,1.329609540087179,1.8695098673453647
PSYCH100_07731,PSYCH,100,1.1941777367621471,4.170964229018191
CS200_07732,CS,200,3.57064298766903,1.994022676836852
PHYS100_07733,PHYS,100,3.166313304924196,3.625741774902199
BIO200_07734,BIO,200,1.9290464932683844,2.4541777191419403
BIO300_07735,BIO,300,3.8013729781616346,4.05953049846451
STAT400_07736,STAT,400,3.2649525665315418,3.2783829949867527
BIO300_07737,BIO,300,4.7970318532894325,1.3855593153532437
CHEM400_07738,CHEM,400,3.9749892853682733,3.9883007992893007
ENGL100_07739,ENGL,100,3.9276726680321996,4.247417293901284
BIO300_07740,BIO,300,1.6533007321990603,2.9206464228543014
CS100_07741,CS,100,3.4641943607024452,2.4799593992887097
ENGR500_07742,ENGR,500,1.6267267598805062,4.320560764118552
PSYCH300_07743,PSYCH,300,3.3486470296094937,1.1344666608113312
PSYCH300_07744,PSYCH,300,3.4128075757086327,3.9138241873623447
PHYS200_07745,PHYS,200,3.554336496730589,2.587596731396075
BIO100_07746,BIO,100,4.603026308151697,3.6131818825776683
MATH400_07747,MATH,400,1.5634804559587723,1.9813362436037507
PSYCH200_07748,PSYCH,200,1.5011564909059611,2.779465590238516
STAT300_07749,STAT,300,4.200409621628353,4.60916913406486
ENGR500_07750,ENGR,500,2.593932841845023,4.796880218405136
CS200_07751,CS,200,1.5696684006823651,1.4073531434896593
STAT300_07752,STAT,300,1.222942781526843,2.532645722525458
STAT500_07753,STAT,500,3.518802809637065,1.790507184560456
CS100_07754,CS,100,1.3136121791924356,3.592202357928712
CHEM300_07755,CHEM,300,3.8651328103247375,1.4343132283475697
PHYS400_07756,PHYS,400,2.1469166607236954,1.284064989389614
ENGR300_07757,ENGR,300,1.7713211259240902,3.2509232909629255
BIO300_07758,BIO,300,3.153501085149216,2.4832782081155953
PHYS200_07759,PHYS,200,3.0568131085967876,3.0421077360930697
CHEM400_07760,CHEM,400,3.3953521306474714,1.8948182410431436
ENGL400_07761,ENGL,400,3.311488772018961,1.478571717111273
ENGL100_07762,ENGL,100,3.2676120596174467,2.476477198770115
ECON100_07763,ECON,100,3.9938270980573845,1.8730211705086819
PSYCH300_07764,PSYCH,300,3.828069479299099,2.834408366417986
PHYS400_07765,PHYS,400,1.1535159282170828,3.425282753356309
STAT100_07766,STAT,100,4.81868932774745,4.471736343810787
MATH200_07767,MATH,200,1.2626781844967456,1.8981812624144196
ENGR100_07768,ENGR,100,1.2230876889474422,3.436019101080057
ENGR300_07769,ENGR,300,4.601336991258473,1.8282828313499149
STAT300_07770,STAT,300,1.1365146467504275,2.9810339642153223
CHEM400_07771,CHEM,400,1.3203381201148319,2.543463833442839
MATH200_07772,MATH,200,4.465116200737771,1.800001183109381
CS500_07773,CS,500,1.875040594563763,4.805226107346488
BIO300_07774,BIO,300,2.4203914374258266,3.2975275194709783
ECON500_07775,ECON,500,3.6421834737435432,1.60238237984455
PSYCH300_07776,PSYCH,300,3.6172856856437887,1.5550326688730678
ECON500_07777,ECON,500,3.7022993315575192,4.027240775223918
PSYCH400_07778,PSYCH,400,2.580610329832542,2.9533493089609015
ENGR500_07779,ENGR,500,2.2013917984024287,4.524128082883929
CS300_07780,CS,300,2.5722952926193337,3.838829527881159
BIO200_07781,BIO,200,2.7138292286743844,1.826781039011724
MATH400_07782,MATH,400,3.76907098016286,3.4069740171898744
BIO200_07783,BIO,200,1.079591212823091,4.4398276577855516
ECON500_07784,ECON,500,3.421874377974466,3.8554715162502697
PSYCH500_07785,PSYCH,500,4.02415805650224,3.2980899021412156
PSYCH200_07786,PSYCH,200,1.4928185680690231,3.6349553173368436
STAT500_07787,STAT,500,4.637107136388545,2.6855834444382416
STAT300_07788,STAT,300,4.4424009788896,4.629887315753658
ECON200_07789,ECON,200,2.1255593854214343,3.5224253426491035
ENGL200_07790,ENGL,200,2.9575246218022575,3.1690378403744663
MATH300_07791,MATH,300,2.7299218893300443,4.742682776754288
ENGR100_07792,ENGR,100,4.269722053621088,3.831670343375561
PHYS200_07793,PHYS,200,3.3474585188281654,2.8429449436964442
PSYCH200_07794,PSYCH,200,2.661658944640324,2.2541619094192225
STAT100_07795,STAT,100,3.272310966901715,2.6843534529702375
ECON500_07796,ECON,500,4.072209188975462,4.259096469901829
ENGR200_07797,ENGR,200,2.8071140163556425,3.680700924415168
PSYCH400_07798,PSYCH,400,4.675015893081492,1.7334045501052389
ENGR100_07799,ENGR,100,4.224315374116024,3.926036115475203
CS200_07800,CS,200,2.6743336105842257,1.4800875099159172
ENGR100_07801,ENGR,100,3.4972193864481276,3.6301440917911956
MATH300_07802,MATH,300,4.294689944125896,1.5966048405421827
ECON100_07803,ECON,100,2.033292623151676,4.065950549761527
BIO500_07804,BIO,500,4.991492669830882,4.150127363243984
ECON400_07805,ECON,400,4.322598979637566,3.3438197732438155
PSYCH300_07806,PSYCH,300,1.3515143673810788,3.957772371431204
BIO400_07807,BIO,400,3.5265034389677004,3.848054390865263
STAT500_07808,STAT,500,4.0360596850805965,1.198520205825797
PHYS500_07809,PHYS,500,1.4646036193042722,4.9805282970331035
ENGR300_07810,ENGR,300,2.262451841072593,2.513681971827531
ENGR300_07811,ENGR,300,4.997755290138059,2.709811353929402
BIO500_07812,BIO,500,1.6947656457628204,1.8620431554710999
STAT200_07813,STAT,200,3.853534500671711,4.537455730072085
BIO100_07814,BIO,100,1.800983105956382,4.546503019228084
ECON400_07815,ECON,400,4.780225632133412,2.7207844436225583
STAT200_07816,STAT,200,3.66351788454408,3.5788227066699663
BIO500_07817,BIO,500,1.819588681853375,3.5814780369812125
CS200_07818,CS,200,3.649180514224618,1.6494661999694658
STAT400_07819,STAT,400,1.233948589457536,3.7673061205360856
PSYCH500_07820,PSYCH,500,4.239516835771532,1.1056023729419229
PHYS500_07821,PHYS,500,4.506665673045605,1.510679960503715
MATH300_07822,MATH,300,2.3293770993024707,1.174260159047261
CS100_07823,CS,100,3.1055495521586143,2.4340023337666166
BIO300_07824,BIO,300,4.520973628564429,2.798752355997051
ENGL300_07825,ENGL,300,3.691400751832802,3.8097147654169747
ENGR200_07826,ENGR,200,1.4487208112203263,2.9451432961164583
STAT200_07827,STAT,200,1.1130823535258694,2.6803993034907245
BIO100_07828,BIO,100,4.781936936177527,1.6540635209796624
ENGR500_07829,ENGR,500,1.5848039519177788,4.860638897172166
PHYS200_07830,PHYS,200,3.136685802383994,4.862074028117544
BIO200_07831,BIO,200,1.5337116084986295,3.592726633039092
BIO500_07832,BIO,500,2.6430744532108696,2.9754444966740534
ENGR400_07833,ENGR,400,3.4791791656990307,4.794130840031059
STAT200_07834,STAT,200,2.7487655928451056,3.825748547653767
ENGR200_07835,ENGR,200,4.932263016345885,1.298251806552373
MATH300_07836,MATH,300,1.0696369705124575,4.184886457674213
PSYCH100_07837,PSYCH,100,4.0449078007253805,1.375630769316671
CS200_07838,CS,200,4.851893304969976,2.113978162541633
ENGR200_07839,ENGR,200,3.6639641284987223,4.993985026017577
PSYCH500_07840,PSYCH,500,4.984799780714224,1.7321738141771745
ECON400_07841,ECON,400,4.047384363655059,1.9117535755930368
ENGL300_07842,ENGL,300,1.3918140022061745,3.7401257059761233
PHYS200_07843,PHYS,200,3.8688689829812253,4.515022049764635
STAT400_07844,STAT,400,2.460230332131032,4.885305299798724
CS100_07845,CS,100,2.29823351008054,4.6604215391801755
MATH300_07846,MATH,300,1.0356730605311224,3.7928923031713913
ENGR500_07847,ENGR,500,2.9212357757744627,2.2476760503206257
ECON500_07848,ECON,500,2.2321950516762414,2.4981546946717774
STAT500_07849,STAT,500,2.389038885578098,3.1021180180391514
ENGR200_07850,ENGR,200,4.65784042157104,2.1032117427455854
ENGR400_07851,ENGR,400,4.711408240609906,3.8861761278041387
PSYCH100_07852,PSYCH,100,2.254069932474011,1.1742761369250685
ENGR500_07853,ENGR,500,2.8116824684265165,4.242096108852881
PHYS400_07854,PHYS,400,1.8530904389122358,3.7100411381239238
ENGR200_07855,ENGR,200,2.5284315937247706,2.0106900269394132
BIO500_07856,BIO,500,1.1171338050631228,1.9460991115535773
ENGL500_07857,ENGL,500,4.5744983807200175,1.1628721457763644
ECON500_07858,ECON,500,1.596871808869608,4.342728792461177
PSYCH200_07859,PSYCH,200,2.3449162979510567,4.8934804305392285
CS200_07860,CS,200,1.1887008726767956,2.8672916290515227
ECON200_07861,ECON,200,2.1479201622311113,3.0053727923097675
CHEM200_07862,CHEM,200,3.27424899464819,3.7896802411480683
STAT100_07863,STAT,100,2.131785389334537,2.108541596567342
MATH200_07864,MATH,200,2.13956510308379,3.562570009462999
ENGR400_07865,ENGR,400,3.4369647798771528,2.570587723817086
MATH400_07866,MATH,400,3.4416957795904146,3.3254007931054335
PSYCH400_07867,PSYCH,400,2.529362277544751,4.928595400001878
ECON300_07868,ECON,300,2.554239301055086,4.527142547436002
ECON400_07869,ECON,400,2.662148577293999,1.9925613891921183
PSYCH200_07870,PSYCH,200,2.084840302777851,4.265822447403467
ENGL100_07871,ENGL,100,4.561512342955135,1.5504511183120417
BIO400_07872,BIO,400,3.8688261996681854,2.208984113164334
ENGR200_07873,ENGR,200,3.293056901293845,1.9385517100545786
ECON200_07874,ECON,200,4.940024702792025,3.2759209549221096
ENGL400_07875,ENGL,400,4.895596505481151,2.018873800302327
MATH300_07876,MATH,300,3.669354183689002,1.3410773446972124
ENGL100_07877,ENGL,100,1.3689630872516587,2.9490063417343624
MATH200_07878,MATH,200,4.651300404000388,2.3438203893990774
PHYS300_07879,PHYS,300,1.964454561300435,4.159986338685512
BIO400_07880,BIO,400,3.324147919214517,1.064020956314788
ECON400_07881,ECON,400,3.0346007893471123,1.3113284539863446
CS500_07882,CS,500,4.226488498479972,3.3679125702234805
MATH100_07883,MATH,100,4.552074980763521,4.688058123777173
CHEM200_07884,CHEM,200,2.61080283626994,1.9505790459961765
ECON300_07885,ECON,300,4.870064765258248,4.642853428386894
CS200_07886,CS,200,1.9390639545403712,3.439213957399672
CHEM400_07887,CHEM,400,2.4459478405141573,3.766288343401584
ECON300_07888,ECON,300,4.969911347038353,3.413757089739377
ENGR200_07889,ENGR,200,1.9220199518197147,4.915868033325811
ENGR400_07890,ENGR,400,3.7132775648678,4.8319447614647535
MATH300_07891,MATH,300,3.260323671055276,2.50385053898753
MATH200_07892,MATH,200,1.2870726858306334,4.67576748984926
CHEM500_07893,CHEM,500,3.507208528214552,4.730716554913153
ENGL500_07894,ENGL,500,3.667328349468637,4.273701330722873
ENGR100_07895,ENGR,100,2.1324948985387513,1.0445379803700758
PHYS500_07896,PHYS,500,1.5731110461478135,1.6729552640433476
MATH300_07897,MATH,300,3.0761679779760764,3.561483922862074
PHYS400_07898,PHYS,400,2.1668812105707835,2.7442368696280743
PSYCH300_07899,PSYCH,300,2.26641637117573,4.5540810300467935
ECON400_07900,ECON,400,1.8989439091717917,3.129990434562953
ECON100_07901,ECON,100,2.4409410883562086,1.5069427593910403
PHYS500_07902,PHYS,500,3.6000532801106657,2.095877912850771
MATH300_07903,MATH,300,3.973000306499936,2.756462515925787
MATH500_07904,MATH,500,2.438854061824988,1.5169602811762175
PSYCH500_07905,PSYCH,500,3.4132238048606496,4.331441169278609
BIO500_07906,BIO,500,3.9139827703517684,1.2805244158485256
PHYS500_07907,PHYS,500,3.960889220974194,3.0733311023513914
BIO500_07908,BIO,500,3.2743220125218033,4.208937506589688
PSYCH300_07909,PSYCH,300,3.8702113037577828,1.2100323039222816
ECON300_07910,ECON,300,4.146440830501193,1.976441910874907
PHYS500_07911,PHYS,500,4.538007358196545,1.8010640662480393
ECON100_07912,ECON,100,2.41654463735343,4.809387190508751
ENGL400_07913,ENGL,400,2.099783936788909,2.0038964895228886
ENGL500_07914,ENGL,500,1.5540507360158564,1.2629211385331889
CS400_07915,CS,400,2.7816615205544415,4.368465507537026
PSYCH100_07916,PSYCH,100,3.263754872725343,2.26240583723173
STAT500_07917,STAT,500,1.3620974796228427,1.1122595463763698
STAT100_07918,STAT,100,2.4247122527273794,2.628779055560291
PHYS300_07919,PHYS,300,4.799815956026075,2.645085412268822
BIO500_07920,BIO,500,4.120416810344255,4.989701301963041
STAT500_07921,STAT,500,1.9654608812397831,1.1394244749972633
ENGR500_07922,ENGR,500,1.679888511975805,4.154132398010135
ECON200_07923,ECON,200,1.4688856861345334,4.712204700765508
ENGL300_07924,ENGL,300,3.1481307403195853,2.579809337947714
ENGL300_07925,ENGL,300,1.7003467223384248,1.5542395181212156
ENGR200_07926,ENGR,200,3.961665720144075,1.5915033713518891
MATH500_07927,MATH,500,3.6728211329591485,3.1296489678108244
CHEM300_07928,CHEM,300,4.474006352166629,3.211925364453194
STAT500_07929,STAT,500,3.4346360630071238,2.52959496668229
BIO200_07930,BIO,200,4.12623339591304,2.9024835264671003
ENGL100_07931,ENGL,100,3.880113326011902,1.236483239451748
BIO100_07932,BIO,100,2.8464705904038836,3.7628172212554043
PSYCH300_07933,PSYCH,300,4.7571892559251605,4.326544672121552
PHYS400_07934,PHYS,400,2.9012591556144436,4.767316636403811
CS100_07935,CS,100,2.882351047621584,2.4683881671306183
ENGR100_07936,ENGR,100,2.404841732216407,4.010821412136506
ENGL100_07937,ENGL,100,4.026339505514991,1.7956696867213275
ENGL100_07938,ENGL,100,4.859827189090047,4.317028113388217
ENGL400_07939,ENGL,400,2.6678446486482437,4.294486065327626
BIO500_07940,BIO,500,3.018130032830296,4.315410025139114
STAT100_07941,STAT,100,2.2831140693673473,1.3619778659693456
PHYS500_07942,PHYS,500,2.6300323874182276,2.679032796018392
PSYCH200_07943,PSYCH,200,2.72147366364958,1.0058571395214355
BIO400_07944,BIO,400,3.9562848039775966,1.666188281832759
ECON300_07945,ECON,300,4.814887648870071,2.689861093769145
CHEM300_07946,CHEM,300,2.1334442758377232,2.6918273412992324
STAT100_07947,STAT,100,3.1221099469353404,3.8796209731561326
ENGL100_07948,ENGL,100,4.549648737039318,1.7588922599969572
PSYCH500_07949,PSYCH,500,2.031158908598963,2.304705666224676
MATH500_07950,MATH,500,1.4186759870179153,1.7050069826741976
PSYCH300_07951,PSYCH,300,3.871077408352524,4.304026265755984
CS100_07952,CS,100,1.001061117185467,1.8648986200202282
CS400_07953,CS,400,3.9687216502830096,1.2623754111861025
CS500_07954,CS,500,3.5949187999056846,1.8799165252191221
ENGL400_07955,ENGL,400,4.048301543678283,2.9308638179711983
STAT500_07956,STAT,500,1.6696281592387692,2.5731212981785996
ECON300_07957,ECON,300,1.6395601032759597,4.981064645861856
CHEM100_07958,CHEM,100,3.593024513734171,3.528654436723193
STAT300_07959,STAT,300,3.4954737091559576,1.4805690221038672
ECON500_07960,ECON,500,4.609554401859766,3.7318585055855964
MATH300_07961,MATH,300,3.029675751607736,4.158114526737641
ECON100_07962,ECON,100,1.2458481195933402,1.5596611451708973
STAT100_07963,STAT,100,4.550337062223808,1.045975401586844
ENGL500_07964,ENGL,500,1.4806282299803777,1.9456339856972797
PSYCH200_07965,PSYCH,200,4.196461170110764,4.786083839659055
ECON400_07966,ECON,400,4.022070627172617,1.5155379949359369
CHEM300_07967,CHEM,300,2.314628901364199,1.3569987794484604
CHEM400_07968,CHEM,400,3.1394608333558387,4.032256085142341
ECON500_07969,ECON,500,3.584831159303071,3.427891963198103
ENGR500_07970,ENGR,500,3.378114953726232,4.368437360292262
MATH200_07971,MATH,200,3.408738530071883,3.4706497040670126
CHEM400_07972,CHEM,400,2.894216748888957,2.91506110239812
PHYS400_07973,PHYS,400,4.573828053778605,4.964290497593648
ECON200_07974,ECON,200,4.995638844593339,1.52732937964171
PHYS300_07975,PHYS,300,4.847572230618384,3.3328766463343635
CHEM500_07976,CHEM,500,2.226005233921055,2.810401566063478
BIO500_07977,BIO,500,1.3162843736353143,2.3809879882434255
MATH300_07978,MATH,300,3.8011350178299907,4.008151576740044
CS100_07979,CS,100,2.3811864913013587,3.8946857845711347
PHYS300_07980,PHYS,300,1.8878894932730321,4.363789853182087
STAT300_07981,STAT,300,3.2329238939996174,1.1941063284345654
BIO300_07982,BIO,300,2.052867008458034,4.203529949825832
PHYS400_07983,PHYS,400,2.4099708762797944,4.2591243943065695
CS100_07984,CS,100,3.6932814619808645,1.8923207515762064
MATH300_07985,MATH,300,4.369751904222644,2.630072702488099
STAT200_07986,STAT,200,1.1977718641327142,4.799490306241837
PHYS500_07987,PHYS,500,3.1014086118410282,3.502942345100897
ECON200_07988,ECON,200,4.023043109550143,2.8266575725397987
PHYS300_07989,PHYS,300,4.0335548529414,2.438073525360525
MATH300_07990,MATH,300,4.675866429209657,4.270759284456858
ECON300_07991,ECON,300,2.0851510843642576,1.2892229265619872
CS200_07992,CS,200,3.9428729783535346,1.2526303170568647
CHEM500_07993,CHEM,500,3.642071061920061,3.715952208981224
CHEM500_07994,CHEM,500,3.8453395287511096,2.2596309808735837
ECON100_07995,ECON,100,1.3222665397153945,4.141396716108409
PHYS300_07996,PHYS,300,1.9942509497674967,3.5807350511352705
STAT500_07997,STAT,500,4.935533086707271,2.4737314598677385
MATH300_07998,MATH,300,1.2909070793468684,4.55474504858422
BIO400_07999,BIO,400,4.67879229894837,4.751794370991293
PSYCH300_08000,PSYCH,300,1.174885636950501,2.7320673730217924
ECON400_08001,ECON,400,3.432877468270631,1.746440332485804
PHYS500_08002,PHYS,500,1.7495148468148867,1.1219310139290437
PSYCH500_08003,PSYCH,500,3.002343432106824,2.9625120262912907
CHEM400_08004,CHEM,400,4.002385358393674,1.9595028877216558
CS200_08005,CS,200,2.2002594395384625,1.8832188666888894
CS300_08006,CS,300,3.787390429882682,3.1378467977979096
CS100_08007,CS,100,1.256331910922171,4.976353658429819
CS500_08008,CS,500,2.0156386177360233,3.96978104603033
ENGR500_08009,ENGR,500,3.7042587316889044,3.390916165926316
BIO200_08010,BIO,200,2.7485695057902855,1.1062837770946858
BIO400_08011,BIO,400,2.275006546280685,2.1431716290053244
ENGL500_08012,ENGL,500,4.209025666228357,2.94550453413901
MATH100_08013,MATH,100,2.584658057493456,4.304168089294377
CS500_08014,CS,500,3.4622958403759356,2.9190010125863446
STAT100_08015,STAT,100,1.6992256837481188,2.3566207736206257
CS500_08016,CS,500,1.5639878159359317,2.617912731330356
ENGR100_08017,ENGR,100,1.3233727002056934,3.815556506738639
ENGL500_08018,ENGL,500,3.907709782078901,1.6556968103477443
ECON200_08019,ECON,200,2.9340139957552993,2.1807465706317086
PHYS500_08020,PHYS,500,4.766447354551389,4.999236523692458
PSYCH500_08021,PSYCH,500,1.374697639133183,4.240034984253844
PSYCH400_08022,PSYCH,400,3.492576943399128,1.4779693105103378
MATH500_08023,MATH,500,4.325691600972105,3.5984765849627665
ENGR200_08024,ENGR,200,3.173293726123466,4.8947098417243
ECON200_08025,ECON,200,1.1294778296182488,2.325433415260057
ECON200_08026,ECON,200,4.503759768949774,2.907385718915403
STAT500_08027,STAT,500,1.5406370120433759,1.8644709889645283
BIO300_08028,BIO,300,2.656325401459607,1.7088402542220296
CHEM500_08029,CHEM,500,3.1279448377844195,2.541221321734004
MATH200_08030,MATH,200,1.5020781712768732,1.7555873025798796
MATH200_08031,MATH,200,1.9990349822045363,1.2013916831358955
PHYS200_08032,PHYS,200,1.001180885495093,4.389135244416375
BIO400_08033,BIO,400,4.528304098438994,4.537420248640254
ECON100_08034,ECON,100,3.5698559712670943,2.573970046182192
CHEM500_08035,CHEM,500,4.299861185162003,1.4275488618792553
BIO200_08036,BIO,200,4.113166973032364,4.4635562346828035
ENGR100_08037,ENGR,100,1.090188486052365,3.3672731509469123
ENGL300_08038,ENGL,300,4.541629455431625,2.273857734460755
BIO300_08039,BIO,300,2.4704352642264364,4.102632908594205
CS100_08040,CS,100,3.251246260120192,3.045638209565191
CS100_08041,CS,100,3.1708482720804887,1.768703470436149
MATH400_08042,MATH,400,2.502122107546061,2.0510600258069247
ECON100_08043,ECON,100,3.2352899942696784,1.3618686822759858
CHEM500_08044,CHEM,500,3.1213071656723965,2.174457869035621
MATH500_08045,MATH,500,1.825005092444656,2.227419375648401
CHEM500_08046,CHEM,500,2.0380843057963616,1.1615869910481882
BIO300_08047,BIO,300,4.013997126100572,1.5044664899742712
ECON500_08048,ECON,500,1.6719115464433085,1.140745438871409
STAT300_08049,STAT,300,1.321442073402248,4.5428279919800545
ENGR200_08050,ENGR,200,1.4320848767241312,1.6811636845876414
BIO200_08051,BIO,200,2.6153194516205946,4.824838945120236
ECON300_08052,ECON,300,4.751961974786351,1.290537924440808
MATH100_08053,MATH,100,1.7671227503190527,3.293072075534519
ENGL400_08054,ENGL,400,4.592283669995437,3.6377495534017426
ENGL400_08055,ENGL,400,1.036383549289983,3.6114536498356387
ENGR500_08056,ENGR,500,4.6257077577676,3.0484426580091375
CHEM500_08057,CHEM,500,1.653246859496337,4.392238000610925
ENGL100_08058,ENGL,100,2.9970244727225293,1.8723329403578344
CHEM400_08059,CHEM,400,3.706004551511814,1.5753111905909893
ECON300_08060,ECON,300,3.8451761391327977,1.458544134586809
BIO200_08061,BIO,200,3.6127965011638064,2.2818351856965093
ENGR400_08062,ENGR,400,4.809377996985186,4.751851932293613
PSYCH300_08063,PSYCH,300,1.2921490961234077,2.2931398749481247
ENGL400_08064,ENGL,400,1.7026731982013983,4.833398654171159
STAT500_08065,STAT,500,4.588811974824723,1.4455657413806255
ENGL200_08066,ENGL,200,3.4104388251671884,2.7779930034189952
ENGL400_08067,ENGL,400,3.8764570159469556,4.448749764409881
CS100_08068,CS,100,3.878866275520516,3.750034700155211
CHEM300_08069,CHEM,300,2.3347570158787203,4.089592026933678
ENGL400_08070,ENGL,400,4.921746867445043,2.98652637461328
ENGR400_08071,ENGR,400,2.8717433491412767,3.3678722760399418
ECON100_08072,ECON,100,1.4690998134239552,3.4777820186443456
PSYCH300_08073,PSYCH,300,4.158895768969572,1.7418214798434888
PSYCH300_08074,PSYCH,300,4.804556421607762,2.6548235738825854
STAT300_08075,STAT,300,4.617957129974025,2.9024360418938926
CS200_08076,CS,200,3.824713748676248,3.081698109517526
PSYCH300_08077,PSYCH,300,4.875483289524256,4.718246822927287
BIO500_08078,BIO,500,3.120838469115979,1.9455220847078647
CHEM200_08079,CHEM,200,1.6588117627715087,1.0024609986215731
ENGR500_08080,ENGR,500,3.0127939000801156,2.6192923442492577
ECON200_08081,ECON,200,2.4734550687087045,3.265802349603763
STAT100_08082,STAT,100,2.5908073617524363,1.9195923243564255
ENGR100_08083,ENGR,100,3.7433894173954574,3.485270045536536
PHYS400_08084,PHYS,400,4.928549235958014,1.7287813993949586
ENGR300_08085,ENGR,300,1.2061471273959392,1.4483595550079307
PHYS200_08086,PHYS,200,2.120366990764448,3.3806675857730366
BIO500_08087,BIO,500,1.1746885255111565,2.132420195825173
STAT500_08088,STAT,500,3.964025123586665,3.906631797020145
PSYCH500_08089,PSYCH,500,1.7386278662422932,1.3624333969752924
PSYCH400_08090,PSYCH,400,3.703049673479036,1.3132720357068428
PHYS400_08091,PHYS,400,4.287135315084038,3.850846826450646
BIO400_08092,BIO,400,4.819917132216721,1.9030963028211656
ECON100_08093,ECON,100,1.4369770384085725,1.524865077038637
STAT200_08094,STAT,200,4.261549235070299,3.232659192507776
MATH200_08095,MATH,200,3.3445829710367256,2.246452418043373
PSYCH200_08096,PSYCH,200,3.8052487500244374,2.2098103247320964
ECON100_08097,ECON,100,1.5848017024438024,2.2781910326225487
ECON200_08098,ECON,200,2.8098356874761796,4.463976583401882
BIO100_08099,BIO,100,3.5522634327773424,1.3434643894456566
PSYCH500_08100,PSYCH,500,4.530898523179319,2.7023724364695108
STAT300_08101,STAT,300,1.9721253576287685,3.080847509664799
PHYS400_08102,PHYS,400,2.696681292922222,4.537687418455392
ECON300_08103,ECON,300,4.572340341031072,4.509620696968918
BIO200_08104,BIO,200,1.4118611471722557,1.7861468398955531
ENGL300_08105,ENGL,300,3.827550634591195,2.0374893626283166
PHYS200_08106,PHYS,200,4.667458447118643,2.0858303554803275
ENGL500_08107,ENGL,500,2.394884580095266,4.132960484055129
CS100_08108,CS,100,1.6557354671327755,2.5457014486198566
ENGL100_08109,ENGL,100,2.1872747350856216,2.9373061494033905
PHYS100_08110,PHYS,100,4.259032740599242,1.042074262497119
ENGL200_08111,ENGL,200,1.0459058618806183,3.919676930109803
PSYCH100_08112,PSYCH,100,2.7735101554365724,1.9389598942242867
ENGL200_08113,ENGL,200,4.151429028874809,1.9621834478943052
PHYS500_08114,PHYS,500,2.996802187472244,1.588901119895254
ENGR400_08115,ENGR,400,1.15631745287771,2.397517395506148
CS200_08116,CS,200,3.2625870676478965,3.0930131690882163
PHYS500_08117,PHYS,500,4.598979638227334,2.3040410623537873
ENGR300_08118,ENGR,300,1.8533504195136143,4.456421508347045
ENGR500_08119,ENGR,500,3.3785910373663595,4.487038483015278
ENGR200_08120,ENGR,200,1.3956443363026296,1.1308874226916856
STAT100_08121,STAT,100,1.586833550749911,1.6155782782810206
STAT300_08122,STAT,300,1.544493511355432,3.5600786324530507
ENGL300_08123,ENGL,300,1.011092558387534,2.2004906440216696
STAT300_08124,STAT,300,2.963264034955977,4.886617396469168
STAT100_08125,STAT,100,3.9930646822567195,4.755619864520062
CS500_08126,CS,500,4.333086962393862,2.9933722014071473
CS300_08127,CS,300,1.845552145786741,4.620137937727047
STAT500_08128,STAT,500,1.453116648756557,1.8252232623572655
CHEM100_08129,CHEM,100,1.3720339147832936,3.0235278678133013
ENGL100_08130,ENGL,100,3.383876833581573,3.257934695782095
ENGR400_08131,ENGR,400,1.1995156415811818,4.97096233737687
CHEM300_08132,CHEM,300,2.961903256201298,2.761084383223718
ENGL500_08133,ENGL,500,3.625035925446991,2.3691281022604547
STAT300_08134,STAT,300,4.213525134846084,1.020149743188023
STAT400_08135,STAT,400,1.4090044074632928,3.521981792998723
BIO100_08136,BIO,100,1.4844211127628073,1.8043751152458305
STAT500_08137,STAT,500,2.203801790440221,4.282411350971447
ECON100_08138,ECON,100,4.859053084071796,4.046695493969043
BIO300_08139,BIO,300,2.6483443440061354,2.669346206875333
BIO300_08140,BIO,300,1.473323385061398,4.658960888812181
PSYCH500_08141,PSYCH,500,3.3480976441042256,4.917578292640395
MATH100_08142,MATH,100,1.3088127879354388,3.9222922213883886
PSYCH200_08143,PSYCH,200,1.5701807096488785,4.593473558159065
ENGR200_08144,ENGR,200,1.1294768333972218,1.734378908874893
ENGL500_08145,ENGL,500,2.9897961971081166,4.501026107915427
ENGR500_08146,ENGR,500,3.2682084570944854,2.1447080665213654
PHYS300_08147,PHYS,300,1.9593036143732903,2.8415341454237426
ENGR500_08148,ENGR,500,4.012978639926581,4.330377629769149
PHYS500_08149,PHYS,500,2.753238958844137,4.133524037353768
ECON300_08150,ECON,300,3.8272029727764814,4.370727777615813
BIO200_08151,BIO,200,4.953802220768465,3.2045046284081584
ENGR400_08152,ENGR,400,2.564499392422488,1.3641691635611481
ECON100_08153,ECON,100,4.232915158979383,4.860916842656299
ENGL300_08154,ENGL,300,1.9390760495546067,3.8260326100922595
CHEM100_08155,CHEM,100,1.6454127778102348,3.3900531500824873
ENGL300_08156,ENGL,300,4.074760129447048,2.5271549040370513
ENGR200_08157,ENGR,200,4.117966614043786,1.5977961213817613
CHEM200_08158,CHEM,200,3.2912730378954844,3.439659810742999
MATH200_08159,MATH,200,2.0405539680612015,4.644797161807812
PSYCH200_08160,PSYCH,200,4.908129706563971,3.71071917983983
CHEM500_08161,CHEM,500,4.689461575263337,2.4438907463342017
ENGR200_08162,ENGR,200,1.8653920276564664,2.665757707763382
CS400_08163,CS,400,3.363457551278498,2.3906038250162323
MATH200_08164,MATH,200,4.377110643155887,2.167659133267043
MATH500_08165,MATH,500,4.52815784205121,1.705727426051657
CHEM200_08166,CHEM,200,4.060722356336683,1.8615522816852472
PSYCH200_08167,PSYCH,200,4.590152590442333,3.1344753412746607
PSYCH300_08168,PSYCH,300,4.021094516061931,2.921742050983278
CHEM100_08169,CHEM,100,4.882601926358704,2.031493896474969
CHEM300_08170,CHEM,300,3.963188414365507,2.01124321546454
ENGR500_08171,ENGR,500,4.323884979826525,2.588610340513055
MATH100_08172,MATH,100,3.5514129605471845,2.4713377290430274
PSYCH200_08173,PSYCH,200,2.9344362396348056,3.9327834622429454
CHEM500_08174,CHEM,500,3.2119862198770956,4.241162696160595
MATH300_08175,MATH,300,2.003071521197765,1.8020252787570956
MATH300_08176,MATH,300,2.3672397536965395,1.7639337968807234
PHYS400_08177,PHYS,400,2.149659473827482,2.006384544840653
STAT200_08178,STAT,200,4.247018811451346,1.3344949430315536
CHEM100_08179,CHEM,100,1.1037799035754325,4.095611777621054
PSYCH500_08180,PSYCH,500,4.936072968500875,3.3813659401007072
ECON200_08181,ECON,200,4.297211289562111,3.466726373878731
ECON200_08182,ECON,200,4.385942877389329,3.431026662123072
STAT100_08183,STAT,100,3.4239734719238295,2.4593533011449806
PSYCH500_08184,PSYCH,500,2.5071271356693283,4.683924433578721
CHEM500_08185,CHEM,500,2.7519416931954312,2.2854645906714723
PHYS100_08186,PHYS,100,4.918179752694908,1.5177033040709103
CHEM100_08187,CHEM,100,3.129164372660589,2.9992796534478745
ECON100_08188,ECON,100,2.1790113796394195,1.7356498104484164
CHEM100_08189,CHEM,100,1.69833972329093,2.761519051563553
ECON500_08190,ECON,500,2.349205160566039,3.579397497397962
ENGR100_08191,ENGR,100,1.168055248098983,2.2404516408139425
PSYCH100_08192,PSYCH,100,3.1867653857541685,3.031009845591044
CS300_08193,CS,300,3.7299302838985358,2.8075690258241464
ENGR400_08194,ENGR,400,3.1531174313694175,2.8575283167799634
CS500_08195,CS,500,4.950039667743957,2.8898066399245055
ENGL300_08196,ENGL,300,2.1644622776945033,1.5717407087439406
MATH400_08197,MATH,400,3.837580698958489,2.2795465316595203
CHEM100_08198,CHEM,100,2.0826625550495708,1.3950918715554503
BIO300_08199,BIO,300,4.411088918902759,4.7936327273662975
ENGR400_08200,ENGR,400,2.531487086490354,1.798896010536513
PSYCH300_08201,PSYCH,300,2.228479953193032,3.233715384032874
PHYS500_08202,PHYS,500,2.8338558156327447,1.8935486019200987
ENGL200_08203,ENGL,200,1.2628875360859588,1.655395675809019
BIO500_08204,BIO,500,3.725697641571807,1.2801343211565546
MATH500_08205,MATH,500,2.8741779049893834,2.5986130605285678
MATH500_08206,MATH,500,4.616208194779142,1.5491812951300168
ENGR500_08207,ENGR,500,1.0068583185304831,1.487932454264897
STAT500_08208,STAT,500,4.208448988966108,2.0347878782022657
ECON300_08209,ECON,300,2.745780008431404,2.2799003372511124
BIO200_08210,BIO,200,2.1181524132599465,3.4993832228981727
PSYCH500_08211,PSYCH,500,3.3992588611612273,3.66571051758564
STAT100_08212,STAT,100,3.3053592677879275,3.0901164697990557
STAT200_08213,STAT,200,3.1159901496597606,3.795791672641107
PHYS400_08214,PHYS,400,3.122444766435188,4.203954217906815
PSYCH400_08215,PSYCH,400,2.942557123979988,1.2429071672078158
STAT200_08216,STAT,200,3.1267082367057344,2.8806704007741457
ENGL400_08217,ENGL,400,4.097903337648015,1.5678234465546925
PHYS400_08218,PHYS,400,2.3113072460581905,1.7282934123583438
BIO400_08219,BIO,400,2.5917675727440974,3.669420088803767
BIO500_08220,BIO,500,3.477682552479493,1.166855559080242
MATH400_08221,MATH,400,3.432232915096342,2.9036641514358728
STAT200_08222,STAT,200,2.0643068074135003,3.6564558872047206
PSYCH300_08223,PSYCH,300,2.021642230595341,1.0560782995180955
PSYCH400_08224,PSYCH,400,1.4051474023097548,2.498366892904409
CHEM100_08225,CHEM,100,3.8831019256139347,3.441162377002554
ENGL200_08226,ENGL,200,4.344605486230699,3.2787265068994835
CHEM400_08227,CHEM,400,3.5545071853076236,3.2228355266604245
ECON300_08228,ECON,300,2.106337261880461,1.4831440611580757
ENGL200_08229,ENGL,200,3.0753495935472484,2.3105757963262312
MATH400_08230,MATH,400,3.6971290690725653,1.8836572501344309
STAT100_08231,STAT,100,2.3076802556172287,4.21984168255543
ECON200_08232,ECON,200,3.4381050642732705,4.403435549989817
PSYCH500_08233,PSYCH,500,4.734745277584508,3.0217298851318737
PSYCH500_08234,PSYCH,500,4.586934969261604,2.2909143418752063
PSYCH300_08235,PSYCH,300,1.7198286687655449,4.817802096859117
BIO100_08236,BIO,100,1.100352737338194,3.8040652603499527
ENGR200_08237,ENGR,200,2.402863578534944,1.2648525084638997
CHEM300_08238,CHEM,300,4.369954077362425,3.537663300815907
MATH200_08239,MATH,200,3.537829616411075,3.006288991676294
PSYCH200_08240,PSYCH,200,3.1507837488725845,1.4477215875964773
PHYS200_08241,PHYS,200,4.8754883885468505,1.975324377319347
CS200_08242,CS,200,2.2278268929701723,3.6825856912471435
BIO400_08243,BIO,400,2.626303017453233,3.631041087560686
CS400_08244,CS,400,1.7224579615022813,3.243734428685548
ENGL500_08245,ENGL,500,1.4698753780485903,1.6444389959495207
STAT400_08246,STAT,400,3.7980423664231204,4.4200708188375675
ENGR100_08247,ENGR,100,2.915155893811133,4.760866354867909
CHEM200_08248,CHEM,200,1.7849945935198552,2.505524437103568
ECON300_08249,ECON,300,2.298270476203814,2.1486555531575293
PSYCH500_08250,PSYCH,500,3.8132564948349255,2.6168070871114155
STAT400_08251,STAT,400,2.907642229590172,4.774550299668839
ECON400_08252,ECON,400,1.8437378295393776,1.5668016014230317
PSYCH400_08253,PSYCH,400,3.8446624523571393,4.355563696659146
ECON200_08254,ECON,200,2.1266051999964115,2.7090663398407178
CHEM300_08255,CHEM,300,1.2300259290870832,2.3649468773902504
BIO200_08256,BIO,200,1.5749076808327693,4.909235460425945
CHEM400_08257,CHEM,400,2.9455875889005707,4.56730277464805
ENGL300_08258,ENGL,300,4.226188721855415,2.061669197083952
ENGR300_08259,ENGR,300,1.0386893571587774,1.4721939800471069
BIO300_08260,BIO,300,4.554217376238981,2.6882928323246045
ENGR400_08261,ENGR,400,4.113694559287822,4.869496333117714
CHEM400_08262,CHEM,400,4.905586769733252,1.4192266113856133
CHEM300_08263,CHEM,300,4.173046194527505,2.811896372828171
BIO300_08264,BIO,300,3.830785700672701,2.214697409519403
PSYCH500_08265,PSYCH,500,1.277980127392102,2.581487567045314
ENGL300_08266,ENGL,300,2.7249107059242252,4.135515320697164
STAT500_08267,STAT,500,3.965036353225162,4.844644375535246
CS200_08268,CS,200,3.372716554299415,2.3969912644142255
BIO500_08269,BIO,500,4.332748437617471,1.0493372491436208
ECON500_08270,ECON,500,2.4796866998904,4.227289544972654
BIO400_08271,BIO,400,2.2224650821587453,2.515742594213481
PSYCH100_08272,PSYCH,100,4.338182956116386,4.340322697868404
CHEM500_08273,CHEM,500,4.816283608016569,3.6963697477690074
ENGL300_08274,ENGL,300,4.370773541251429,1.5469967539024432
STAT200_08275,STAT,200,1.6583885863488854,3.5590139032227226
STAT300_08276,STAT,300,4.1809111745129455,4.843560577787218
ENGR100_08277,ENGR,100,4.825542712057292,2.4288971243016158
PHYS100_08278,PHYS,100,3.0884819098277987,2.926547360285441
STAT400_08279,STAT,400,4.755900565058543,2.90476818489497
BIO300_08280,BIO,300,3.8820601161159005,1.8251478660164686
PHYS200_08281,PHYS,200,1.85027817082246,4.86624785017601
BIO200_08282,BIO,200,2.070591610797107,4.865863992781431
BIO400_08283,BIO,400,3.3400938069207524,2.245809250951692
PHYS100_08284,PHYS,100,4.485612726646787,3.8467234602692173
CHEM500_08285,CHEM,500,1.3781629043026093,2.615086654658018
MATH100_08286,MATH,100,3.2780477056076465,1.8568057272228629
ENGL400_08287,ENGL,400,4.161194683170757,3.200573642207579
PHYS300_08288,PHYS,300,1.003010255252367,2.742835392020184
CS400_08289,CS,400,3.9527113324751832,1.9568023595016846
ENGL400_08290,ENGL,400,4.338733243984608,4.5203042349975835
CS200_08291,CS,200,2.034829171261401,2.0329389143346277
ENGL200_08292,ENGL,200,3.7864176496080955,3.8655646661898144
PSYCH300_08293,PSYCH,300,3.6370200300890723,3.083881449509635
STAT500_08294,STAT,500,2.5034425570049117,4.233811146813394
MATH100_08295,MATH,100,1.2224416314919768,1.0463701280705546
ENGL100_08296,ENGL,100,4.847425924211056,4.316777140450018
BIO300_08297,BIO,300,4.173811399637362,1.6335654925272416
CS200_08298,CS,200,1.473474445886516,2.845889886299051
PSYCH200_08299,PSYCH,200,1.5283333099359617,4.631665053833073
PSYCH100_08300,PSYCH,100,2.7179389259730176,2.935867346602438
PSYCH300_08301,PSYCH,300,2.9570587351866355,1.6689481975744984
PSYCH200_08302,PSYCH,200,3.1280669401168217,1.8989439525352179
BIO300_08303,BIO,300,4.805190090347375,3.183841217657262
STAT200_08304,STAT,200,3.8376648276963063,2.4881193867567837
MATH300_08305,MATH,300,3.7421553550408477,1.4552603217324567
ENGR200_08306,ENGR,200,1.3498643448595322,2.318603934233972
PHYS200_08307,PHYS,200,3.2095804115430138,3.410999517310005
CS300_08308,CS,300,4.464643580170231,4.561092778662689
STAT200_08309,STAT,200,1.7187166085082906,1.1259223487250067
CS500_08310,CS,500,1.9978104299052277,2.449565966025437
MATH400_08311,MATH,400,1.5010976462743395,3.461519293069045
MATH500_08312,MATH,500,1.6324522126754482,4.6806592484933685
BIO300_08313,BIO,300,1.1498103158979287,2.0899359923638214
ENGR400_08314,ENGR,400,1.268224665567573,2.5377250162691496
CS400_08315,CS,400,1.3003772067542467,1.6246185700613727
STAT300_08316,STAT,300,3.4073072779945064,1.5479245257788805
ENGR400_08317,ENGR,400,3.674089065559269,1.9562257120032496
BIO200_08318,BIO,200,4.15937273687536,4.473013310857789
ECON200_08319,ECON,200,2.5323228916021026,4.040639728630313
STAT100_08320,STAT,100,4.26732005268164,4.323025798013721
CHEM100_08321,CHEM,100,3.8771613500451476,2.9949268579805306
CS300_08322,CS,300,3.4578407155476554,4.266317968771535
CS500_08323,CS,500,2.370520261721438,4.459190837978792
STAT200_08324,STAT,200,3.0094546068582724,3.578828401919749
MATH200_08325,MATH,200,1.5411782409928132,3.6790317962771337
MATH400_08326,MATH,400,2.327202372406672,2.0028116713436135
BIO300_08327,BIO,300,1.7284888809126113,3.358080140814727
PSYCH500_08328,PSYCH,500,1.1459458693664457,3.662844961068075
ENGL100_08329,ENGL,100,1.5745396077872291,3.1158847749941048
MATH200_08330,MATH,200,3.8791339510619514,2.377321708098489
ECON400_08331,ECON,400,2.878822481033259,1.128042725467981
CHEM500_08332,CHEM,500,4.474112038500486,2.7370956010950467
BIO300_08333,BIO,300,4.900598282046693,3.0506910047926428
ENGL100_08334,ENGL,100,1.1206040719583155,4.591494879962761
ENGR400_08335,ENGR,400,4.032807526404859,1.0006795869465543
CHEM100_08336,CHEM,100,2.2820693003347308,2.2579089519361824
BIO300_08337,BIO,300,2.224622480395408,4.903224242668635
PHYS300_08338,PHYS,300,1.7515760769161943,3.3655096055472686
CHEM200_08339,CHEM,200,4.846458474247543,2.5051122319973667
ENGL400_08340,ENGL,400,3.871929014581684,1.059764006600405
STAT200_08341,STAT,200,2.685815961861577,3.4472470774006085
STAT500_08342,STAT,500,2.748793663184213,4.7303455893291275
CHEM400_08343,CHEM,400,2.1410293150159263,1.541690082044183
STAT400_08344,STAT,400,3.7908080371673822,3.9209423326625394
PHYS300_08345,PHYS,300,2.5225440252528584,3.263504983412526
ENGL100_08346,ENGL,100,3.656491028277938,4.989440952877622
PHYS200_08347,PHYS,200,2.3123239615180102,4.435810629208158
PHYS100_08348,PHYS,100,2.56745182457015,3.346781671788509
PHYS300_08349,PHYS,300,4.954589796432638,1.2575551083115264
CHEM400_08350,CHEM,400,3.014728804997455,3.54155909005901
ECON500_08351,ECON,500,4.0743476695126954,2.167398098795014
MATH500_08352,MATH,500,3.3836683037238457,2.0382100035886563
STAT200_08353,STAT,200,4.051494201484642,4.021900185090249
CHEM100_08354,CHEM,100,2.4948396784613522,1.4993483402137673
PSYCH300_08355,PSYCH,300,1.7025688288553034,3.9135793375862353
CS200_08356,CS,200,2.6543394312693556,3.8200677731899355
MATH200_08357,MATH,200,3.552534258542216,3.2639682665460295
CS400_08358,CS,400,3.0224691453326957,2.543323448046315
PSYCH100_08359,PSYCH,100,2.710407203609314,3.8743893847194237
BIO400_08360,BIO,400,4.852272976315815,3.978706593117712
STAT100_08361,STAT,100,4.989861436511647,3.583309297998457
CHEM100_08362,CHEM,100,1.652332597663801,3.3778381430354822
BIO100_08363,BIO,100,3.715770682322462,2.219383082904938
BIO400_08364,BIO,400,1.895551781670156,2.166692144040741
BIO300_08365,BIO,300,3.038610371882064,4.787082154354579
ENGR500_08366,ENGR,500,4.739160641248153,3.6408133388781834
MATH400_08367,MATH,400,4.088713606956043,1.853222739185024
MATH400_08368,MATH,400,2.336988656463164,3.852116424454974
STAT300_08369,STAT,300,4.069944452994212,2.748516314637922
PSYCH400_08370,PSYCH,400,3.2166460974562554,4.476284204353168
MATH200_08371,MATH,200,3.549683962426999,4.641372346747621
ENGL500_08372,ENGL,500,2.8451816961394067,2.1001628679393027
MATH500_08373,MATH,500,3.247208988507014,2.4002890393849925
ENGL100_08374,ENGL,100,4.9052919638074854,3.9993393841690716
PHYS200_08375,PHYS,200,3.1308449743109907,2.3641056059660297
CHEM400_08376,CHEM,400,2.4462165885601133,4.6780639147861045
MATH500_08377,MATH,500,2.450525933761793,2.897800660826467
ENGR300_08378,ENGR,300,4.31799431776925,3.6192589111124267
ENGL100_08379,ENGL,100,4.592410070853624,1.9358243882116248
ENGR200_08380,ENGR,200,1.9533191269749857,3.7132538099127252
PSYCH400_08381,PSYCH,400,1.6432982748810043,3.4660534919544843
PSYCH500_08382,PSYCH,500,4.8672400275858,1.8891261101714343
PSYCH400_08383,PSYCH,400,4.001748126060808,2.5260777693965495
BIO100_08384,BIO,100,1.6928938602965964,2.2486213300045317
CHEM200_08385,CHEM,200,2.0319457158137064,1.0697763115380687
STAT300_08386,STAT,300,4.2212654662549935,2.301082570352667
ENGL100_08387,ENGL,100,1.296423627645829,1.7085978072353156
ENGR100_08388,ENGR,100,1.573606164299631,1.1257225834022386
MATH100_08389,MATH,100,2.473228695785389,1.434108972043186
ENGR500_08390,ENGR,500,1.1158056799665195,2.7891388434797704
ENGL200_08391,ENGL,200,4.664292966443769,3.763378427190645
BIO500_08392,BIO,500,1.4260329719012912,2.483447839781324
BIO100_08393,BIO,100,1.5986933809772248,1.9653204012484062
CS500_08394,CS,500,2.7239342688680783,3.5153097075195077
PSYCH200_08395,PSYCH,200,2.5900142065812335,4.20598765268536
PHYS500_08396,PHYS,500,3.0785653436666998,4.998325294415028
PHYS300_08397,PHYS,300,1.0189925993538855,3.590134319017434
MATH300_08398,MATH,300,3.2303207039038067,4.986845993715255
ECON400_08399,ECON,400,1.0769673794656973,1.3485265218601388
PSYCH100_08400,PSYCH,100,3.5815213818974185,4.167018992737622
PSYCH100_08401,PSYCH,100,1.833893958503522,2.2310235719428975
BIO300_08402,BIO,300,2.0266523875753957,1.8090240456918538
CS300_08403,CS,300,3.6810568439719202,1.1459887853965323
BIO200_08404,BIO,200,1.4312241254981148,2.1941518062447694
ECON100_08405,ECON,100,2.9827139758059875,3.654747202665629
PHYS100_08406,PHYS,100,4.261046964216822,4.098006954314899
PHYS400_08407,PHYS,400,3.1741846515506125,2.1454138456022
PHYS100_08408,PHYS,100,3.464813041100262,2.5242577386266114
ENGR500_08409,ENGR,500,4.536986769474645,4.221135415010508
ENGL200_08410,ENGL,200,4.8255016104572075,3.0136840590062
ENGR200_08411,ENGR,200,1.213987482025956,3.4276776603508132
PSYCH500_08412,PSYCH,500,3.0739077125097807,3.8280769067223126
STAT500_08413,STAT,500,4.739511721634633,4.532469112712688
STAT400_08414,STAT,400,2.743858902829243,3.7390905254008624
CS500_08415,CS,500,2.9032701831487793,4.4418872885949625
BIO100_08416,BIO,100,2.94957686986565,2.199679906914292
STAT500_08417,STAT,500,3.8461436262389346,1.0394664258126918
STAT400_08418,STAT,400,2.4305479188898635,2.8767798357112997
BIO500_08419,BIO,500,1.084514559969954,3.839352214477198
ENGL200_08420,ENGL,200,2.703534357930161,3.9488929346379593
CS100_08421,CS,100,1.5424907110500237,1.8677595661305149
ENGR500_08422,ENGR,500,3.752367847473235,1.1164418988281604
PSYCH500_08423,PSYCH,500,1.1468393671133272,4.544896727785506
CS500_08424,CS,500,1.2722584195222195,1.7642882003332687
PHYS100_08425,PHYS,100,1.3268431941139998,3.325878786699217
PHYS200_08426,PHYS,200,3.4191972007313787,3.132195014626805
STAT100_08427,STAT,100,4.076068140269873,3.742164195307695
MATH500_08428,MATH,500,1.8519115978059295,2.4771542493340273
ENGR400_08429,ENGR,400,3.3229092615274816,2.1113416464115677
PSYCH200_08430,PSYCH,200,2.642934311518078,4.991316435767718
ENGL300_08431,ENGL,300,1.5975892511959988,2.289398031274835
PSYCH100_08432,PSYCH,100,2.7295346242345286,4.889336231947072
ECON100_08433,ECON,100,2.446366139744709,4.679187783762284
ECON100_08434,ECON,100,4.0743197200443735,1.6034244543081786
CHEM300_08435,CHEM,300,1.7105075471369537,3.9585304622700703
PHYS500_08436,PHYS,500,2.2905958139499143,4.548402221848088
CHEM100_08437,CHEM,100,3.5032501226107295,1.8442711640273997
ENGL300_08438,ENGL,300,1.998713746992335,1.9205012345035541
STAT300_08439,STAT,300,3.2599783427335316,3.407958017807565
ENGR200_08440,ENGR,200,2.026688285705358,2.975030648657598
MATH200_08441,MATH,200,3.2594333950831818,3.1930741095654085
STAT500_08442,STAT,500,3.5810732795932014,3.948040456098295
PSYCH400_08443,PSYCH,400,1.0194786318152613,3.204290522681204
CHEM200_08444,CHEM,200,4.4610886543563035,1.9728776217317465
PSYCH300_08445,PSYCH,300,3.1547353273333134,1.419132126718841
BIO200_08446,BIO,200,1.711493385114518,1.0373738723116301
ECON100_08447,ECON,100,4.2453482481577485,4.849126503976056
PHYS500_08448,PHYS,500,1.0789143796116463,1.1265889576763848
CHEM200_08449,CHEM,200,2.0348813358999047,1.9198793061933577
ENGR400_08450,ENGR,400,1.0336223608620312,1.124701268674992
ECON400_08451,ECON,400,3.5034431727304245,4.949912844634996
PHYS500_08452,PHYS,500,1.664981714206533,4.04629281568884
ENGR300_08453,ENGR,300,3.7611327518750395,3.7103998039540538
STAT300_08454,STAT,300,1.787679294946193,1.1410354882905445
PSYCH300_08455,PSYCH,300,1.7684720957794369,4.8223257494501635
STAT400_08456,STAT,400,3.5498023786510475,4.453235372433559
MATH100_08457,MATH,100,1.8322594895646174,4.796738027215494
CS200_08458,CS,200,2.115084140099324,1.4076050844236034
CHEM400_08459,CHEM,400,2.086212319136155,1.8946347726998516
PHYS400_08460,PHYS,400,2.708036798938439,1.9535500797572882
ENGL400_08461,ENGL,400,3.3813572664903453,4.163027369444205
ENGL200_08462,ENGL,200,4.709429827839848,2.88400306978211
ECON200_08463,ECON,200,2.897041448794192,4.722743291658487
CS100_08464,CS,100,2.080374257286164,4.146705577201921
ENGL200_08465,ENGL,200,4.511868905353859,3.6207563688646895
STAT300_08466,STAT,300,4.685819794181479,4.859414632614246
ENGL500_08467,ENGL,500,3.7615029978192007,3.6603416059807943
CHEM200_08468,CHEM,200,3.560052566567757,2.5202225488146954
CS100_08469,CS,100,3.492095352520421,2.5308504746634166
PHYS400_08470,PHYS,400,4.897112318463852,4.726429601736685
MATH100_08471,MATH,100,4.808847291201102,4.2306858658415285
CHEM500_08472,CHEM,500,3.8911952604053863,2.055765971206397
CHEM500_08473,CHEM,500,3.1795176853646714,2.8740444744787412
PSYCH300_08474,PSYCH,300,2.483354573903699,1.9719650280167023
MATH200_08475,MATH,200,2.2903283830706203,4.037706671823605
CHEM100_08476,CHEM,100,4.864776913767466,2.2557021807821998
MATH500_08477,MATH,500,4.031355498984471,3.455955530351454
STAT400_08478,STAT,400,3.988498925704119,1.801717887455855
STAT400_08479,STAT,400,2.1635557206038123,2.0761025838604663
BIO300_08480,BIO,300,1.7428668597264463,3.8641823743530863
CS400_08481,CS,400,1.0512540165027935,1.813325783781691
STAT100_08482,STAT,100,3.603942519119975,4.156351486888532
STAT300_08483,STAT,300,3.167894884222136,2.6525315403279937
BIO400_08484,BIO,400,2.3616420538977247,3.0069734706472953
CS200_08485,CS,200,2.0566361598391856,2.6747739158881028
MATH500_08486,MATH,500,2.315952062066443,4.361555694516586
CS200_08487,CS,200,1.1958462574342597,3.7347997337973275
ECON300_08488,ECON,300,3.7598125867577044,4.316436095970857
ENGR500_08489,ENGR,500,4.958029715631834,3.2968264306641397
ENGR500_08490,ENGR,500,4.77880991509905,1.3420286914744652
BIO300_08491,BIO,300,2.343110659542041,4.671967305804779
MATH100_08492,MATH,100,2.061434717341443,3.9734680734637533
PSYCH400_08493,PSYCH,400,1.3998816936415097,4.9921431227240145
ENGR300_08494,ENGR,300,3.117796053471695,1.6512283390543692
ENGR100_08495,ENGR,100,1.2804116653091984,2.291480172282453
ECON400_08496,ECON,400,3.6904240155392194,1.5022425620775182
PSYCH400_08497,PSYCH,400,1.0387135186696939,1.2244270298607742
ENGL400_08498,ENGL,400,3.2442944442105057,1.8658739524003058
CHEM400_08499,CHEM,400,2.5951698040149873,1.5141509001582474
MATH300_08500,MATH,300,4.86108886449472,1.0239176754432942
STAT100_08501,STAT,100,1.2621473989741743,2.564786077785349
ECON200_08502,ECON,200,3.9280985293726376,4.2636472948276065
BIO500_08503,BIO,500,3.7583175357100673,1.5388591278386716
PHYS100_08504,PHYS,100,2.9509233509964945,1.4500164979122574
MATH400_08505,MATH,400,3.7160860091913612,1.5461070699999406
ENGL400_08506,ENGL,400,2.902592182786957,2.7360688315072816
STAT300_08507,STAT,300,2.530135913252547,1.933246490769704
ENGL300_08508,ENGL,300,2.1515839566206525,4.65661881869944
ECON500_08509,ECON,500,4.981416449357723,3.015141226996365
MATH400_08510,MATH,400,3.167232868094406,4.81825085471325
ENGR100_08511,ENGR,100,3.4630805940003317,3.051860479928532
PSYCH200_08512,PSYCH,200,4.558244490233863,4.054027022903327
PSYCH400_08513,PSYCH,400,1.9452883994617611,2.475448264632078
ECON500_08514,ECON,500,4.960148107201597,2.3494083712912155
ENGL500_08515,ENGL,500,4.758415427598287,3.3909095796488846
MATH100_08516,MATH,100,2.535330969158523,3.8818193753643726
STAT400_08517,STAT,400,4.848922963086938,3.0047623512116393
ENGL400_08518,ENGL,400,1.5100870924398477,1.8956319496876315
PSYCH500_08519,PSYCH,500,3.624976470442658,3.8399500612796316
BIO500_08520,BIO,500,1.0711522220430578,1.444136802452837
BIO300_08521,BIO,300,3.8201836637988977,1.5176110445492346
CHEM100_08522,CHEM,100,4.891516344073722,3.2628764573831983
STAT300_08523,STAT,300,3.793668207128814,3.0727211340472707
MATH200_08524,MATH,200,2.481639555724123,3.030946359373412
ENGR300_08525,ENGR,300,4.103991537882655,4.216642653735628
BIO300_08526,BIO,300,1.6433109587872194,2.3532339791462
STAT400_08527,STAT,400,2.781706809615967,1.6222248893174198
ECON100_08528,ECON,100,3.038053228902791,1.318082946954656
PSYCH100_08529,PSYCH,100,3.0714110767653575,2.37213960750654
PHYS200_08530,PHYS,200,1.8369068237746329,3.0447584272928903
PSYCH300_08531,PSYCH,300,3.980426581938152,1.5416659743740078
PSYCH100_08532,PSYCH,100,1.2967136187926642,1.5766290944070724
MATH100_08533,MATH,100,4.937331544594174,3.1889623106972693
BIO100_08534,BIO,100,1.1369121372836006,3.594949941167055
CHEM300_08535,CHEM,300,2.1409140444938854,2.7585940329851613
ENGR300_08536,ENGR,300,3.416778231247767,4.141747600463193
CHEM200_08537,CHEM,200,1.34570521096687,4.412884819736262
CHEM100_08538,CHEM,100,2.102967297418006,1.090745492006537
ENGR400_08539,ENGR,400,4.61662167330109,1.808367374425341
MATH400_08540,MATH,400,3.7469197463496675,3.5742147337188483
ENGL500_08541,ENGL,500,3.0189701733925536,3.4991280572473613
ECON500_08542,ECON,500,1.2934959669504824,1.907408925788281
CS100_08543,CS,100,3.5044967794931976,3.0904530765288523
BIO400_08544,BIO,400,3.4786452972699884,4.063811894684074
ENGR100_08545,ENGR,100,4.515610313761083,2.3510461542143686
CS500_08546,CS,500,4.024319150050923,2.701638487044609
PHYS400_08547,PHYS,400,1.5362810102378273,3.949312885525776
ENGR500_08548,ENGR,500,2.3278211146992973,1.8019095153855766
MATH300_08549,MATH,300,2.28480315931941,2.2333164146454383
BIO200_08550,BIO,200,1.1787422657242308,1.818302158733736
BIO200_08551,BIO,200,2.0080313587905128,3.497668901624339
MATH300_08552,MATH,300,3.569384953759917,1.7958461994562467
ENGR200_08553,ENGR,200,4.731295258489426,4.144832024009512
BIO300_08554,BIO,300,2.9236152893836502,2.1160127924751824
PSYCH200_08555,PSYCH,200,1.4407978194370137,3.549973467506384
BIO200_08556,BIO,200,4.196762765771387,1.4857346068358774
CS500_08557,CS,500,3.4492452744880597,3.994724302741036
STAT500_08558,STAT,500,4.203296412884694,2.333493839406332
STAT100_08559,STAT,100,1.1086845971561705,4.0259132338703125
ECON200_08560,ECON,200,1.7430339363487581,4.576622472754368
CHEM100_08561,CHEM,100,1.6241904927192112,4.599927548958721
PSYCH200_08562,PSYCH,200,2.0313799541956383,3.046879371812909
ECON200_08563,ECON,200,2.643034120563099,4.35348120409216
CS300_08564,CS,300,2.719844810794161,1.3396072170726376
CS100_08565,CS,100,3.0552155534923306,4.334016488978205
PSYCH300_08566,PSYCH,300,3.4566805875602196,4.24232440106469
PSYCH200_08567,PSYCH,200,2.690063641586396,2.628158392502049
MATH300_08568,MATH,300,1.089333814988056,2.4659177586652836
PSYCH500_08569,PSYCH,500,3.690732289337501,2.2902624125328037
BIO100_08570,BIO,100,2.1164154062533673,1.1203888715403645
ECON300_08571,ECON,300,1.3155906278927647,3.174640132179587
PHYS500_08572,PHYS,500,1.4381611135078494,3.1043543895007573
STAT300_08573,STAT,300,2.023363932516303,3.6586494450651568
BIO200_08574,BIO,200,2.6040504739439743,3.7586835952259587
MATH200_08575,MATH,200,1.1207540529759563,2.480107089758794
ENGR400_08576,ENGR,400,1.6409686368324299,4.444348859869998
ECON500_08577,ECON,500,2.355051180299685,2.301455931888515
PHYS100_08578,PHYS,100,3.5064856977352217,1.2117275557384417
CHEM300_08579,CHEM,300,2.564273640818789,3.169931561601758
PSYCH200_08580,PSYCH,200,2.9675296094746213,2.7951574755934736
ENGR100_08581,ENGR,100,3.6779839598268462,4.531034541002741
MATH400_08582,MATH,400,1.8741526208306936,4.293895513283031
BIO400_08583,BIO,400,2.187662438964546,4.875951820482502
ENGR300_08584,ENGR,300,2.3627654354016965,2.6953925115755206
PSYCH200_08585,PSYCH,200,4.993761257359784,2.8506798074592656
ENGL500_08586,ENGL,500,3.832872416659841,1.0852435489633572
MATH500_08587,MATH,500,4.189650809114261,4.951394376336282
CHEM300_08588,CHEM,300,2.936486232440106,2.340106487349171
ENGL500_08589,ENGL,500,1.7537770219331645,3.801990067973244
STAT100_08590,STAT,100,2.1966786606995465,3.2878149315042178
MATH400_08591,MATH,400,2.267321976085565,4.892895381687392
ENGL200_08592,ENGL,200,4.101157274877435,1.2873884122735557
ENGL500_08593,ENGL,500,3.081095563038721,3.9764784936017747
MATH300_08594,MATH,300,3.166307869725595,4.946188677020896
ENGL500_08595,ENGL,500,4.031091045191642,3.0716523919990393
ENGR100_08596,ENGR,100,4.926994225596029,4.953274845874416
ENGL400_08597,ENGL,400,3.9915780302612274,2.776225320295227
ENGL100_08598,ENGL,100,3.707237699440988,1.3588408689597316
PSYCH200_08599,PSYCH,200,2.8342008980820426,3.7139559884347713
CHEM300_08600,CHEM,300,1.8006942181116594,1.4837169259714198
ENGR300_08601,ENGR,300,4.613860119988631,1.338759564027233
BIO300_08602,BIO,300,3.3903120089734653,3.84315141449404
ENGL100_08603,ENGL,100,3.3334938184236074,3.3425026774837447
BIO100_08604,BIO,100,4.579788296046773,3.0483799039054715
PSYCH500_08605,PSYCH,500,1.7694266648035746,1.1343170072406012
CS500_08606,CS,500,1.7307116777251288,2.5029355368992436
CHEM300_08607,CHEM,300,3.4293398836241984,4.442476976129611
CS200_08608,CS,200,2.252451163003008,4.408469237658327
ECON500_08609,ECON,500,1.3151534094747608,4.23529517913202
ENGL400_08610,ENGL,400,4.3703642206891935,2.262316757792809
CHEM100_08611,CHEM,100,3.055252962467408,1.3891770464771334
MATH300_08612,MATH,300,3.2299056527647636,1.2328219608670494
MATH400_08613,MATH,400,2.1553541319174765,1.9269884654739595
CS400_08614,CS,400,4.2466058569004925,2.2136452012593613
PSYCH300_08615,PSYCH,300,3.5825392982969664,1.0802944166965212
PSYCH200_08616,PSYCH,200,4.9513209345447216,1.9451101660121437
ECON100_08617,ECON,100,2.5234646834805035,2.8016421660600517
PHYS200_08618,PHYS,200,4.601772187968743,4.87279062954028
PSYCH500_08619,PSYCH,500,4.661596745348019,4.257093338373792
CS200_08620,CS,200,1.8070913865595033,1.2332639136211925
BIO500_08621,BIO,500,1.8663040673627593,3.7464318017157647
MATH300_08622,MATH,300,4.722079740703883,1.42407071149368
MATH200_08623,MATH,200,1.5256070032831888,2.566520516211014
ECON300_08624,ECON,300,3.2230153147010636,2.6194576814449086
PHYS300_08625,PHYS,300,4.731847436162105,2.0475398266572853
BIO100_08626,BIO,100,3.0564540819883392,3.311185632202536
ECON500_08627,ECON,500,3.770238284706427,1.9798004525799522
CS300_08628,CS,300,4.009994486571738,1.3114103997395525
CS200_08629,CS,200,3.3638013611214355,3.3262071063036407
PSYCH300_08630,PSYCH,300,1.1276162089308523,3.958100644798954
CHEM400_08631,CHEM,400,3.91115242093522,3.486255123898243
CS200_08632,CS,200,4.676720679282212,2.34879836021393
ECON100_08633,ECON,100,3.9535501417613585,1.6104704368636669
PHYS100_08634,PHYS,100,3.1676327658604757,3.906750919867385
CS100_08635,CS,100,2.4250485982144974,2.3819390473346957
STAT400_08636,STAT,400,3.69530250264614,4.63117479182354
BIO300_08637,BIO,300,4.843225772496604,4.159208510354464
CHEM400_08638,CHEM,400,4.4292901907726385,1.1243097410186964
BIO200_08639,BIO,200,1.5603858493428713,2.042058047483741
CHEM200_08640,CHEM,200,4.870733037651685,2.9337579008689136
STAT100_08641,STAT,100,4.219165695197255,4.614716990118731
ENGR100_08642,ENGR,100,2.1004068050151723,2.2697671973662814
ECON500_08643,ECON,500,1.7837265900902004,2.2222962432030626
ECON400_08644,ECON,400,2.885530974240122,2.089455026088339
CHEM400_08645,CHEM,400,1.0751936484992162,4.299625928512633
CS100_08646,CS,100,1.7229129018674132,4.27710712318849
ENGL100_08647,ENGL,100,2.6779454888638017,2.2929578476156203
PSYCH500_08648,PSYCH,500,3.1664733996620713,1.9644741363503
ENGR500_08649,ENGR,500,2.8119736977558243,1.6015208525937692
PHYS400_08650,PHYS,400,1.7909111837173746,4.053561209725595
CS500_08651,CS,500,2.8717492645286202,2.0485318970629596
MATH300_08652,MATH,300,2.2839109051875788,1.6288281977881476
ENGR300_08653,ENGR,300,4.173329451570015,2.5236276184284745
ENGR200_08654,ENGR,200,1.3095084317750425,4.30728765836751
STAT200_08655,STAT,200,3.726375317092716,4.413659487138497
ECON400_08656,ECON,400,3.5783442148506874,1.4019868496286358
ENGR200_08657,ENGR,200,4.742286659145062,4.387112816503528
STAT500_08658,STAT,500,2.096979589607109,2.525812355078169
BIO300_08659,BIO,300,3.056545169767541,3.488983194323905
PSYCH500_08660,PSYCH,500,4.53490758170903,2.4926486342940612
STAT100_08661,STAT,100,3.506608309029061,3.649024993128081
ENGR400_08662,ENGR,400,4.669335735866966,1.4016245289271887
BIO200_08663,BIO,200,1.7861690032938147,2.264917920697114
CHEM200_08664,CHEM,200,1.0312268522008265,1.2767073015213968
CHEM400_08665,CHEM,400,3.98447425400487,3.014614283560648
BIO500_08666,BIO,500,2.1582880536504234,4.755818942883055
PHYS200_08667,PHYS,200,2.5638811191194506,4.207388771705346
ENGL400_08668,ENGL,400,3.399806696111076,4.473723385093366
ECON500_08669,ECON,500,2.0386640397725735,3.0821222699783
STAT500_08670,STAT,500,1.8882143373239897,1.3402246039854786
ENGR200_08671,ENGR,200,1.2361694976585391,4.515072073916287
PHYS200_08672,PHYS,200,1.5422899120412397,3.8562963378739887
CS300_08673,CS,300,1.6484796132713573,4.176632949941498
CHEM400_08674,CHEM,400,1.2503897468692267,2.261385097022926
MATH200_08675,MATH,200,2.509930334604965,1.0642063586399195
ENGL100_08676,ENGL,100,3.64298827233112,4.522931344866949
STAT500_08677,STAT,500,2.9522405301477526,2.1695716184425
ECON300_08678,ECON,300,4.533047293725375,4.981942775287592
PSYCH100_08679,PSYCH,100,2.607598986120714,2.9994106952135495
CHEM300_08680,CHEM,300,3.9333895958802634,3.9089506010062176
BIO500_08681,BIO,500,1.2234377773462772,3.8783954473007562
STAT100_08682,STAT,100,1.392335223196791,4.403964188304563
CHEM100_08683,CHEM,100,2.004537689263832,4.375734064404951
STAT500_08684,STAT,500,4.281328254122116,1.0056556285091287
CS200_08685,CS,200,3.4983558631685434,1.1374629153033031
ECON400_08686,ECON,400,3.4414573394514845,1.6680445323357396
CHEM400_08687,CHEM,400,4.531334964302925,3.9472605815114066
PHYS100_08688,PHYS,100,2.55078478819443,3.538588420268591
PHYS500_08689,PHYS,500,2.093006751340932,3.401225937729066
BIO500_08690,BIO,500,1.451321607225168,3.747804823701908
ENGL200_08691,ENGL,200,2.7716650680550856,2.6822054247001836
ECON100_08692,ECON,100,4.434186831781896,4.175704182180958
STAT400_08693,STAT,400,4.171415739526504,2.3122160822790496
STAT100_08694,STAT,100,1.5053252843945213,2.7132396426744734
BIO100_08695,BIO,100,2.0006868390335013,1.9100179597452196
STAT300_08696,STAT,300,4.374817302227058,1.848631161540267
MATH100_08697,MATH,100,4.177135274628606,1.7352841737603173
CS300_08698,CS,300,2.5558682696468877,4.8672450232936155
PSYCH500_08699,PSYCH,500,3.6114350391885774,4.743507582673589
ECON500_08700,ECON,500,3.35346635179113,4.889195524480348
STAT100_08701,STAT,100,4.942677445760436,4.574513633784189
PSYCH300_08702,PSYCH,300,1.7020739097693762,1.7739342797605167
CHEM100_08703,CHEM,100,3.085128255396056,1.1277305914443412
PHYS200_08704,PHYS,200,1.2522707642159379,1.6139179919118338
ENGL500_08705,ENGL,500,3.855410546036102,3.456253250917478
CHEM500_08706,CHEM,500,2.908831447241616,1.4632539263664617
BIO200_08707,BIO,200,1.5430849508511817,1.896064751211509
ECON400_08708,ECON,400,3.808836732853414,4.163552131022538
PHYS400_08709,PHYS,400,3.5315196133649334,4.298364151104339
PHYS300_08710,PHYS,300,1.3886689316355318,4.460327907516426
BIO200_08711,BIO,200,1.9749305020435997,2.2350174521782953
STAT300_08712,STAT,300,1.8128795664643667,3.743033895545951
ENGR400_08713,ENGR,400,3.842481833460894,3.4692407171222475
CHEM100_08714,CHEM,100,4.292325236052969,4.598768561701602
MATH300_08715,MATH,300,1.8204115720696823,4.790519890967067
PSYCH200_08716,PSYCH,200,2.33970015149255,2.366126853740643
CHEM300_08717,CHEM,300,2.602132527255394,1.205357112299895
ECON400_08718,ECON,400,1.535354713229216,2.8610508242445465
PHYS400_08719,PHYS,400,4.200799161071106,3.49044670513855
ENGL100_08720,ENGL,100,2.994039410979877,1.6953259205223103
PHYS500_08721,PHYS,500,1.5209259810620153,2.98674206637113
ENGL300_08722,ENGL,300,2.8333371928069067,4.933221984483943
ENGL200_08723,ENGL,200,1.0045711117550602,2.3356929927606487
STAT100_08724,STAT,100,2.74055805207959,4.428368731667593
CHEM400_08725,CHEM,400,2.5914273179512786,2.206422519557042
PSYCH400_08726,PSYCH,400,2.924350719761287,3.1840836446568788
PSYCH400_08727,PSYCH,400,1.7610488278637142,3.8930194262979123
PHYS200_08728,PHYS,200,1.8169750599280547,2.523966585174819
CS400_08729,CS,400,1.6749796657911502,4.606703189972187
ECON200_08730,ECON,200,1.408818204656677,1.6273818806646565
ENGL400_08731,ENGL,400,2.5864717688927614,1.7915465000293573
CHEM400_08732,CHEM,400,2.9142117765151867,2.7952158739840876
PSYCH400_08733,PSYCH,400,4.437525626069604,4.608874585914232
BIO500_08734,BIO,500,4.717832855678631,4.029436750997503
ENGL500_08735,ENGL,500,1.4470338654346109,2.338997204736135
ENGL100_08736,ENGL,100,2.829382070586507,4.772809106881514
PSYCH200_08737,PSYCH,200,1.2927400776858367,1.5119128819474836
PHYS100_08738,PHYS,100,4.905574900542849,1.8873175266677986
BIO100_08739,BIO,100,3.320943010865942,1.2019647349507698
MATH100_08740,MATH,100,3.472749006396666,3.7891832434837283
CS300_08741,CS,300,1.7998609650817454,4.960147404988813
PHYS400_08742,PHYS,400,1.1234584332672504,3.4089611211738946
ENGL300_08743,ENGL,300,4.309045579623761,3.915063701213159
PSYCH200_08744,PSYCH,200,4.752552347624455,4.583701224101723
PSYCH200_08745,PSYCH,200,3.3543705253970297,4.264991870945772
PSYCH500_08746,PSYCH,500,2.1249397664316216,1.8520934089784524
ENGL300_08747,ENGL,300,1.2946188626938127,1.0033125455771223
CHEM200_08748,CHEM,200,4.763377905881551,2.0255944262044583
PSYCH200_08749,PSYCH,200,2.135071311238315,3.710725369558028
PSYCH200_08750,PSYCH,200,3.224747574685361,2.6021834586384047
CHEM300_08751,CHEM,300,2.5946524780683324,3.6453407404646794
MATH500_08752,MATH,500,3.772848056133724,3.831317337335634
CS500_08753,CS,500,2.3627330162667635,2.203291827137517
MATH100_08754,MATH,100,2.4438240350882867,4.050707861068663
ENGL200_08755,ENGL,200,3.2044575798493917,4.054880744465683
CHEM400_08756,CHEM,400,2.7495576292172825,1.7395165411374442
CS300_08757,CS,300,2.013384001828024,2.1434721900649523
CHEM100_08758,CHEM,100,3.1798773838851107,4.049628965246379
ENGR300_08759,ENGR,300,2.8387190549518424,4.300969462481156
PSYCH200_08760,PSYCH,200,1.1392021476924774,2.313735583914337
ENGL300_08761,ENGL,300,4.721384349191686,2.7909362044616652
STAT200_08762,STAT,200,2.3404227254175898,4.54225362694214
BIO500_08763,BIO,500,4.410086434858834,1.7912607577145283
PSYCH400_08764,PSYCH,400,2.637760655002421,4.615286912965068
PSYCH200_08765,PSYCH,200,3.0915514565798827,2.6011670691364475
CS300_08766,CS,300,1.1335593240263848,2.6678086040166957
MATH200_08767,MATH,200,1.6000069344975407,3.6931995656245897
ECON200_08768,ECON,200,2.0256518180676113,3.2281066414311144
CS300_08769,CS,300,3.934078282944286,1.37905383728636
BIO300_08770,BIO,300,3.8786877831552515,2.945474797332984
MATH100_08771,MATH,100,3.7146502466830573,1.4220897936140613
STAT500_08772,STAT,500,3.8160747529839214,1.446176317440735
BIO400_08773,BIO,400,2.1664251654034166,3.5747294344329172
BIO500_08774,BIO,500,1.6465619471504018,3.280717485587841
ENGL300_08775,ENGL,300,3.7690262042018823,2.9224068154637366
ECON300_08776,ECON,300,1.0773135589085654,2.4666040532819733
ENGL400_08777,ENGL,400,3.7170703332888193,4.832583564968173
BIO100_08778,BIO,100,1.1809268965751878,2.5848156809392893
STAT400_08779,STAT,400,3.484826055622828,4.808166799794508
CS400_08780,CS,400,1.4916393219983828,3.8176004979031792
BIO300_08781,BIO,300,3.6475627916061533,2.1831451078826523
BIO200_08782,BIO,200,4.748565921212016,4.446402036427793
CHEM500_08783,CHEM,500,4.403002221951705,3.3461125261217934
PHYS300_08784,PHYS,300,2.3005635271219975,1.6757558105007915
PSYCH400_08785,PSYCH,400,1.595682090593852,4.839015355270652
MATH300_08786,MATH,300,4.227814710110456,2.9976633224614244
STAT500_08787,STAT,500,4.623594716435156,3.3219240548452516
ECON200_08788,ECON,200,2.3344283858979735,3.305498765305232
CS500_08789,CS,500,1.029942192157252,3.466400863781743
BIO200_08790,BIO,200,3.648779036002931,2.153362722692452
STAT100_08791,STAT,100,1.2422001837969754,2.9212941977190896
BIO400_08792,BIO,400,1.499735488306027,4.239750546736333
PHYS300_08793,PHYS,300,3.2034460709119497,1.8114949827370004
ENGR500_08794,ENGR,500,3.5323799046590407,4.4978720861976065
ECON500_08795,ECON,500,2.085832616819562,2.3679544775926162
CS200_08796,CS,200,3.901597749047719,3.0035989093136854
STAT100_08797,STAT,100,2.672210692042633,4.232412591791443
ENGL100_08798,ENGL,100,3.8306085623594615,4.089567652987936
ENGL100_08799,ENGL,100,3.2662367280792415,4.510615654110644
CS500_08800,CS,500,3.3675221034142173,3.5710077246311975
ENGR400_08801,ENGR,400,1.6827498083220274,2.0617623540366465
MATH100_08802,MATH,100,1.6485084390859561,3.1136888200984023
ENGR200_08803,ENGR,200,4.499219116311032,2.1840724776571876
MATH100_08804,MATH,100,3.993198869240168,4.138631523356741
ENGR200_08805,ENGR,200,1.9685406668680838,3.9794096557912657
BIO100_08806,BIO,100,3.223756800812852,4.599589450460813
ENGR400_08807,ENGR,400,4.1756881494901705,1.547157599176522
PHYS400_08808,PHYS,400,2.1872319028871408,2.184510210735328
CHEM300_08809,CHEM,300,2.1672159684513645,2.27877588686459
CS500_08810,CS,500,4.706516185100185,2.575872744946512
ENGR200_08811,ENGR,200,1.9437826369731792,2.9541242473930804
ENGL500_08812,ENGL,500,1.1529224356719245,2.6269834621611543
MATH100_08813,MATH,100,2.6924726990827335,1.461497563098702
PSYCH200_08814,PSYCH,200,3.185852412581412,1.663129597450725
STAT300_08815,STAT,300,2.2835336209416672,2.8052373726253372
STAT100_08816,STAT,100,4.539508770261071,1.4711876289162436
ECON200_08817,ECON,200,1.378266445232342,1.728655352851701
PHYS200_08818,PHYS,200,2.4481669755435775,1.4341395631754557
CS100_08819,CS,100,4.265631211998043,3.294559207759138
CS300_08820,CS,300,2.9926017724578466,2.037878535239631
PHYS300_08821,PHYS,300,2.1680364019111966,1.1104010186637714
ENGL100_08822,ENGL,100,4.056831705245317,4.468094397467253
CHEM200_08823,CHEM,200,1.8432691953969496,1.7775009451867079
STAT100_08824,STAT,100,4.4020029317015075,2.122308767621512
BIO500_08825,BIO,500,2.5502566658896657,2.2383121730969617
PSYCH300_08826,PSYCH,300,2.568724911985029,3.3547402775657833
PHYS100_08827,PHYS,100,4.776012731875755,1.3872812526104639
STAT500_08828,STAT,500,1.3551829221310494,4.405185002882758
ECON100_08829,ECON,100,4.8683461340799195,1.4995053233366313
CHEM300_08830,CHEM,300,4.485864065784588,1.1609487679589936
ENGR400_08831,ENGR,400,3.7589724269213947,3.0020121394726766
MATH200_08832,MATH,200,3.848486355116454,3.6526542761219747
BIO400_08833,BIO,400,4.585907676756175,3.5299807856966816
PSYCH300_08834,PSYCH,300,1.11213361207354,1.2614849154611756
CHEM100_08835,CHEM,100,2.5726787009588037,1.2668644334001682
ENGR300_08836,ENGR,300,3.393676791037152,2.3224070784118407
MATH200_08837,MATH,200,3.2865042057910774,2.845187842919307
CHEM500_08838,CHEM,500,3.1971288896540484,4.449240958496546
BIO100_08839,BIO,100,1.9157257958325542,3.7668429752326116
BIO500_08840,BIO,500,1.2525734219212064,1.9189975623944417
PHYS100_08841,PHYS,100,2.2584944069937434,2.9522024300166194
CS300_08842,CS,300,3.6061682477049386,4.6781771022055985
PHYS500_08843,PHYS,500,2.518399731139192,1.9202474073294389
CHEM500_08844,CHEM,500,2.038214229279663,3.9930503652203204
STAT500_08845,STAT,500,3.163864714028828,1.1323329881310924
CS200_08846,CS,200,3.2992257065707715,2.4431299222267615
CHEM200_08847,CHEM,200,2.6331389368210347,1.6459947508423145
PSYCH300_08848,PSYCH,300,3.249908877441392,3.0781809860937264
CS100_08849,CS,100,1.4927712439006822,1.8628803947523371
BIO400_08850,BIO,400,3.794674002193606,3.5191016677469356
CS300_08851,CS,300,3.544349580021878,1.204022814967709
CHEM400_08852,CHEM,400,1.592427298043734,3.2340570194647724
BIO200_08853,BIO,200,4.989211702698919,3.651777050279604
BIO300_08854,BIO,300,4.68516967357195,1.3243975968591255
PHYS300_08855,PHYS,300,3.201523103379132,2.4376837848651305
BIO100_08856,BIO,100,1.8158314180573383,2.6230070039846307
BIO100_08857,BIO,100,2.506202670016743,3.1443905673025494
CHEM200_08858,CHEM,200,3.7804334455844106,4.580602765459225
CHEM100_08859,CHEM,100,1.9280566176780436,3.1650598888884836
ENGR400_08860,ENGR,400,3.029890779412918,4.329643422018423
PSYCH300_08861,PSYCH,300,2.891530193110592,3.0101374872155016
CHEM500_08862,CHEM,500,4.383026664088649,4.547368078965848
ECON200_08863,ECON,200,2.5136076751253142,3.9512888902971603
ENGR200_08864,ENGR,200,1.7544982044383843,1.7245509200200604
ENGR300_08865,ENGR,300,1.4248952324659703,1.5351655276012588
PSYCH200_08866,PSYCH,200,3.3890798618165667,4.715345037867506
ENGL300_08867,ENGL,300,2.8548418035063636,3.747232374869554
PSYCH100_08868,PSYCH,100,2.4466287714204022,3.727697468767994
STAT200_08869,STAT,200,3.5247918505033313,3.1873581793275974
STAT500_08870,STAT,500,3.454533402380245,3.1994407930016555
MATH500_08871,MATH,500,1.8965113085283738,2.8987408328528
MATH500_08872,MATH,500,1.7807117037374756,4.641732995005315
PSYCH100_08873,PSYCH,100,3.318175694208539,1.4549295701292229
ENGR200_08874,ENGR,200,2.661540792303518,4.763441309347787
ENGR300_08875,ENGR,300,1.9801190565439026,4.81034500817754
CHEM300_08876,CHEM,300,1.6090641332655227,3.795839625790208
PHYS300_08877,PHYS,300,1.935304411617064,1.4280173285697173
ENGL300_08878,ENGL,300,1.8941752510222911,3.6601672367182534
CHEM100_08879,CHEM,100,3.5505591436521295,4.193305353440299
ECON200_08880,ECON,200,2.4546316432292428,3.71977871932346
PHYS400_08881,PHYS,400,1.751481383218497,1.1137232666892305
PSYCH400_08882,PSYCH,400,1.5270469070290011,2.423460576829914
PHYS100_08883,PHYS,100,3.721714771967261,2.6332017208089935
PSYCH500_08884,PSYCH,500,4.8808830902478695,1.278233876175598
ENGL200_08885,ENGL,200,4.315950134814418,3.940801497517952
ENGR200_08886,ENGR,200,2.9142114625604068,4.530863836672582
CHEM100_08887,CHEM,100,1.863661021105833,3.7602762542387307
BIO200_08888,BIO,200,1.3736073087164375,4.510626246391343
ENGL100_08889,ENGL,100,2.0185555269337603,1.1552107245855932
BIO100_08890,BIO,100,3.3586488527893366,2.110760410753489
PSYCH400_08891,PSYCH,400,1.066440028997671,1.4849621452013273
PSYCH200_08892,PSYCH,200,1.1055547724833334,4.760036593653547
ENGR100_08893,ENGR,100,2.6706416478466166,4.175505584565106
CS500_08894,CS,500,3.460714020106316,1.266009133335103
PHYS500_08895,PHYS,500,1.9061110822794882,1.402205398081168
ECON400_08896,ECON,400,4.563006571311696,2.521248219975031
STAT400_08897,STAT,400,1.6328114526249702,1.4702957755197406
MATH300_08898,MATH,300,1.6785082659144992,3.3995581655585103
PSYCH100_08899,PSYCH,100,2.476202640554154,1.8007385725631928
ENGR400_08900,ENGR,400,1.5465785736097417,2.509974063173913
ENGR100_08901,ENGR,100,3.6628543606844377,3.599624677589202
ENGL100_08902,ENGL,100,2.5863404744963416,2.4092520370268478
PSYCH500_08903,PSYCH,500,4.829723791845211,2.7288524575149227
PHYS200_08904,PHYS,200,1.293195183822355,3.025916733635622
MATH500_08905,MATH,500,3.899530720245205,1.5392397887541533
MATH500_08906,MATH,500,1.8503365628681383,4.468589819002099
CHEM400_08907,CHEM,400,4.465537464823072,2.9460457478106274
CS500_08908,CS,500,4.0836558849816385,2.954940980508585
BIO100_08909,BIO,100,4.092953416915596,2.541954522859011
PSYCH200_08910,PSYCH,200,3.407025557376321,1.5247265069640723
PSYCH200_08911,PSYCH,200,1.7514657353824408,4.7937027327169535
ENGR100_08912,ENGR,100,3.635165670972595,4.560161767653526
ENGL300_08913,ENGL,300,4.146866786819311,1.3516107778426236
MATH200_08914,MATH,200,1.7903750857988316,2.173726758518658
PSYCH100_08915,PSYCH,100,2.9183211514350913,4.946493238251888
PSYCH500_08916,PSYCH,500,3.3287904187925124,2.532707622796453
BIO400_08917,BIO,400,3.5238094943153695,4.396958646501462
CS400_08918,CS,400,4.1477180004981875,2.520207629515619
ENGR400_08919,ENGR,400,2.9065168620544846,3.8228257793514766
ECON200_08920,ECON,200,1.9349551698817664,1.5514996436941204
ENGL500_08921,ENGL,500,3.763719907548433,2.2310623814500454
CS500_08922,CS,500,3.906155426444532,2.92583977647583
ENGR200_08923,ENGR,200,1.8347097781197497,3.9900775290811095
STAT200_08924,STAT,200,4.969875945709305,2.9274739954930196
PHYS100_08925,PHYS,100,2.748745319380537,4.0771592098087215
MATH400_08926,MATH,400,1.2899158883402335,2.933706353570453
PHYS300_08927,PHYS,300,3.921587184421226,2.4854053160184577
MATH400_08928,MATH,400,1.0704912002769746,1.5337509820986175
CHEM500_08929,CHEM,500,1.259472483401582,4.5030545129984585
PHYS100_08930,PHYS,100,1.2176349378469364,3.2565987797120206
STAT400_08931,STAT,400,4.909863449550117,3.697912993780643
BIO300_08932,BIO,300,4.634594567384708,1.8613391286715144
ENGR100_08933,ENGR,100,4.1774346678478445,3.5879515044446135
CS100_08934,CS,100,2.85324628957548,1.2029119345461634
ENGL100_08935,ENGL,100,2.417721326959568,2.238624942897625
PSYCH200_08936,PSYCH,200,3.350263534031335,2.662986454111981
PHYS500_08937,PHYS,500,1.213228766372913,4.184215359342657
ENGR300_08938,ENGR,300,3.5520802501591846,2.6135103205153514
CHEM400_08939,CHEM,400,3.5489065634334382,4.550704233401536
MATH200_08940,MATH,200,2.665516875940637,4.735284170070252
STAT500_08941,STAT,500,2.04535604138889,4.254249213504932
PHYS300_08942,PHYS,300,4.953392997742791,4.356314132512121
CS100_08943,CS,100,1.8705465045459415,1.946643413153021
PHYS200_08944,PHYS,200,1.3471012748173834,2.986537794534033
PHYS300_08945,PHYS,300,2.0883233531591747,1.5855444932169696
ENGR500_08946,ENGR,500,2.028465504080823,2.3612276640023433
PSYCH200_08947,PSYCH,200,1.955387177079007,3.2946841145667682
ENGL300_08948,ENGL,300,3.1083650169644237,4.066225371759646
CHEM400_08949,CHEM,400,1.4955441213796261,4.367403979134211
ECON400_08950,ECON,400,1.1436281682123863,4.519184960466982
ENGR300_08951,ENGR,300,4.205232909046588,4.2382885997615
ENGL200_08952,ENGL,200,2.245372403524344,1.4782426918112148
ECON200_08953,ECON,200,1.4411247048237992,3.9796408437067368
STAT200_08954,STAT,200,3.934537041263567,2.404601239333104
ENGR300_08955,ENGR,300,1.7758762067318448,2.8601776100234333
ENGL500_08956,ENGL,500,4.288321839673413,1.091197227020114
MATH200_08957,MATH,200,2.989786039435711,3.6569655719001717
STAT200_08958,STAT,200,1.7521300611591628,1.8135332253667418
ENGR200_08959,ENGR,200,3.4549598086627946,4.101280334705748
ENGL500_08960,ENGL,500,2.6684351141648213,1.948051030475109
BIO300_08961,BIO,300,3.742877975124855,2.9889217270956068
CHEM500_08962,CHEM,500,1.3921721748787212,3.882895494520269
ENGR400_08963,ENGR,400,1.9634873446091952,4.595601561019956
MATH500_08964,MATH,500,4.725152130606562,2.2110738634850526
ENGL200_08965,ENGL,200,4.403337647042166,4.347034358967349
ENGL300_08966,ENGL,300,1.2622531072408183,3.1518239776365746
CS200_08967,CS,200,2.2051288615436797,3.6635730173110246
ENGL500_08968,ENGL,500,1.1578701830382263,3.5293546091329366
MATH300_08969,MATH,300,3.1336145995424785,2.2437864803866208
CS500_08970,CS,500,2.9646833180194676,2.089435274111336
ENGR100_08971,ENGR,100,1.6610559036935926,4.689015414123756
ENGR500_08972,ENGR,500,1.7852672740149487,2.830828838945492
CS500_08973,CS,500,4.393574794433336,2.0271502253811367
PSYCH300_08974,PSYCH,300,2.4498251815761214,2.649956241087107
PHYS100_08975,PHYS,100,4.667062287258249,2.7336544394793663
ENGL100_08976,ENGL,100,3.5187418208337924,1.560214203856094
CHEM400_08977,CHEM,400,2.2328543899730438,1.8876049380435003
ENGR300_08978,ENGR,300,3.7239285797987347,1.7288776871808533
ECON200_08979,ECON,200,3.8477583295328013,3.999626907645906
ENGR500_08980,ENGR,500,4.607628848807979,3.6176150463517454
ENGL300_08981,ENGL,300,1.453868581589631,1.0433954081011625
MATH500_08982,MATH,500,1.9920943767067403,2.843413478914849
ENGR400_08983,ENGR,400,2.1070019694913915,1.9472249711122633
STAT100_08984,STAT,100,2.947527745733238,3.487020875748984
CHEM200_08985,CHEM,200,1.685813037518796,4.360707445863776
ENGL200_08986,ENGL,200,4.945342305879828,4.105026905729943
STAT500_08987,STAT,500,2.8483241294225707,3.103404063077702
CS200_08988,CS,200,2.050273485355253,4.979887536666428
ENGL300_08989,ENGL,300,1.8446453578842967,3.767251886915256
BIO500_08990,BIO,500,2.856288860175098,4.504276896080263
PHYS500_08991,PHYS,500,1.3702768288936271,2.811630369733458
STAT200_08992,STAT,200,4.47907904711032,3.723811874406327
MATH200_08993,MATH,200,3.102124051316181,3.0945513736245758
PHYS300_08994,PHYS,300,1.0936828408292376,2.3312792574572643
PSYCH400_08995,PSYCH,400,2.6151750831711245,2.630940627600597
ENGR200_08996,ENGR,200,2.469227769493601,4.1698974155733985
MATH200_08997,MATH,200,4.473687191344419,3.6006879413111594
BIO300_08998,BIO,300,1.4610662896136843,1.7224043349735707
BIO300_08999,BIO,300,3.021972480597313,4.463760131939043
STAT200_09000,STAT,200,2.3220558305079098,3.134200909805798
ENGL400_09001,ENGL,400,3.107697644512379,2.149353379225705
CHEM300_09002,CHEM,300,4.08274166640782,1.9189815400644834
PSYCH300_09003,PSYCH,300,1.597070429916763,3.229603874179535
ECON200_09004,ECON,200,1.7500959721802571,2.5875385904842654
STAT400_09005,STAT,400,4.639319839400061,3.1952900878774444
ECON400_09006,ECON,400,2.566064140979289,4.892266835982994
STAT100_09007,STAT,100,1.2183314615756786,2.609976299279421
ECON400_09008,ECON,400,4.67278906409557,2.0624180350824894
MATH500_09009,MATH,500,1.55304882356821,2.3385171229759676
ENGR400_09010,ENGR,400,3.317940245505507,2.721049692800885
PSYCH500_09011,PSYCH,500,3.553648182723104,1.7488586565820343
ENGR400_09012,ENGR,400,4.253492772769448,1.1410949862712458
CS500_09013,CS,500,3.8378373720927614,4.054113615973458
CS300_09014,CS,300,3.2507860442309586,1.725286564338853
ENGR100_09015,ENGR,100,4.273843379976961,3.7976196299484997
ECON500_09016,ECON,500,3.110487769565581,2.399225390909208
PSYCH500_09017,PSYCH,500,2.6527367278541893,1.6813743237308096
PSYCH500_09018,PSYCH,500,1.5175583275392488,1.1607729797463473
PHYS400_09019,PHYS,400,2.268654953692808,2.999789842977923
BIO100_09020,BIO,100,2.405734307094801,4.054166503839021
BIO400_09021,BIO,400,4.6687949746580415,4.413132723502087
ENGL300_09022,ENGL,300,4.506418492347326,3.022492629367875
MATH400_09023,MATH,400,2.4600932892625753,3.960652762684564
ECON300_09024,ECON,300,4.590269138709372,1.3663332156349268
ENGR500_09025,ENGR,500,4.355223872797398,2.542917607056619
MATH300_09026,MATH,300,4.254914975893127,2.010056940525065
ECON200_09027,ECON,200,2.995451910700659,2.047490786043311
PSYCH400_09028,PSYCH,400,1.5155233923158433,2.6895267748375007
ENGL500_09029,ENGL,500,1.9709571706107303,2.9153525813520904
PHYS400_09030,PHYS,400,3.5379232486592955,2.682545098296988
ECON300_09031,ECON,300,2.7188788616636024,2.360249430380752
CHEM400_09032,CHEM,400,1.6019045622077437,1.2664166270273665
ECON100_09033,ECON,100,1.0076128237732491,3.7251083802613674
BIO200_09034,BIO,200,2.9032655640143736,3.3289625999625705
ECON500_09035,ECON,500,1.2609424176744586,1.6854245848758618
STAT200_09036,STAT,200,1.6651853773419236,4.253365799539316
ENGR400_09037,ENGR,400,3.3631816786756485,1.459999784257883
PHYS200_09038,PHYS,200,4.427632048040456,4.421177729376524
PHYS100_09039,PHYS,100,2.4886119481593894,3.6202671022803923
ECON500_09040,ECON,500,3.659407574660371,1.818717543003284
ENGR300_09041,ENGR,300,1.455268326034035,2.0938810560129433
ENGR100_09042,ENGR,100,2.0588315319796724,4.67034014565835
ENGR200_09043,ENGR,200,1.2796539502725777,3.552592208109121
CS100_09044,CS,100,3.7895681984796132,3.385465495888761
ENGR200_09045,ENGR,200,3.7197900938956376,1.385312730602442
CS400_09046,CS,400,2.095858443287911,1.805088923074675
CHEM200_09047,CHEM,200,4.358440343830462,1.0093008325325004
PSYCH100_09048,PSYCH,100,2.582153438575826,3.6601148221236772
PHYS400_09049,PHYS,400,3.0090672757918266,3.994471722528273
STAT300_09050,STAT,300,2.9239392995716313,2.7732998180041064
ENGR200_09051,ENGR,200,2.7804726883543807,1.3377996964243941
ENGL300_09052,ENGL,300,1.3061024722650227,2.8612975949299546
BIO300_09053,BIO,300,1.202438427536352,4.557060195985675
STAT400_09054,STAT,400,2.035047348338968,3.029044206609337
STAT500_09055,STAT,500,3.5580115733677,4.1315006882493
PSYCH200_09056,PSYCH,200,1.5638971405915738,4.474979157190278
CS100_09057,CS,100,3.6636831700286314,4.2027629373585444
MATH300_09058,MATH,300,3.8806391967579046,4.179024670564587
ECON300_09059,ECON,300,3.7950653832475014,4.106790309380484
ECON200_09060,ECON,200,4.409799844571211,1.6836615043582204
CS300_09061,CS,300,3.721107177537418,3.179929239526969
ENGR500_09062,ENGR,500,3.500403286574032,3.342105191068466
CHEM400_09063,CHEM,400,1.0398205000759106,1.2418218486897072
ENGL400_09064,ENGL,400,4.389839847517062,2.5454734675277795
ENGL500_09065,ENGL,500,3.5962237270443227,4.365569974555138
BIO200_09066,BIO,200,3.9907292360748645,2.8121290640300125
ENGR300_09067,ENGR,300,3.5932258844414764,1.9537467845143142
CS100_09068,CS,100,2.5436862226125054,3.352376740303735
MATH500_09069,MATH,500,3.38347550140304,4.119825464003709
CS300_09070,CS,300,4.890003042813889,4.992104728017745
BIO400_09071,BIO,400,2.4908858713574156,1.582739723787372
ECON300_09072,ECON,300,2.1811349948255754,4.192488324225599
STAT100_09073,STAT,100,2.9576484384623694,2.970417764922059
ECON400_09074,ECON,400,3.436179849424806,3.026644125913292
CHEM100_09075,CHEM,100,3.040114620668558,3.4085376737523143
PHYS200_09076,PHYS,200,4.6829980671952995,3.1209585573339824
ECON400_09077,ECON,400,3.6275362697929032,1.0970355415221533
ECON300_09078,ECON,300,2.8712469367303033,1.0628566607827845
PSYCH500_09079,PSYCH,500,4.250949661891382,2.5331331097977956
CS300_09080,CS,300,4.721911455410009,4.8433876697106655
PHYS300_09081,PHYS,300,2.857516732151109,3.9793871496178097
ENGR500_09082,ENGR,500,2.932047427302156,2.857342501832423
CS100_09083,CS,100,3.089887288705227,2.968182762941161
STAT500_09084,STAT,500,2.2908776906008357,1.2767973445110083
BIO400_09085,BIO,400,1.6827972180877078,1.3691019546105516
PSYCH400_09086,PSYCH,400,3.0649136853957617,3.2969227070314875
BIO100_09087,BIO,100,2.038412532933341,3.9805206834818216
MATH300_09088,MATH,300,4.823712820424265,1.720956428230779
CS300_09089,CS,300,2.694988280898093,4.433772561067542
PHYS500_09090,PHYS,500,1.8547913340108244,1.879115283461779
MATH400_09091,MATH,400,1.4953396563684516,1.593065880943497
PHYS100_09092,PHYS,100,2.1891738292760867,3.16223203911417
STAT400_09093,STAT,400,1.992009752397391,1.0567626423050278
ENGR500_09094,ENGR,500,4.618031870100607,2.667719092719165
STAT500_09095,STAT,500,2.7810221328409246,1.5101223961850718
BIO200_09096,BIO,200,3.341730056498552,2.602133541516255
CS200_09097,CS,200,4.853871687944833,4.171619779706467
ENGR200_09098,ENGR,200,4.01667210920348,1.8352719374417474
CHEM300_09099,CHEM,300,4.006229928712803,4.563968487216201
ENGL400_09100,ENGL,400,1.8014276538204275,4.601720991925456
STAT100_09101,STAT,100,4.99818753982286,1.6624089735448786
CS300_09102,CS,300,2.454362086112395,4.701740298174896
PHYS100_09103,PHYS,100,4.036022963145065,4.635276090946585
CHEM400_09104,CHEM,400,1.733778841000969,3.6164874787217207
ENGR100_09105,ENGR,100,4.8299134569533475,3.380294105803521
STAT400_09106,STAT,400,3.6182906954007477,4.060453707344182
MATH300_09107,MATH,300,2.4977100782381005,4.835332273754998
ECON100_09108,ECON,100,2.9773952817784264,2.0328855377728905
CHEM100_09109,CHEM,100,1.9297258762091944,3.777378488308666
CS200_09110,CS,200,1.528047943240257,4.5820244417115115
ENGL300_09111,ENGL,300,2.88929643099874,4.508046915713462
ECON300_09112,ECON,300,2.2019274799349735,1.9970547830505847
CHEM500_09113,CHEM,500,1.9220381207095985,1.793228870653678
ECON300_09114,ECON,300,3.130285281113826,2.547793185731676
ENGL100_09115,ENGL,100,3.2675281811800962,4.336651056301893
CHEM200_09116,CHEM,200,1.3998916321092691,4.249489462885547
ENGR100_09117,ENGR,100,1.2681099049844864,4.337187779575069
CS400_09118,CS,400,2.4694218414366165,3.795109442091212
STAT100_09119,STAT,100,2.2018117625008973,3.0557266718884106
BIO100_09120,BIO,100,4.011432538727579,1.9921199902777311
ECON100_09121,ECON,100,1.2476292098226938,2.252788454845257
CHEM300_09122,CHEM,300,1.3851565087844837,2.79247865683158
STAT100_09123,STAT,100,2.198774180781069,2.4904231575711595
CS500_09124,CS,500,2.8769562928555263,1.871763942582394
CHEM300_09125,CHEM,300,2.9805235263952365,1.3382498633789495
STAT200_09126,STAT,200,3.6967717565484355,3.329085411474316
ENGR400_09127,ENGR,400,2.725209688679551,3.8395410283002422
ECON200_09128,ECON,200,2.3608971374168624,1.68370085774384
ECON500_09129,ECON,500,4.604325162743153,3.0872818155040145
BIO500_09130,BIO,500,1.6730281225366181,1.779196416958659
PSYCH200_09131,PSYCH,200,2.3598003041684477,1.638936707350306
ENGL100_09132,ENGL,100,4.645994146202935,1.3675415612925361
STAT500_09133,STAT,500,3.3334140892935538,4.933506630509598
CS300_09134,CS,300,3.549455339659111,1.86357663182757
PSYCH500_09135,PSYCH,500,3.9119821680765927,2.911096570049112
CS500_09136,CS,500,1.8187729269952713,2.8767357722293996
ENGR400_09137,ENGR,400,1.8985178943324694,1.4734822662781761
PHYS500_09138,PHYS,500,2.052262668303448,1.6525266617563803
STAT200_09139,STAT,200,2.1632076636646107,1.1791932993901342
ECON500_09140,ECON,500,1.6616792991109355,4.627071880999375
PSYCH300_09141,PSYCH,300,3.4269059716502555,1.721976219433905
ECON200_09142,ECON,200,2.4841911209635374,2.2239692845360057
ENGL400_09143,ENGL,400,2.697895147551216,4.425379436340426
ENGL300_09144,ENGL,300,1.6913511932504561,3.0212989957471788
BIO200_09145,BIO,200,2.8299619606181756,4.798300146762063
PHYS400_09146,PHYS,400,1.860250561334336,3.7592555959964407
PSYCH200_09147,PSYCH,200,2.9291205692430324,2.2927424993165983
STAT500_09148,STAT,500,1.0780948786159152,2.1148532802005473
MATH100_09149,MATH,100,4.879160118405045,2.0483799257737623
CHEM500_09150,CHEM,500,3.2048080506192074,2.5981769565678814
PHYS400_09151,PHYS,400,1.0089099324291557,3.9305110735711275
ENGL300_09152,ENGL,300,2.49710574809036,4.71594998777277
CS200_09153,CS,200,2.5137278245830346,1.4748342948218247
STAT500_09154,STAT,500,2.0824818774432123,2.9390848014954383
CHEM200_09155,CHEM,200,2.044268580828834,1.5374677357502455
ENGL300_09156,ENGL,300,4.16496241346851,2.657394713254049
MATH300_09157,MATH,300,2.721132852101753,3.5818412737812935
CHEM200_09158,CHEM,200,2.4941288085196005,1.8687482689703363
ENGL100_09159,ENGL,100,4.595106700428662,1.3270183920371288
BIO300_09160,BIO,300,2.8408220873300642,4.151282416883687
PHYS500_09161,PHYS,500,3.1946802135864747,2.854542996410597
ENGL100_09162,ENGL,100,2.331724472022492,4.824118639552488
PHYS200_09163,PHYS,200,2.881001368549861,4.9695673689972555
ENGL300_09164,ENGL,300,3.8543173797987413,2.250631768835551
CS400_09165,CS,400,3.395023498917762,3.7233663921657905
ENGR500_09166,ENGR,500,3.15794503227247,1.5406748271279573
MATH300_09167,MATH,300,4.970567758943515,2.471852300492276
PHYS300_09168,PHYS,300,2.3189196221030093,1.6480659132577964
CHEM100_09169,CHEM,100,4.657556331217016,2.1792173056591966
MATH400_09170,MATH,400,3.5306754388948427,2.8121432432539892
ENGR400_09171,ENGR,400,1.684708615768185,3.124338978511778
CS100_09172,CS,100,3.668609239985838,2.574518256103448
PHYS400_09173,PHYS,400,3.594147885919404,3.6133836060593794
ENGL100_09174,ENGL,100,2.788492519918271,4.685560347245943
ENGR100_09175,ENGR,100,3.4497429735054803,3.6157426958705936
BIO300_09176,BIO,300,3.6657674650243983,2.504633912964529
STAT200_09177,STAT,200,4.6819229170533045,4.25995898018875
ENGR200_09178,ENGR,200,4.729060831442165,1.8916148653998208
ENGL400_09179,ENGL,400,2.651954678196369,1.1656574730521179
MATH200_09180,MATH,200,1.7320632920879921,4.688991534383939
ENGL400_09181,ENGL,400,2.135657510099537,3.5411262736458005
STAT100_09182,STAT,100,1.2154025084245879,4.322401097596224
ENGR100_09183,ENGR,100,1.4757472103777336,4.6818708441862835
MATH100_09184,MATH,100,3.6003876408769764,3.725387258939093
ECON100_09185,ECON,100,4.582556527112003,4.29692223796404
ECON400_09186,ECON,400,3.1410056456921422,4.251042594798644
CS400_09187,CS,400,4.9318209155540425,3.005355771551411
STAT300_09188,STAT,300,4.91388394649194,3.4397294419958633
BIO300_09189,BIO,300,2.4986262293791275,2.0675594963248405
CHEM200_09190,CHEM,200,2.0545434494177846,1.615047164864929
PHYS300_09191,PHYS,300,4.966662103330746,3.55940897739928
ECON100_09192,ECON,100,1.7125224913510517,1.7864847078491182
ENGR100_09193,ENGR,100,4.77296584657953,2.181225035819825
ENGR300_09194,ENGR,300,2.1294267847603865,4.766450630267177
ENGR300_09195,ENGR,300,4.939436231664814,3.868419746662626
CHEM200_09196,CHEM,200,4.056513611914805,2.9983675323993078
STAT100_09197,STAT,100,2.339650262051527,3.179600553868208
ENGL100_09198,ENGL,100,1.9334997871861845,4.056678277432092
PSYCH400_09199,PSYCH,400,4.003047780419783,4.440135857631162
PSYCH100_09200,PSYCH,100,4.770915724123772,1.7308076655616111
ECON200_09201,ECON,200,3.347172545679341,3.0579215627802987
BIO400_09202,BIO,400,4.659601473119896,4.688970004538018
PSYCH200_09203,PSYCH,200,1.232259137879515,1.4086401189629534
CHEM500_09204,CHEM,500,3.7548903137034664,4.25403684608342
PHYS500_09205,PHYS,500,3.619440278474313,1.8763291811940688
STAT400_09206,STAT,400,1.5899409660707962,4.378299947156715
ECON100_09207,ECON,100,4.417213282145529,4.434978713736282
BIO500_09208,BIO,500,2.4557629193790818,4.5449482083938
CHEM500_09209,CHEM,500,1.928348472241726,2.0501007384548866
MATH500_09210,MATH,500,3.5418838673427384,4.393186828436864
CS400_09211,CS,400,3.4071860120868442,3.7415766407100945
CS200_09212,CS,200,4.693402187894989,1.126233875166971
STAT100_09213,STAT,100,1.5954134905244173,3.4990304944797392
PSYCH400_09214,PSYCH,400,4.08521251206321,4.3539269011840505
BIO300_09215,BIO,300,4.140108353084324,3.248330658256906
STAT200_09216,STAT,200,1.4912792363026783,1.9220202965489364
MATH400_09217,MATH,400,2.870111928420254,4.532335183704459
ECON500_09218,ECON,500,2.279154020570863,1.0009016973737506
CHEM100_09219,CHEM,100,1.7336680887518252,3.7006445425666414
MATH500_09220,MATH,500,4.203711953581923,1.1080446047633594
PHYS300_09221,PHYS,300,4.885403912789725,3.834712996811448
PSYCH500_09222,PSYCH,500,3.168866753832265,2.7352275168503346
MATH200_09223,MATH,200,4.609629042542929,3.75518243120773
MATH100_09224,MATH,100,2.402836415279137,1.020902977718558
CHEM200_09225,CHEM,200,1.270521414557742,4.5113181213297295
PSYCH200_09226,PSYCH,200,3.264648968850133,1.4211619121378138
PHYS500_09227,PHYS,500,4.613966998935727,2.0572236977201066
BIO100_09228,BIO,100,2.1676000823709582,3.1473234431251615
CS400_09229,CS,400,2.6015937067412245,1.197035974670289
ECON100_09230,ECON,100,3.3748451517099483,1.4155374861471284
CHEM500_09231,CHEM,500,1.9406526636196357,3.4708124113294776
ENGR500_09232,ENGR,500,1.6090556008869918,1.4101409773232665
PHYS500_09233,PHYS,500,2.2370551509187746,4.982935139058387
ENGR500_09234,ENGR,500,2.3405253452513604,2.568838624050875
ECON400_09235,ECON,400,2.4054098418519985,1.2743581102373542
ENGR200_09236,ENGR,200,4.666859206492301,3.417337984497434
ECON100_09237,ECON,100,3.23574573612557,1.9817035945092676
ENGL500_09238,ENGL,500,2.1998337309576668,1.9404228338441531
CHEM500_09239,CHEM,500,4.149745773976493,1.1592975764276412
ENGL400_09240,ENGL,400,4.110407202679769,4.461370472757248
MATH200_09241,MATH,200,2.9790039530613774,3.585124252683654
STAT300_09242,STAT,300,3.4449729048836666,4.259957767125105
BIO100_09243,BIO,100,4.673341820468263,3.415330582896729
BIO200_09244,BIO,200,3.072058772950042,3.975618588110026
CS200_09245,CS,200,4.521617590969383,1.2167544171867313
MATH300_09246,MATH,300,4.339241559710985,2.115469952222021
PHYS400_09247,PHYS,400,4.1434510605334305,1.563473126977117
BIO100_09248,BIO,100,2.489512772677356,4.995167143729519
PHYS400_09249,PHYS,400,1.7322430955692867,3.7211759321082174
STAT200_09250,STAT,200,2.2768280040761275,3.695437861556942
BIO200_09251,BIO,200,1.671370427844216,3.7994614436218597
CHEM400_09252,CHEM,400,4.979045070681565,2.3033616402748116
PHYS500_09253,PHYS,500,4.325320330474942,4.424006297685189
MATH200_09254,MATH,200,3.154097266811587,3.6593416645617745
CS200_09255,CS,200,3.2355406796604047,4.881078297405116
CHEM100_09256,CHEM,100,1.6684027272110065,3.7114064794294945
MATH400_09257,MATH,400,2.453261061411888,2.49923584035775
STAT100_09258,STAT,100,4.432857071996472,1.570404727229175
CS300_09259,CS,300,1.4391749841377046,3.012306160819398
ENGL100_09260,ENGL,100,2.3266215188698736,1.7878715708651836
ENGR300_09261,ENGR,300,4.882002714824775,4.239091839853723
CHEM400_09262,CHEM,400,3.9677862073447203,3.3885079005737375
STAT300_09263,STAT,300,1.9946787073531378,3.6085582475917666
ENGL400_09264,ENGL,400,3.19974901914067,3.1566041617283473
STAT500_09265,STAT,500,4.826066233655048,4.804100506597515
CS500_09266,CS,500,1.3014958304578332,1.1823634577590325
CHEM500_09267,CHEM,500,4.992062471462983,2.267264448775168
ENGR200_09268,ENGR,200,1.5722295497682741,1.4330961213875018
CHEM500_09269,CHEM,500,4.765445197896971,4.134660251589339
BIO500_09270,BIO,500,1.5352721119288337,1.79532760428966
ENGR300_09271,ENGR,300,4.324905056165456,4.134524298534561
STAT300_09272,STAT,300,2.943605618295558,2.744170891491138
PHYS200_09273,PHYS,200,3.2160695147465947,2.0712105158811167
PHYS400_09274,PHYS,400,1.7607245207819235,3.307877807799563
PHYS100_09275,PHYS,100,1.2243752238785302,4.964244475650004
CS500_09276,CS,500,3.3728777777685495,2.8365366754555095
ECON300_09277,ECON,300,1.7426280512059296,1.7871218682450922
ENGL200_09278,ENGL,200,3.0272155092509014,3.354806615871333
CS400_09279,CS,400,3.4637695495968925,2.612731711982509
MATH500_09280,MATH,500,4.587661645775572,2.5559921533775203
ENGL300_09281,ENGL,300,3.426084686047223,3.976455635342356
PSYCH400_09282,PSYCH,400,1.2022042337275152,1.9006437763543529
MATH100_09283,MATH,100,4.880217015898614,1.4703746746778563
PHYS100_09284,PHYS,100,4.816740185581717,1.2713297306543678
BIO300_09285,BIO,300,4.05979017611036,4.9740920931153525
PHYS300_09286,PHYS,300,4.967600410955156,3.9621538456951724
ECON300_09287,ECON,300,2.324236234335424,4.934774909330368
ENGR300_09288,ENGR,300,2.149248164733479,2.3839156184636554
ENGL500_09289,ENGL,500,2.2538717542108104,2.120916752018086
PSYCH500_09290,PSYCH,500,4.314513418730299,4.612102784446133
PHYS200_09291,PHYS,200,4.212234355508173,4.943692311719761
CHEM500_09292,CHEM,500,2.446852679657663,2.0384534201094535
CS400_09293,CS,400,4.019214154346775,2.115892286688076
PHYS500_09294,PHYS,500,2.309250935599629,3.93573155631502
BIO300_09295,BIO,300,4.56446954410859,4.106172907919019
ENGR100_09296,ENGR,100,1.2999120739338528,3.801621883419512
CS200_09297,CS,200,4.390570791134771,3.716805989554166
PHYS400_09298,PHYS,400,3.0583738674436507,3.7730463324694674
BIO400_09299,BIO,400,3.017373496518365,2.5183614758979957
MATH400_09300,MATH,400,2.8700073673327022,2.6280579284435284
CS300_09301,CS,300,2.243894118747441,2.0657409975526235
BIO400_09302,BIO,400,3.5911751867832655,1.3388468680399495
ECON300_09303,ECON,300,2.8004183106551968,2.4192844837498533
STAT200_09304,STAT,200,1.4356774983134182,3.5591280782945045
ECON100_09305,ECON,100,4.214272722660376,1.7924020649020824
ENGR300_09306,ENGR,300,2.028977696539394,4.298928744169405
MATH300_09307,MATH,300,2.8759534193189964,3.1525365595241706
MATH300_09308,MATH,300,4.9789095744527545,1.826471658730859
ENGR100_09309,ENGR,100,2.681249070611469,1.0856135720675941
PSYCH100_09310,PSYCH,100,1.4467349256573518,3.582709085720006
CS500_09311,CS,500,4.781766280841975,1.493953624037736
STAT300_09312,STAT,300,2.82003648749012,1.8649804589335255
CS300_09313,CS,300,1.8106373743693052,2.2844412117483204
PHYS300_09314,PHYS,300,4.726939382357424,3.9828743522726264
ECON300_09315,ECON,300,4.5123252361719866,2.649766702868959
STAT100_09316,STAT,100,1.4934644375427242,2.0378478755687
ECON400_09317,ECON,400,1.9056461932346687,1.53712762478205
PHYS400_09318,PHYS,400,3.6894112680902253,4.875071680177218
CHEM200_09319,CHEM,200,4.220096785561662,2.716207076866502
CS300_09320,CS,300,3.653693407216943,3.868630099037602
BIO500_09321,BIO,500,3.1640467465371542,3.006039806368953
STAT400_09322,STAT,400,2.6402330600727084,1.529604342236556
ENGR500_09323,ENGR,500,3.5600579104883336,2.574536745835126
CS500_09324,CS,500,2.431308010024474,4.918530549494951
STAT400_09325,STAT,400,1.2417821590401,3.032469707748866
MATH300_09326,MATH,300,4.09501438306053,2.0474300082627415
STAT200_09327,STAT,200,2.022084834525325,2.894061610895075
MATH500_09328,MATH,500,1.8265838455572867,2.8210884976671484
PSYCH400_09329,PSYCH,400,3.4309366944503634,2.9301741074108576
BIO500_09330,BIO,500,1.7407273324706245,3.713412264570716
ENGL400_09331,ENGL,400,3.567933901208129,1.6003860699289665
ENGR100_09332,ENGR,100,2.836909743610797,2.9505008008586184
PHYS200_09333,PHYS,200,3.035835223291455,3.7237980064934884
BIO200_09334,BIO,200,4.075640685374131,2.361014061017413
STAT400_09335,STAT,400,1.640717307536733,4.116298232318656
PSYCH300_09336,PSYCH,300,4.237661977116106,1.3529758470391426
CS400_09337,CS,400,3.319092025414108,4.78555707949212
BIO200_09338,BIO,200,3.0034937935789374,2.2812883082847444
MATH400_09339,MATH,400,4.177923114642526,1.8343807856400995
ECON300_09340,ECON,300,2.409296332377472,3.874645618301747
CS500_09341,CS,500,1.8798661182252245,2.667748284894757
MATH500_09342,MATH,500,4.563420471639056,2.922877890988968
CS100_09343,CS,100,2.5627944374809135,3.349925705914892
PHYS500_09344,PHYS,500,1.3797692604667668,4.260953785911354
ENGR100_09345,ENGR,100,4.70560044586756,4.43414518365152
CS100_09346,CS,100,2.5324890363637036,3.8125887723770484
STAT500_09347,STAT,500,2.464740089028882,3.4327585761162607
CHEM300_09348,CHEM,300,3.6354253207492633,2.1207335795647966
ENGR100_09349,ENGR,100,1.2576535532167572,4.124515333498718
ENGR500_09350,ENGR,500,2.865397584556337,4.501062033321583
ENGR300_09351,ENGR,300,3.9008650621894776,1.2080880077798337
ENGL100_09352,ENGL,100,4.944719110767583,4.446707057336963
ENGL400_09353,ENGL,400,2.693968554009307,1.6851802429931007
ENGL400_09354,ENGL,400,1.523250948432084,2.762414989539715
CS100_09355,CS,100,1.3793121559587305,4.915011403315308
CS300_09356,CS,300,1.2505761023583264,4.148999431447056
ENGL500_09357,ENGL,500,2.5007221560810233,2.536820923625786
ENGL500_09358,ENGL,500,4.757198379118051,3.0124690134967755
ENGL400_09359,ENGL,400,2.876583572250151,2.640263402125632
ECON200_09360,ECON,200,2.591488194552835,3.0376555505617904
CHEM200_09361,CHEM,200,2.0269662865136033,1.7463924603870766
ENGL300_09362,ENGL,300,2.9861447667785135,2.7078636010959776
ENGR400_09363,ENGR,400,1.2576710835648481,4.5784930494619385
PSYCH400_09364,PSYCH,400,3.7608789005794314,2.157985755644744
STAT400_09365,STAT,400,2.2697167747661426,2.56381980985308
ECON500_09366,ECON,500,4.4428916472362765,3.580776104285994
CHEM300_09367,CHEM,300,2.370142344748728,4.545130611182525
BIO100_09368,BIO,100,1.3807163753927574,4.046717837147856
ECON300_09369,ECON,300,3.3863127815996896,2.1612607216406396
PHYS100_09370,PHYS,100,2.783664058709105,2.5784398952225116
CHEM500_09371,CHEM,500,1.8064429449845885,3.616664345331819
BIO200_09372,BIO,200,1.9899519054526302,3.741989006597884
STAT100_09373,STAT,100,2.3411347653661214,2.846608498434064
MATH400_09374,MATH,400,3.12967296322268,3.7589496972353627
CHEM300_09375,CHEM,300,2.605574943691602,4.040722941635622
CS500_09376,CS,500,2.0751572872865895,3.2344088028198668
MATH500_09377,MATH,500,2.7544090803061017,3.2222936550023964
STAT100_09378,STAT,100,2.899215776748359,2.5368003549076805
MATH500_09379,MATH,500,4.0316247257175295,2.5199519021193146
BIO300_09380,BIO,300,2.4812658031942276,1.657799209968727
CHEM100_09381,CHEM,100,3.787044154785829,1.8437079088817763
ENGR300_09382,ENGR,300,2.9421621833829597,1.4451825567426533
BIO100_09383,BIO,100,3.66130846336359,4.442758038411899
ECON300_09384,ECON,300,1.5472102743824334,2.3868997075850027
ECON200_09385,ECON,200,1.4377330258258931,4.3929314076112735
CHEM200_09386,CHEM,200,3.183706739132769,2.2626812017390403
CHEM500_09387,CHEM,500,4.738124445598594,1.4681454502876403
STAT300_09388,STAT,300,4.42547850435041,1.3853422356006013
MATH200_09389,MATH,200,1.9452953638540573,4.2363770814906205
PHYS200_09390,PHYS,200,4.756487785845447,1.320366054158395
ENGL300_09391,ENGL,300,3.488193832726607,2.7069351259243115
ENGR300_09392,ENGR,300,3.2500828321293334,3.021575452002271
BIO400_09393,BIO,400,2.938981582979667,4.1169554946012195
ECON300_09394,ECON,300,2.977089367816767,4.263479630715153
STAT300_09395,STAT,300,1.9284907891305996,1.7113317173915181
PSYCH200_09396,PSYCH,200,1.3730033298921467,1.311502081795258
PHYS300_09397,PHYS,300,2.8654617034513965,3.3779744807861256
ENGR300_09398,ENGR,300,2.260107711950285,3.154529849368612
BIO300_09399,BIO,300,2.994568376090625,2.5500561566370337
STAT300_09400,STAT,300,1.6458050510606714,1.0310596576232784
PHYS100_09401,PHYS,100,1.062979435079654,3.17711890812454
MATH100_09402,MATH,100,4.826042132111927,1.1361131001170506
ECON200_09403,ECON,200,2.004012928098533,4.601727525143453
PHYS500_09404,PHYS,500,1.630171619201354,2.982469690020167
PSYCH100_09405,PSYCH,100,2.6527126217602244,4.58327557601976
ECON200_09406,ECON,200,2.128213851366925,3.9196494613710082
CS400_09407,CS,400,1.2648470592713505,3.197882917685689
ENGL400_09408,ENGL,400,3.3119480507680414,3.253649210595341
PSYCH400_09409,PSYCH,400,2.34497646741102,3.7439918243065065
MATH400_09410,MATH,400,4.402666752880697,3.8000063082867253
ENGL500_09411,ENGL,500,3.408410026494632,3.9103406506956917
PSYCH200_09412,PSYCH,200,1.35736903114572,1.4646711132413928
STAT200_09413,STAT,200,4.115320656241074,1.3403580425203434
ENGL300_09414,ENGL,300,1.9934426576015873,1.2897188593688949
CHEM200_09415,CHEM,200,4.667079707451627,2.1172235444647067
ENGR100_09416,ENGR,100,4.8115128743251825,4.70399053469105
BIO400_09417,BIO,400,2.373663332859867,4.791164764869814
ENGL200_09418,ENGL,200,3.5192216545053903,1.0184135625530613
ECON100_09419,ECON,100,4.574430386332167,3.0539973898532566
ECON300_09420,ECON,300,3.9336596657836114,2.420052076040579
CS200_09421,CS,200,3.9186910492008873,1.5983045199734152
PHYS400_09422,PHYS,400,4.628941411161327,4.9382213547725655
PSYCH100_09423,PSYCH,100,2.257301990963031,1.9388749211436287
BIO500_09424,BIO,500,2.8025669196231724,3.463034282874305
ECON200_09425,ECON,200,1.2752444229199433,1.4588977275981163
STAT500_09426,STAT,500,1.682906621321501,1.4001806841081237
ENGL500_09427,ENGL,500,2.7546390791112296,4.880601045590938
CHEM200_09428,CHEM,200,1.2317037870775027,3.32863528010476
BIO500_09429,BIO,500,2.524665612851079,2.56071969487994
STAT500_09430,STAT,500,1.2339540027627343,3.3168640679398056
STAT400_09431,STAT,400,3.7685418542207465,2.901024867544437
STAT400_09432,STAT,400,3.2980559586016205,4.356797615955195
PHYS500_09433,PHYS,500,3.9660605224761336,4.222776445199322
ENGR300_09434,ENGR,300,2.828948959564285,3.591787688718775
STAT100_09435,STAT,100,4.3429346271632205,1.429641035647264
STAT500_09436,STAT,500,4.036236426426218,4.267789321147089
PSYCH200_09437,PSYCH,200,1.625641797122197,2.5387661695158874
ECON200_09438,ECON,200,2.702259272171968,1.7665584916574102
BIO100_09439,BIO,100,2.8122727325489003,1.1064553431083821
ECON400_09440,ECON,400,3.2761243893955116,2.2121914516759746
ENGL100_09441,ENGL,100,4.767540166893468,4.363663185498857
CHEM500_09442,CHEM,500,3.5096782952558088,3.2124303811663846
ECON400_09443,ECON,400,1.749085729673297,4.463735115895885
PHYS400_09444,PHYS,400,2.8603843684776957,4.241914461081272
ENGR300_09445,ENGR,300,4.693936566668402,2.805584319033402
MATH100_09446,MATH,100,4.6987770629024705,1.1823340740740909
PHYS400_09447,PHYS,400,3.0801079557950586,2.1700589368325818
ECON400_09448,ECON,400,4.601933790236101,2.2869902876196613
ENGR200_09449,ENGR,200,2.3618229237669834,1.0108564779722178
MATH500_09450,MATH,500,1.0934390145987987,4.068645701374832
STAT200_09451,STAT,200,2.980747068974808,1.6286254238751425
MATH300_09452,MATH,300,2.772506511841729,3.5316125163511085
STAT200_09453,STAT,200,2.4636068664955793,3.3726551350170517
PHYS100_09454,PHYS,100,1.7448954840547173,2.08989928013529
ENGL300_09455,ENGL,300,2.6244132844541466,4.282856169201327
BIO500_09456,BIO,500,4.247085509116943,2.1413807137840455
PHYS300_09457,PHYS,300,3.6909790093863153,3.7135667894644464
CS200_09458,CS,200,2.2335429286899724,3.785235726455806
ENGR200_09459,ENGR,200,3.1229081284211366,1.0383357048339774
MATH100_09460,MATH,100,2.7248479696005727,2.3043649810371245
ENGR500_09461,ENGR,500,4.40481998280018,3.737983845635893
PSYCH500_09462,PSYCH,500,1.898924259942552,3.534245687671032
PHYS100_09463,PHYS,100,3.3756714093196245,3.1975713236146532
MATH500_09464,MATH,500,1.4764615052826855,3.8967490413021917
ENGL500_09465,ENGL,500,1.9661772974664733,3.5880374157332393
ENGR200_09466,ENGR,200,1.586662219674996,4.8433411459586715
STAT300_09467,STAT,300,3.3453606243390817,1.9188278035702537
STAT300_09468,STAT,300,1.493974880583837,2.5167332054774656
PHYS100_09469,PHYS,100,1.2962710910436095,3.5351319436758435
BIO500_09470,BIO,500,2.2728198904446506,3.507362187764633
PHYS200_09471,PHYS,200,4.378185366619533,3.1305836937841036
BIO200_09472,BIO,200,2.5593377505346186,2.7175394245166684
PSYCH100_09473,PSYCH,100,3.5189034731160187,3.4211299509727002
CHEM300_09474,CHEM,300,1.1639295987662535,4.500559743364221
PHYS400_09475,PHYS,400,2.5647857041467343,3.1804355441859053
CS200_09476,CS,200,2.794162236110368,3.551403787208598
CHEM500_09477,CHEM,500,3.238475618536901,2.2992916924936164
ECON300_09478,ECON,300,4.994083333799072,3.491725880255078
CHEM100_09479,CHEM,100,4.6161255136820145,3.9073527199425984
MATH400_09480,MATH,400,3.5904071608997725,2.9008951953984017
ENGR400_09481,ENGR,400,4.088602331885513,1.2841655924931001
PSYCH400_09482,PSYCH,400,2.235402885985911,4.429681605625703
CHEM300_09483,CHEM,300,2.2717285499238233,4.419422793134333
STAT200_09484,STAT,200,4.158703371687924,2.902024071973659
CS400_09485,CS,400,3.166510721459923,2.4417638113499796
CS400_09486,CS,400,1.4326840491828432,3.443740488498841
ENGR200_09487,ENGR,200,3.7215423942092345,4.6359287803828755
ENGL300_09488,ENGL,300,1.4402178166294828,1.6167933774653735
STAT200_09489,STAT,200,1.1975718442154704,3.65865131122514
ENGR100_09490,ENGR,100,1.525164478406471,3.649615425827458
PSYCH500_09491,PSYCH,500,3.5348741875519067,2.116652989764624
ENGL300_09492,ENGL,300,4.363410370661448,3.8891599284659946
STAT500_09493,STAT,500,3.795568919153858,4.091733350204742
STAT200_09494,STAT,200,3.2693903376210183,1.2121519086505508
PHYS300_09495,PHYS,300,3.5767145225993717,1.489134177389193
MATH100_09496,MATH,100,4.4967665159266925,1.6253133498782781
ENGL200_09497,ENGL,200,4.860092346160567,4.251873667081879
ECON200_09498,ECON,200,2.694870365395084,2.577112836992133
CS100_09499,CS,100,3.689639828106108,4.051634380480775
ENGL300_09500,ENGL,300,3.6052703085820754,2.443996436350068
PHYS400_09501,PHYS,400,1.479398526529553,4.48313754776849
ECON200_09502,ECON,200,2.1199920495011364,1.1439934170323864
ECON200_09503,ECON,200,4.394696019127787,3.052740154157494
PSYCH300_09504,PSYCH,300,3.869796408783917,1.4969998415869696
MATH100_09505,MATH,100,4.376819996218845,4.610272302575169
ENGL300_09506,ENGL,300,4.050006835616442,2.845388933345006
CS400_09507,CS,400,4.922154285140472,2.650430422445286
BIO400_09508,BIO,400,4.371458387407804,2.8085982782965733
CS500_09509,CS,500,3.802130176508077,4.741125454962788
MATH300_09510,MATH,300,3.8017060042281767,1.6616861962291334
CS200_09511,CS,200,1.207804332834038,4.4857627793519335
STAT300_09512,STAT,300,1.0098036517285736,3.9254810176913497
CHEM500_09513,CHEM,500,3.571621608490719,2.7384471885110258
ENGR100_09514,ENGR,100,4.1176139636620155,2.9080178285430116
CHEM400_09515,CHEM,400,3.582579833488311,2.7553015750915892
MATH400_09516,MATH,400,2.5037218605563796,4.636395877317581
ECON200_09517,ECON,200,2.939019552580443,1.5547170919184374
ECON200_09518,ECON,200,2.7830471857431673,4.47420705247696
ECON100_09519,ECON,100,3.890568873787139,1.112158189272661
PHYS200_09520,PHYS,200,1.43645093857043,2.3012734427868073
ECON200_09521,ECON,200,1.849793370559293,3.349274594618615
PHYS200_09522,PHYS,200,3.3193036788549772,2.1574202047525026
MATH500_09523,MATH,500,2.1172212663095893,4.6287183121504345
PHYS300_09524,PHYS,300,4.916372408419987,3.0754698370841993
CS300_09525,CS,300,1.4722941103395413,2.798106114471335
CHEM500_09526,CHEM,500,4.880066646167592,2.2452825502672233
ECON500_09527,ECON,500,4.437060918303269,3.809120036963782
ECON400_09528,ECON,400,2.926784101154663,2.870467123624417
PHYS200_09529,PHYS,200,3.567684836064175,2.4977853873066915
ECON300_09530,ECON,300,4.195363811264403,1.0913559977478537
PSYCH400_09531,PSYCH,400,4.348636968289478,3.3075138285783887
STAT300_09532,STAT,300,2.572965036483109,1.2509740894027042
CHEM400_09533,CHEM,400,2.4233360315406487,3.74050096207225
MATH400_09534,MATH,400,4.585005989682934,2.144214038113677
PSYCH300_09535,PSYCH,300,2.351036643024055,1.5863637119713134
ECON200_09536,ECON,200,4.9945004426656485,3.610728413449951
PHYS200_09537,PHYS,200,4.046558555916167,3.7915296732198414
ECON200_09538,ECON,200,2.114183958572451,2.71184493650129
PHYS500_09539,PHYS,500,2.5663594886299728,4.068774742659618
ENGR500_09540,ENGR,500,4.658374736864081,1.9599438035689167
MATH100_09541,MATH,100,2.0256955048876595,4.610550622918499
PHYS400_09542,PHYS,400,2.9123905887809634,3.9977114489049352
CS400_09543,CS,400,2.2897578146898603,3.375030093791148
ENGR200_09544,ENGR,200,2.1594129228435692,2.3238399253586044
PSYCH200_09545,PSYCH,200,2.365084839545221,2.6166576140857623
ECON200_09546,ECON,200,3.1707975968522035,1.834452044953435
PHYS400_09547,PHYS,400,2.1735716115374744,1.3528547554455397
PSYCH400_09548,PSYCH,400,1.079716668608088,1.1633421215140856
ECON300_09549,ECON,300,4.993098590285069,4.952729713006475
ENGR200_09550,ENGR,200,4.006003498264935,3.688653887841064
MATH500_09551,MATH,500,2.6418552664209196,3.4441739501006623
CS400_09552,CS,400,4.354903733941646,1.8396868033213911
PSYCH200_09553,PSYCH,200,4.2712418817123154,3.904254961045501
MATH400_09554,MATH,400,1.2888834082276177,2.140190085574784
CS300_09555,CS,300,1.0367465255017079,4.090306266403461
MATH300_09556,MATH,300,1.9284772727560155,3.6160641443789068
BIO500_09557,BIO,500,3.376882891942777,1.1207392791324864
ENGR100_09558,ENGR,100,2.747003668094036,2.4647771832057943
ECON400_09559,ECON,400,3.723307081632686,1.2518707762135826
BIO500_09560,BIO,500,3.626381079643914,1.6960932416927799
ENGL200_09561,ENGL,200,3.9567336054804296,2.2447712056429974
PHYS100_09562,PHYS,100,2.0906668199304557,1.8532076497212011
BIO500_09563,BIO,500,2.2676405472051995,4.3982108212232625
PHYS200_09564,PHYS,200,1.5828085710800126,4.128771603520784
MATH300_09565,MATH,300,1.203313230857379,4.070836925107718
CHEM500_09566,CHEM,500,1.7167985825058625,1.7134797945907905
BIO400_09567,BIO,400,4.511595838890209,2.994703562742562
ECON200_09568,ECON,200,3.052631766215809,1.315603982281318
CHEM500_09569,CHEM,500,1.3513499681762924,2.211089976134455
ECON400_09570,ECON,400,3.5629075072915715,3.1739378591270286
PSYCH300_09571,PSYCH,300,3.7944927485882345,3.8137259290653414
CS400_09572,CS,400,4.14948767766837,2.0102727320830236
BIO100_09573,BIO,100,2.3289888161161327,2.6471990535330954
PSYCH400_09574,PSYCH,400,4.962462919611686,2.604423454874593
BIO100_09575,BIO,100,3.7670332950440106,1.7363611416494362
ENGR100_09576,ENGR,100,2.4757752444582017,2.3753548409056386
ECON500_09577,ECON,500,2.885625402564298,1.7451618203015369
ENGL300_09578,ENGL,300,4.9435366754275005,2.1955972205207654
MATH400_09579,MATH,400,4.842225124385637,1.035669524731222
CHEM100_09580,CHEM,100,2.8002038159575866,3.2624164650715053
MATH100_09581,MATH,100,3.180263446151294,2.051555114035289
BIO200_09582,BIO,200,3.6640709131611553,1.9119330307858098
CHEM400_09583,CHEM,400,3.632682453139715,2.8942594026820805
STAT100_09584,STAT,100,3.99835235623294,2.149516976761839
PSYCH400_09585,PSYCH,400,1.7578081206478817,4.263086253568158
STAT200_09586,STAT,200,3.0017245406100006,2.244538386814905
CHEM200_09587,CHEM,200,1.150661647524322,2.157944099746844
STAT300_09588,STAT,300,4.1554789805268335,3.8119371224094745
STAT100_09589,STAT,100,4.458124362974787,4.0190710932355405
ECON200_09590,ECON,200,2.1927017286103783,2.6675381618622676
ENGL200_09591,ENGL,200,1.265445717352283,4.561422010753054
PHYS100_09592,PHYS,100,1.9829793231684238,2.5865163631751895
CHEM500_09593,CHEM,500,4.476237752586137,1.8448130037147137
ENGR200_09594,ENGR,200,1.2693460563001029,1.8755247130696495
CS100_09595,CS,100,1.821026810349065,2.9144240291465113
ECON300_09596,ECON,300,4.804701399426054,1.5057772885987109
ECON500_09597,ECON,500,4.294844255834878,3.061459720346421
CS400_09598,CS,400,4.8185349601213865,3.3068685317881243
PHYS400_09599,PHYS,400,1.8620807933191967,2.301604009972873
PHYS100_09600,PHYS,100,1.3964634921141523,3.9724483613359753
ENGR400_09601,ENGR,400,4.827090482204987,4.841091128089992
ECON500_09602,ECON,500,3.1609848251968917,2.1316057278711553
PHYS100_09603,PHYS,100,3.3001504125699324,2.612175091645687
PSYCH300_09604,PSYCH,300,3.5077960537086574,4.461466855159459
ECON400_09605,ECON,400,1.6341332376390718,4.519585827631412
ENGL100_09606,ENGL,100,1.4371615840560996,3.064740237016502
MATH100_09607,MATH,100,4.333881677461399,4.887635255281401
ECON300_09608,ECON,300,3.545966427739937,4.743696430727631
ECON300_09609,ECON,300,3.5672394956798836,4.197727678097988
CS200_09610,CS,200,2.986976081894828,1.0929119147382194
ENGL100_09611,ENGL,100,1.46368358119603,3.307247058670169
CS500_09612,CS,500,1.2472968835814693,1.441556617724542
MATH200_09613,MATH,200,2.1144494026875384,4.915112268719216
PHYS300_09614,PHYS,300,2.2968202178686505,2.2903708419328854
ENGL100_09615,ENGL,100,2.961170262312029,4.308766094465373
BIO500_09616,BIO,500,4.274467859347377,4.642363542028118
PSYCH100_09617,PSYCH,100,1.4164676986970632,3.075207372826243
ENGL400_09618,ENGL,400,1.6379438676596956,1.8286128698784339
STAT100_09619,STAT,100,3.723402191632611,4.618693060101156
STAT200_09620,STAT,200,2.3295485449393802,2.5475042832298174
PSYCH500_09621,PSYCH,500,1.0257484603265556,1.0491300254081302
BIO100_09622,BIO,100,1.6916470427013772,2.279883040018149
STAT500_09623,STAT,500,3.296804987055983,4.981181160013214
BIO100_09624,BIO,100,1.494309850846863,2.5203263109943688
CHEM300_09625,CHEM,300,1.650779744076682,3.323996458059024
ENGR300_09626,ENGR,300,2.1846857519934058,1.6666558481976543
MATH400_09627,MATH,400,3.887804283731623,2.322076407239638
MATH400_09628,MATH,400,3.9399322225282054,3.030754103094263
ECON200_09629,ECON,200,2.2383178880447403,1.4730677631925815
MATH400_09630,MATH,400,4.881756648302078,2.5902733377716602
MATH100_09631,MATH,100,4.390253382538092,4.601036638173865
ENGR100_09632,ENGR,100,4.1902737480728804,4.03907325451544
CS200_09633,CS,200,2.857437403527824,2.039852709526589
CS400_09634,CS,400,4.270241235242803,3.9459518577477004
CS200_09635,CS,200,4.5150406013849445,2.333309655312132
MATH100_09636,MATH,100,4.361867944452085,1.8270177519252595
PHYS500_09637,PHYS,500,1.54870835164713,1.9676269836130476
ENGL500_09638,ENGL,500,1.9843263044798491,3.30598132906699
ENGR500_09639,ENGR,500,1.2406215913156458,3.9235140363326986
CHEM100_09640,CHEM,100,1.4918727276033565,4.796125015452214
CS300_09641,CS,300,4.783286670614836,1.315442766643586
ENGL300_09642,ENGL,300,4.0447208426423105,3.234519557803016
ENGR300_09643,ENGR,300,3.6916337994441437,2.255007745845677
ENGR200_09644,ENGR,200,3.048638778430432,3.6547309561008596
ENGL300_09645,ENGL,300,2.2078613347033573,4.01355053725927
PHYS400_09646,PHYS,400,4.7004646407682165,2.1193220033419244
BIO100_09647,BIO,100,4.208671299042896,1.7993490124469562
ECON300_09648,ECON,300,3.4780539625907205,4.442801424966208
ENGL100_09649,ENGL,100,3.68225835273144,1.18533795906216
STAT400_09650,STAT,400,2.8951599413585676,4.487997600977985
ECON200_09651,ECON,200,4.355983415974471,2.0667314327634156
PSYCH200_09652,PSYCH,200,1.0687153141310453,3.5379540323725713
ENGR100_09653,ENGR,100,4.247277738342653,1.7992431292313964
PHYS400_09654,PHYS,400,3.495999105111111,4.556165648005016
ENGL200_09655,ENGL,200,4.33614659168318,2.908968621241034
BIO100_09656,BIO,100,2.6324268339994967,4.859759260859672
ECON100_09657,ECON,100,1.4324230953534887,1.4234834169609236
ECON200_09658,ECON,200,4.410708371715625,2.3932511374264656
ENGR100_09659,ENGR,100,2.334665623952793,2.9077656857028895
CHEM400_09660,CHEM,400,4.2834181920573595,4.4025961826861515
BIO500_09661,BIO,500,1.5230598668101458,1.6465281642930072
MATH300_09662,MATH,300,2.5432073838786584,1.1538408628920034
PSYCH200_09663,PSYCH,200,3.5944031203499174,2.442633877342724
PHYS200_09664,PHYS,200,4.385988101220384,4.026680074417298
ENGR200_09665,ENGR,200,1.9700493241732566,1.8117774266719069
ENGR200_09666,ENGR,200,4.139207319583811,1.4654045509088167
MATH200_09667,MATH,200,3.1022336068919736,4.681720515248564
CHEM300_09668,CHEM,300,2.9452797162346065,4.633829014989294
STAT300_09669,STAT,300,3.209026753711504,4.976176764015395
ENGR500_09670,ENGR,500,2.2444734916328404,4.335253147902478
MATH100_09671,MATH,100,2.55083583102464,3.9679849837875167
STAT200_09672,STAT,200,1.2548381360791527,3.05239834723362
STAT200_09673,STAT,200,4.431656807393684,2.8291750631173485
CHEM400_09674,CHEM,400,4.785812314331827,4.892138505879496
CS100_09675,CS,100,4.20779715131054,4.99538118118862
ENGL400_09676,ENGL,400,4.234212786783639,4.074373947094285
CS400_09677,CS,400,2.4635213875614106,4.857971009765063
CHEM200_09678,CHEM,200,3.2445098985089804,3.634051477451667
ENGL400_09679,ENGL,400,3.6769188343350216,4.214709366877827
ENGR200_09680,ENGR,200,3.0468254384199103,1.4751219731310874
ENGR200_09681,ENGR,200,2.314653028868495,3.3266258381676237
PSYCH400_09682,PSYCH,400,2.8041807231121756,1.9990492730672997
BIO400_09683,BIO,400,4.225621345342339,4.433102599820213
ENGR200_09684,ENGR,200,4.753980942254592,1.4722192018620173
CHEM500_09685,CHEM,500,3.8479315881308107,4.257585114147645
PHYS200_09686,PHYS,200,1.884329788417571,2.3819561640252918
CHEM400_09687,CHEM,400,2.0805901877361945,3.379809597567969
MATH100_09688,MATH,100,3.111993390823108,3.089783405890068
ECON300_09689,ECON,300,3.827724078655263,1.708346130235987
ENGL500_09690,ENGL,500,4.058741177321446,1.7627443523717017
CHEM200_09691,CHEM,200,4.723713974993826,2.332241072706747
STAT200_09692,STAT,200,4.96560291228389,3.995161948078298
ENGL200_09693,ENGL,200,1.5443601038573544,3.893101670262505
ENGL100_09694,ENGL,100,1.1048883041253919,4.197475336369918
PHYS200_09695,PHYS,200,2.962037417446012,2.2868009865701993
MATH500_09696,MATH,500,4.549957705142667,2.4688479533400467
CS200_09697,CS,200,4.359989408729785,1.5265255007727951
PHYS500_09698,PHYS,500,3.4346366040068457,2.194629329869786
ECON100_09699,ECON,100,2.321183837816456,2.1689077097086793
MATH200_09700,MATH,200,1.5785726607043662,4.380734868263064
CHEM500_09701,CHEM,500,3.1029874471958996,2.2878886989370106
ENGR400_09702,ENGR,400,3.129701663338139,4.750932885870245
ENGR400_09703,ENGR,400,2.8346255482066463,1.8380282505856047
BIO500_09704,BIO,500,1.9601522447709856,2.9689319478554705
BIO300_09705,BIO,300,3.5542557580436753,1.318820612479175
MATH300_09706,MATH,300,4.373976946611188,4.215960194750556
STAT500_09707,STAT,500,1.6722551014236315,1.6242222815649385
STAT200_09708,STAT,200,2.135100888412763,2.170621051048246
STAT400_09709,STAT,400,4.7892680666103224,1.7601197668395656
ECON400_09710,ECON,400,4.3289353257750225,2.9751079606074216
ENGL500_09711,ENGL,500,3.8035490085372756,2.122497517736428
ENGR500_09712,ENGR,500,3.4671095119550275,2.1966132222458237
MATH400_09713,MATH,400,1.5540082376140028,3.9476902314192603
PHYS400_09714,PHYS,400,3.184918492485962,1.2822653309209842
ECON200_09715,ECON,200,1.3414775409639157,2.4376069239529055
PSYCH100_09716,PSYCH,100,1.6243246613333477,4.2120030657810865
ECON200_09717,ECON,200,4.2576078917901,1.1752359466266933
CHEM200_09718,CHEM,200,1.5772596568997717,1.2454479437026515
MATH500_09719,MATH,500,1.7745776049700486,2.712622849056087
MATH400_09720,MATH,400,1.8079954027472418,1.9043751515735545
STAT300_09721,STAT,300,2.0214189157114095,3.5789228698085935
ENGR400_09722,ENGR,400,1.1835140675358113,4.479133485231772
STAT400_09723,STAT,400,2.7755850625234695,4.536778990556881
STAT500_09724,STAT,500,4.615800105235425,2.9543364592975156
PHYS100_09725,PHYS,100,1.9709331335939195,1.2688620550636864
PHYS100_09726,PHYS,100,4.546412763835448,1.7105133568464521
STAT400_09727,STAT,400,1.3388915708819007,1.3166148317503228
STAT300_09728,STAT,300,3.1726153582731738,4.539900518075511
MATH500_09729,MATH,500,2.697374670214989,1.9726045585190688
ENGL200_09730,ENGL,200,2.8509041648316296,1.037951687028254
ENGR500_09731,ENGR,500,2.3960239993341848,4.1797520274203706
MATH400_09732,MATH,400,3.2665831402250554,2.5287186763618936
ENGR500_09733,ENGR,500,4.382594815143096,4.783111183000875
PHYS400_09734,PHYS,400,3.7422601976851264,4.414155993010363
BIO100_09735,BIO,100,2.9697670940522145,3.172207191004317
ENGL200_09736,ENGL,200,2.046711854739177,2.299142352933915
MATH500_09737,MATH,500,1.543097910495387,3.3894053328360085
PSYCH100_09738,PSYCH,100,4.445907053434232,1.651042631368445
STAT400_09739,STAT,400,1.0671803671205624,2.552322137488086
ENGR100_09740,ENGR,100,4.8548735976008786,1.2068685304808584
BIO200_09741,BIO,200,1.18273194761292,4.686910747075942
PSYCH200_09742,PSYCH,200,3.7373416916500166,3.84658736263705
PHYS500_09743,PHYS,500,2.263037455402091,1.7181706117647764
BIO300_09744,BIO,300,4.817268071682475,1.9223636347780677
BIO500_09745,BIO,500,2.9953287059786806,2.2923035573020374
CS500_09746,CS,500,1.0926103111454077,3.23964652866386
ECON500_09747,ECON,500,4.586706843012268,2.490769371135223
MATH400_09748,MATH,400,1.0353747541733105,1.1338830363581685
BIO500_09749,BIO,500,2.3389516449939425,3.5897222510748916
ENGR300_09750,ENGR,300,1.2905113583446455,2.6043807161890062
MATH400_09751,MATH,400,4.205008011347208,3.5317328310401073
PHYS200_09752,PHYS,200,1.95828924061358,1.7873632604755763
PHYS400_09753,PHYS,400,1.6813201916147378,4.50404984445862
ECON100_09754,ECON,100,1.4202519135587428,2.019762224232425
ENGR500_09755,ENGR,500,3.123665166688825,4.609227297346454
CHEM500_09756,CHEM,500,1.485564866757052,2.3934619624289093
ENGR200_09757,ENGR,200,1.1624581351335679,2.492280022999216
MATH500_09758,MATH,500,2.821551186813041,2.4264248116535505
ENGL200_09759,ENGL,200,2.8033157379690388,4.635790315636196
CS500_09760,CS,500,3.3191480136929847,2.4788549097157846
PHYS100_09761,PHYS,100,4.9150074781283095,3.8946277376464584
ENGL500_09762,ENGL,500,3.6500975710548227,2.7978536389380446
ECON400_09763,ECON,400,3.9719426498622874,3.1933274945854224
PSYCH500_09764,PSYCH,500,2.9278610832924152,2.2199679416101388
BIO300_09765,BIO,300,4.750741453672156,4.643111360615679
CS300_09766,CS,300,4.5934967476543545,3.0827758559128835
CS200_09767,CS,200,1.2551914324482576,4.076197163275888
ENGL300_09768,ENGL,300,1.747180320489,1.0398895169124942
CS100_09769,CS,100,3.3770643139849326,4.77719651337655
PSYCH300_09770,PSYCH,300,1.015578771677542,4.119369501412935
PHYS200_09771,PHYS,200,4.601932924566894,3.536317276566783
ECON100_09772,ECON,100,3.695406000839943,4.956813208119227
CS400_09773,CS,400,4.760426270702684,3.044313519554466
CS400_09774,CS,400,3.041510741897593,3.464773888386202
ENGR500_09775,ENGR,500,1.8931744651882627,2.4038907857794487
ENGL300_09776,ENGL,300,1.466988910662411,2.406928003753138
ENGR500_09777,ENGR,500,2.6341523480863485,2.4147702315467554
MATH100_09778,MATH,100,1.469089960088454,4.4204749642436365
PHYS200_09779,PHYS,200,3.151162620854784,3.9709490484736705
ENGL300_09780,ENGL,300,3.9333520260298376,1.2673212045000608
ECON200_09781,ECON,200,4.772102879291592,3.241950872098585
CHEM200_09782,CHEM,200,1.0410215760572243,3.048213894276495
ENGL500_09783,ENGL,500,1.1629178971827603,4.813167880247459
CS300_09784,CS,300,2.6084434102419785,4.122235830745673
PHYS100_09785,PHYS,100,1.8561465604585146,3.1547841376606525
ECON100_09786,ECON,100,3.091947532851517,2.4310675159557342
CHEM400_09787,CHEM,400,4.3553971825009645,4.3936372977246325
PSYCH500_09788,PSYCH,500,4.102564385224603,3.1925013811926375
CS500_09789,CS,500,2.381369147794411,3.8744625961611847
ECON400_09790,ECON,400,1.6321699345990122,3.717105672627574
CS200_09791,CS,200,1.6005809853986928,2.6371167692194324
BIO200_09792,BIO,200,4.931816871700688,2.9147687114556855
PHYS300_09793,PHYS,300,1.0652394804035148,2.513039357946036
CHEM400_09794,CHEM,400,4.333141051315339,2.3395870180483693
PHYS200_09795,PHYS,200,3.2050996633362328,1.5647576807703087
STAT200_09796,STAT,200,4.579452218402189,2.306888145248006
CHEM300_09797,CHEM,300,1.8091346764637777,4.7061962838901366
STAT100_09798,STAT,100,4.288253424878814,1.2942271524070272
STAT500_09799,STAT,500,2.6372594963245746,1.9301552099821295
STAT400_09800,STAT,400,4.128663878986632,3.300097062481138
PHYS500_09801,PHYS,500,1.1762585693088048,3.963528288837636
ENGL500_09802,ENGL,500,3.502968696314694,4.466263666648972
CS500_09803,CS,500,1.795875888571882,1.5942033924676542
ENGR300_09804,ENGR,300,4.562996590248762,3.364258393434638
BIO500_09805,BIO,500,4.45372515005749,1.351010863322473
ECON400_09806,ECON,400,4.184382144135704,4.639676662216763
STAT400_09807,STAT,400,1.7285131448489692,3.77143394789187
ENGL400_09808,ENGL,400,4.813205985359996,3.0513358208171235
ENGL300_09809,ENGL,300,1.3171996563586377,3.944180799790809
BIO100_09810,BIO,100,2.2077527623702666,1.5101886560322235
CS300_09811,CS,300,1.032952240486034,1.6861060608047787
PSYCH300_09812,PSYCH,300,2.549965800337604,3.6109410906524118
CHEM500_09813,CHEM,500,1.7766014594742763,4.516928312475068
MATH500_09814,MATH,500,4.268677648030183,1.9606684096236795
STAT100_09815,STAT,100,2.118258165114631,3.305522469605183
ENGL400_09816,ENGL,400,3.1501808385392516,4.396524837120112
PSYCH200_09817,PSYCH,200,3.9972618818822534,3.0221659455137386
ENGR200_09818,ENGR,200,2.4824392488263927,3.0047704491212546
PSYCH500_09819,PSYCH,500,1.768223706919998,2.253021444236559
PSYCH400_09820,PSYCH,400,4.586892226554452,1.2073893339642345
ENGL500_09821,ENGL,500,4.812147992474335,3.9135263704705863
CHEM200_09822,CHEM,200,2.0715848963323364,3.3367852961931166
STAT400_09823,STAT,400,3.182165213936224,3.604107811084007
MATH400_09824,MATH,400,1.4970693669645434,2.162381923983826
BIO400_09825,BIO,400,1.4055739351326682,3.2865928346464677
MATH200_09826,MATH,200,4.995881114197915,1.738891887591996
MATH400_09827,MATH,400,2.412490455762658,1.9955902704495259
CHEM300_09828,CHEM,300,3.7783342334783825,3.0272833769483523
ENGL500_09829,ENGL,500,2.285447868281774,1.5926964181472147
PHYS200_09830,PHYS,200,3.75517992179568,3.9548109779237413
MATH200_09831,MATH,200,1.8529299662342877,1.558138500644707
ENGR400_09832,ENGR,400,3.8954400485120795,3.1505481083908298
ENGL100_09833,ENGL,100,3.0267418526870276,1.4632373397299805
PSYCH500_09834,PSYCH,500,4.896771299020539,2.428001956017314
CS300_09835,CS,300,2.369910617823257,2.2680372073182675
ENGL200_09836,ENGL,200,1.9072862383966616,3.9384237897308934
MATH300_09837,MATH,300,3.0543140578715984,4.72563587417834
PHYS500_09838,PHYS,500,3.8634855905104475,3.30874758234159
ENGR100_09839,ENGR,100,1.6404408514734068,4.105250810356992
ENGR300_09840,ENGR,300,1.552191288767291,4.441049553148518
ENGL100_09841,ENGL,100,4.904832387203054,4.730052374305414
CHEM500_09842,CHEM,500,2.1181005437970004,2.127077256717643
ECON200_09843,ECON,200,1.7051130561564785,4.224265023339479
MATH300_09844,MATH,300,1.8637473918559517,3.8745745963604477
PHYS100_09845,PHYS,100,3.528740049990014,1.0851093810847763
BIO500_09846,BIO,500,4.765917107656099,3.2718191501139855
CS200_09847,CS,200,3.7064711928088694,3.5954861394198785
ECON500_09848,ECON,500,1.0785964185288268,3.252390506012394
PSYCH300_09849,PSYCH,300,4.511995488420193,1.811232131374413
ENGR500_09850,ENGR,500,1.9054676065255665,3.2586661871533926
CS100_09851,CS,100,3.388722624456284,2.872650934635319
CS500_09852,CS,500,2.1626141591158032,1.1660297093154441
ECON200_09853,ECON,200,3.049659408069983,3.8977927461043875
MATH400_09854,MATH,400,1.3962493678039167,1.4812321531220927
ECON100_09855,ECON,100,4.022280275939278,3.684223502909972
PSYCH200_09856,PSYCH,200,2.615457673356736,3.16053577149848
PSYCH500_09857,PSYCH,500,4.254487554221841,4.167080691694749
CS200_09858,CS,200,2.951664160639043,4.593181680940141
PSYCH500_09859,PSYCH,500,1.8463141935629652,3.9027962373201834
PSYCH400_09860,PSYCH,400,3.4972760768372,1.2492689464721192
ENGR300_09861,ENGR,300,1.558642695822245,4.202661781006848
PSYCH200_09862,PSYCH,200,2.055180515802749,1.0941069418576577
BIO400_09863,BIO,400,2.647569009214857,3.893519657387019
PHYS100_09864,PHYS,100,1.9803332496498829,1.9833474835237084
ECON100_09865,ECON,100,1.8853324319699345,1.586204134681242
MATH500_09866,MATH,500,1.4086209805379375,2.772655291352988
PSYCH100_09867,PSYCH,100,1.501861400920963,2.6341830781177147
ENGR500_09868,ENGR,500,4.875733442110656,3.894737895363989
CHEM400_09869,CHEM,400,3.291579388008848,2.1980506442667576
PHYS300_09870,PHYS,300,1.3162290438635686,3.324532864472347
CS200_09871,CS,200,3.058689186741363,3.845304895917436
ECON300_09872,ECON,300,3.7463781464568915,2.1068465787807895
ECON300_09873,ECON,300,1.322682960743525,3.23859533492205
STAT500_09874,STAT,500,4.191684694552277,4.500596143033764
PSYCH300_09875,PSYCH,300,4.436952973700258,4.241837996444588
ENGL500_09876,ENGL,500,4.127344948697136,3.4761114223955216
CS200_09877,CS,200,1.4770868130277077,2.9402853677477188
ECON200_09878,ECON,200,3.0940689827381487,4.308943707768935
CS100_09879,CS,100,4.991645961933013,2.954177526763338
BIO200_09880,BIO,200,3.1329723909835345,4.346740522573192
CS400_09881,CS,400,4.914524805112263,2.502229762893454
ENGR500_09882,ENGR,500,3.0911636751468397,2.064221753159901
ECON400_09883,ECON,400,1.1428072604128503,2.7929866513488606
STAT200_09884,STAT,200,2.350426728101315,1.3569228619760891
MATH300_09885,MATH,300,4.051512558409122,1.3801929569549558
ENGR300_09886,ENGR,300,2.7456708636164513,1.737737064373615
ECON100_09887,ECON,100,1.2050507331362805,2.2675427134049806
CHEM400_09888,CHEM,400,4.8127810134799995,1.4127271332456286
CHEM300_09889,CHEM,300,4.016480397950826,4.620728976515158
MATH200_09890,MATH,200,3.1825178303257027,3.8349432905791705
STAT100_09891,STAT,100,3.5163452102777493,1.6785352042084027
BIO300_09892,BIO,300,1.7829498596085984,4.273447369422585
MATH100_09893,MATH,100,2.929706836120396,3.32826140330229
ENGR400_09894,ENGR,400,2.373027869421719,4.354473701261883
CS100_09895,CS,100,2.718934828133259,3.4943975363555326
PHYS400_09896,PHYS,400,1.989065092245351,3.893468190326821
ENGR500_09897,ENGR,500,3.3398914953260714,4.921399857607042
STAT200_09898,STAT,200,3.6641149334215486,3.550552786317512
PSYCH300_09899,PSYCH,300,1.3121273650607557,4.4796383954899
ENGR300_09900,ENGR,300,4.8170761199664085,3.0331969727084505
PSYCH400_09901,PSYCH,400,3.6842307885937635,1.59114664579779
BIO400_09902,BIO,400,4.720100688254735,2.4378741468110197
BIO400_09903,BIO,400,1.9400325329452057,1.5917878911641878
CHEM200_09904,CHEM,200,1.218024772698441,1.4473423135913066
PSYCH200_09905,PSYCH,200,2.022787282888492,2.579845800360998
ECON300_09906,ECON,300,2.0225066008232404,1.5286545062438819
CS500_09907,CS,500,1.1568135112443292,2.0098186805546643
ENGL500_09908,ENGL,500,3.490694703354464,3.280673539479498
CHEM300_09909,CHEM,300,3.1698011600194707,3.496770160740712
ECON100_09910,ECON,100,2.2414618583455246,2.807400702240565
PHYS300_09911,PHYS,300,4.225860270616845,4.2189867640515235
ENGR300_09912,ENGR,300,1.9279487638047779,4.400616897352906
STAT500_09913,STAT,500,4.655813480003568,3.7809243146997495
BIO400_09914,BIO,400,3.6970021922418255,3.7759975999824578
ENGL500_09915,ENGL,500,1.066096459038821,1.9393929107105885
CS300_09916,CS,300,4.560384367269061,4.805285167579516
ENGR100_09917,ENGR,100,1.0373767293194804,3.330179897452945
CS200_09918,CS,200,2.539983793891148,2.1335438484996123
CS300_09919,CS,300,2.935964850578451,3.673738070690598
STAT300_09920,STAT,300,1.6674936429173473,4.222517652653781
PSYCH300_09921,PSYCH,300,3.8317507840039435,4.539931626586186
BIO400_09922,BIO,400,2.0262999063534295,2.797850373933045
ENGL500_09923,ENGL,500,1.9362169630854886,1.2023346259876266
PSYCH200_09924,PSYCH,200,1.8107946515467104,1.362349698835057
CHEM500_09925,CHEM,500,2.1777937972390413,1.9720732346643843
ENGR400_09926,ENGR,400,4.483684383374921,1.1987375243552796
CS400_09927,CS,400,3.7509621719645825,2.5358413952482715
CHEM100_09928,CHEM,100,4.302041492563527,3.3022814866085306
STAT400_09929,STAT,400,4.170756168887458,3.522713240502927
PHYS400_09930,PHYS,400,3.3658141227639797,3.480278208561171
PHYS400_09931,PHYS,400,1.7670800717848056,1.6800646270794752
BIO100_09932,BIO,100,4.649041218076227,1.479948955897497
CS300_09933,CS,300,1.4076276513122643,1.8630510315290438
ECON500_09934,ECON,500,3.850834234896653,4.348235095166208
STAT500_09935,STAT,500,2.408366581133636,3.8168236713005954
BIO200_09936,BIO,200,2.610708626970507,1.6927991955047674
CHEM100_09937,CHEM,100,2.0785007132479105,2.3993323028608424
ENGR100_09938,ENGR,100,4.441273378406769,1.3440861968209905
CS400_09939,CS,400,1.7085427376970688,3.9494678258063103
STAT400_09940,STAT,400,1.6758281026364643,1.4545575738114636
PHYS500_09941,PHYS,500,1.5280641310298249,1.1216794667870986
CS400_09942,CS,400,2.6925453882393153,4.019339873561096
ECON300_09943,ECON,300,1.2275840849201423,3.612897353614969
STAT200_09944,STAT,200,4.965300607711036,4.3056833498998355
CHEM500_09945,CHEM,500,2.3346582019408313,3.383978790278696
BIO200_09946,BIO,200,3.6822854774156384,3.989730545810749
ENGR500_09947,ENGR,500,4.941591046154719,3.4189537233642957
CS400_09948,CS,400,4.094935840768784,4.453069543870883
BIO300_09949,BIO,300,2.522263341772326,4.47249700702789
BIO200_09950,BIO,200,4.791224430173233,1.5251076220443114
ECON300_09951,ECON,300,3.7630717763877977,3.739660413858796
STAT100_09952,STAT,100,2.3488629854145615,1.093351852292749
BIO100_09953,BIO,100,4.09050055836966,1.162528607489131
MATH100_09954,MATH,100,2.5565028344139047,4.843589961359672
MATH500_09955,MATH,500,3.8736506316563624,2.842267907928665
BIO400_09956,BIO,400,3.9636595598219215,4.575045270859912
CHEM300_09957,CHEM,300,1.8271445374710438,1.2137639495084147
ENGL100_09958,ENGL,100,2.790153937659611,3.2627358797604917
BIO100_09959,BIO,100,2.731158321501212,1.6414363036568562
PSYCH500_09960,PSYCH,500,4.466773995243894,1.4646382757545275
CHEM100_09961,CHEM,100,1.7195015561529727,2.516764533615097
ENGR400_09962,ENGR,400,1.168543516325998,4.325981097123517
PSYCH400_09963,PSYCH,400,4.038397326829642,2.834680611450971
ENGL300_09964,ENGL,300,4.37014539362469,1.5551490596176194
MATH300_09965,MATH,300,1.028873115911709,4.3546749003529674
CHEM500_09966,CHEM,500,3.897594282014706,2.243619411278325
BIO500_09967,BIO,500,1.5805711791216908,4.7217656421887835
MATH100_09968,MATH,100,1.9678400445671578,2.607436664158561
PSYCH500_09969,PSYCH,500,2.8038881365725894,3.2788694308269157
BIO300_09970,BIO,300,2.1751045363305597,4.7250542075030655
MATH300_09971,MATH,300,1.6530437027953382,2.462550229798226
CHEM300_09972,CHEM,300,4.529901351894717,3.873616656716388
ENGL400_09973,ENGL,400,2.607469620540392,4.54663403897502
PSYCH300_09974,PSYCH,300,1.657593831894895,1.7453568139071116
PHYS500_09975,PHYS,500,3.098642130889796,3.949372545858517
MATH200_09976,MATH,200,2.429200952266264,2.8841057306104223
STAT100_09977,STAT,100,2.6950685731929425,4.551443967108812
MATH200_09978,MATH,200,2.3342699470983166,1.4383418480620178
CHEM500_09979,CHEM,500,3.0148553631784036,2.6346829177356397
STAT300_09980,STAT,300,3.4813497638629225,4.287669190815873
BIO500_09981,BIO,500,4.77546110094824,2.3554110884076507
ENGR300_09982,ENGR,300,2.3212522200053423,2.7214205788854913
ENGR400_09983,ENGR,400,1.3612131942036019,4.913403789452411
CS400_09984,CS,400,2.9120853833612528,4.002709778037257
STAT500_09985,STAT,500,2.726764858122291,3.958323196240613
CS400_09986,CS,400,2.9487629454580953,1.3868932999209558
ENGL200_09987,ENGL,200,3.3733001732266112,3.373590493539591
PSYCH100_09988,PSYCH,100,2.424429013113532,2.255276423254981
BIO400_09989,BIO,400,2.7669974837065534,3.436601938872052
CS500_09990,CS,500,1.4182420511472835,1.5912327007649938
CHEM200_09991,CHEM,200,3.343435933897293,3.6998832875462795
STAT500_09992,STAT,500,3.0625406345339443,4.21128482599352
PSYCH300_09993,PSYCH,300,3.0732513627220523,2.8178060367019544
CS400_09994,CS,400,2.9247366129214867,2.3110580080532657
PHYS500_09995,PHYS,500,3.7741924956209187,2.77712894045764
PHYS200_09996,PHYS,200,2.8533892660257285,2.5939755265702127
MATH500_09997,MATH,500,1.7150610280955867,1.749762180709904
PHYS100_09998,PHYS,100,2.666952721134217,2.641328025661415
ENGR200_09999,ENGR,200,2.819633725557488,2.413234685100095
