user_id,item_id,rating
STU_001,MATH500_00003,2.115203805625994
STU_001,PSYCH300_00020,1.8892966465738568
STU_001,ENGL300_00036,2.33657640314172
STU_001,STAT100_00039,2.5993715295722213
STU_001,ECON200_00062,3.894060510184124
STU_001,ENGR100_00074,2.6438462691267213
STU_001,ENGL400_00084,3.135518453920516
STU_001,CHEM200_00134,2.344174931998272
STU_001,STAT300_00172,3.289474001942186
STU_001,ECON500_00202,1.9501666902152033
STU_001,CS300_00243,2.409355370062763
STU_001,CHEM400_00250,3.1448621016187497
STU_001,ENGR300_00294,2.278412509005205
STU_001,ENGL300_00296,3.3305793695828037
STU_001,ENGR200_00333,3.223624797173472
STU_001,STAT300_00375,2.8826095078608147
STU_001,ENGL300_00378,2.5687025594025927
STU_001,MATH100_00405,2.7262284916061392
STU_001,PHYS300_00414,3.3572505232491747
STU_001,ENGL200_00423,3.4423416217907703
STU_001,MATH500_00427,3.921818449684985
STU_001,PHYS100_00434,2.4471492600256584
STU_001,STAT400_00435,2.1872222852343457
STU_001,MATH500_00445,3.42289888593658
STU_001,CHEM200_00448,2.806183658622283
STU_001,BIO100_00513,3.2752414090840736
STU_001,STAT300_00560,2.3185459563548196
STU_001,PHYS400_00578,3.0804711124897457
STU_001,BIO300_00583,3.5587623206301187
STU_001,PSYCH400_00595,2.7903086387826948
STU_001,STAT400_00612,2.697716121009289
STU_001,MATH100_00630,2.889294756107608
STU_001,ENGL500_00635,3.968685175741145
STU_001,ECON300_00665,3.2216138383003545
STU_001,PHYS300_00681,2.431539334926805
STU_001,CHEM500_00700,3.143663814685415
STU_001,CHEM200_00702,2.853780866674591
STU_001,CHEM400_00703,2.588829148760184
STU_001,CHEM100_00729,2.210421266276091
STU_001,PHYS200_00737,3.601518823709997
STU_001,ECON400_00753,3.908291305167761
STU_001,ECON500_00782,2.5629954383951588
STU_001,ENGL200_00784,2.5329529766445376
STU_001,CS500_00843,1.7350394384302568
STU_001,CHEM500_00938,3.2512948919294447
STU_001,PHYS100_00945,2.1592167244830396
STU_001,ECON400_00953,2.7249515076248594
STU_001,CHEM300_00999,2.3112142410831034
STU_001,MATH200_01010,3.690146632608248
STU_001,CHEM200_01038,3.3329115913147085
STU_001,CHEM200_01047,2.606093325945436
STU_001,CS200_01056,2.87621593144224
STU_001,STAT100_01115,3.4491904024947795
STU_001,BIO100_01130,3.8524128659711154
STU_001,ENGL500_01147,3.28708751707084
STU_001,MATH500_01152,3.211369766478184
STU_001,ENGL300_01171,3.2764694520768685
STU_001,STAT100_01181,3.5752323138908855
STU_001,CS400_01199,3.052625772612419
STU_001,CHEM300_01221,2.526578176411135
STU_001,BIO100_01228,3.2483375840410305
STU_001,PHYS300_01290,3.440727544633023
STU_001,PSYCH400_01293,3.3190340716307
STU_001,ENGR500_01310,3.600649656314374
STU_001,ENGL500_01322,2.529151933236061
STU_001,MATH300_01324,2.5165309951806445
STU_001,MATH300_01349,3.150590926966751
STU_001,PHYS400_01377,2.933816488904605
STU_001,CHEM100_01400,3.7320009412713366
STU_001,PHYS200_01412,3.685182010011354
STU_001,ENGL500_01434,2.5703520837057434
STU_001,MATH200_01436,3.7555513846660773
STU_001,CS100_01487,3.0227071011412767
STU_001,BIO500_01509,3.4511978652684974
STU_001,ENGR100_01522,2.38831768053052
STU_001,STAT200_01540,3.7032406997025853
STU_001,CHEM400_01552,3.1915106624616754
STU_001,ENGR200_01585,2.702360748764685
STU_001,ENGL200_01588,2.4707295152619384
STU_001,PHYS100_01600,3.3534883993294073
STU_001,PSYCH100_01617,2.765978505582773
STU_001,PHYS100_01635,2.5319439694450194
STU_001,PHYS400_01639,2.675781543291038
STU_001,MATH400_01700,2.5482086160568085
STU_001,STAT500_01715,2.813740744103689
STU_001,CHEM500_01717,2.679852171869364
STU_001,STAT200_01722,2.8249052806399004
STU_001,MATH300_01728,2.670311383091296
STU_001,CS200_01745,3.035056677163807
STU_001,PSYCH200_01787,2.995520482742835
STU_001,CHEM100_01809,2.8291285440551652
STU_001,CHEM400_01818,3.0916377490329148
STU_001,ENGL200_01824,3.942123394293521
STU_001,STAT300_01828,3.715477443256317
STU_001,PSYCH500_01841,3.5735245097488586
STU_001,CHEM300_01865,2.9084505376229837
STU_001,PHYS500_01904,3.576661043986975
STU_001,STAT100_01906,3.472702631452743
STU_001,CS100_01973,3.6030351683847
STU_001,CS500_02019,3.3787724149038136
STU_001,ENGL400_02022,2.6404676297501304
STU_001,ENGR100_02024,2.5813100990346967
STU_001,PHYS300_02026,3.9208159581888284
STU_001,ECON200_02033,3.1451271205156632
STU_001,CS400_02039,2.523301716892511
STU_001,CS400_02053,2.4466771832406713
STU_001,BIO200_02058,2.6787391213810126
STU_001,ECON400_02090,1.8447369248803804
STU_001,STAT400_02126,2.879186244566726
STU_001,STAT100_02161,2.4974910421905463
STU_001,CHEM400_02180,3.7484922307441133
STU_001,STAT400_02181,3.4895196763343406
STU_001,PSYCH300_02201,2.3599087240489114
STU_001,CS400_02207,3.06341405926885
STU_001,ENGL200_02223,3.1775780699570024
STU_001,BIO400_02227,2.153306357293844
STU_001,BIO100_02238,2.23498911673835
STU_001,ENGL300_02243,2.290069981717715
STU_001,CHEM200_02250,2.9952368388902375
STU_001,ENGL400_02267,3.563665759119552
STU_001,CHEM300_02287,4.03115159354925
STU_001,PSYCH300_02353,3.7057629312857623
STU_001,STAT500_02362,3.139928864548654
STU_001,CHEM400_02378,3.138203691376506
STU_001,ENGR200_02447,2.6422414388677096
STU_001,ECON400_02470,3.2839817885925475
STU_001,CS500_02473,3.122669608866883
STU_001,MATH500_02507,1.6862594123021528
STU_001,ENGR200_02560,1.6614361736069472
STU_001,PSYCH500_02569,3.5333410306050137
STU_001,ENGR100_02577,2.3114420277708296
STU_001,CS100_02594,2.9500088172837176
STU_001,PHYS300_02683,3.2283407182419332
STU_001,CHEM400_02696,3.1475705821629916
STU_001,ECON100_02737,3.3581783854824323
STU_001,CS400_02761,3.513051004910288
STU_001,ENGR300_02780,3.254194328469633
STU_001,ECON200_02817,3.453638150389526
STU_001,PHYS200_02825,1.6082218512020907
STU_001,ENGR200_02886,3.4273543722674455
STU_001,BIO400_02889,2.9840416719110796
STU_001,ENGR200_02896,3.363863993643753
STU_001,ECON500_02906,2.890937428172858
STU_001,MATH500_02931,2.400170337140123
STU_001,CS400_02933,2.7275386996505637
STU_001,CHEM200_02935,4.141219687264036
STU_001,BIO200_03002,3.323340311757846
STU_001,CHEM100_03026,3.166386532224415
STU_001,ENGL500_03065,3.6185987260654624
STU_001,BIO100_03080,3.106358710008221
STU_001,PSYCH400_03083,3.2661086369461736
STU_001,MATH300_03110,2.926626141560632
STU_001,ENGL200_03171,3.118813592691619
STU_001,ENGL200_03188,4.244353318273146
STU_001,PHYS100_03191,2.6976599174627793
STU_001,CS500_03199,2.6045722509610694
STU_001,MATH100_03207,3.259021412359133
STU_001,ECON300_03220,2.497539926346257
STU_001,PSYCH100_03245,2.93033706541021
STU_001,STAT500_03260,3.252316525167537
STU_001,PSYCH200_03333,3.418545805461439
STU_001,PSYCH200_03383,2.77361205879328
STU_001,STAT100_03386,3.7119409057595134
STU_001,ECON100_03416,2.8181072113181727
STU_001,MATH500_03442,2.773201967795687
STU_001,MATH400_03480,2.92127347308909
STU_001,CHEM100_03484,2.899474044033696
STU_001,ENGL500_03486,1.8988914325604753
STU_001,MATH500_03507,3.99673823865146
STU_001,CHEM100_03515,2.8800630681055406
STU_001,STAT500_03516,2.16534438285094
STU_001,PHYS300_03521,2.6610291945423805
STU_001,BIO500_03536,3.102782016716687
STU_001,PSYCH100_03539,2.881209585639967
STU_001,PSYCH400_03568,3.5974179120797727
STU_001,PHYS400_03571,2.693735663294618
STU_001,STAT100_03600,3.0041577805685584
STU_001,ENGR200_03606,2.931091496741776
STU_001,PHYS300_03619,3.120057168556824
STU_001,STAT300_03654,3.6521784234463084
STU_001,PSYCH400_03657,2.916759882205391
STU_001,STAT300_03658,2.6120452291166387
STU_001,PSYCH400_03683,3.3499193983792748
STU_001,STAT100_03699,2.620471348786246
STU_001,ENGL200_03704,3.3124204069648537
STU_001,CHEM400_03713,2.858292688424814
STU_001,ECON100_03768,2.727769780316975
STU_001,ECON100_03780,2.6658324139154304
STU_001,ECON300_03784,2.2870950624198088
STU_001,PSYCH500_03805,3.1994403596649112
STU_001,BIO400_03813,3.174209971898435
STU_001,ECON100_03814,3.6377474426265044
STU_001,ENGR100_03822,2.376076889500728
STU_001,PHYS100_03847,3.146261572367474
STU_001,ENGL500_03865,2.9930329144334586
STU_001,PHYS500_03872,3.289658892424401
STU_001,ENGL100_03884,2.4982553185218506
STU_001,ENGL300_03885,2.696361680640677
STU_001,PSYCH200_03899,2.6315773777796
STU_001,STAT100_03909,3.6886682412078775
STU_001,MATH400_03925,2.2801254279216185
STU_001,STAT300_03928,3.018656954571564
STU_001,CHEM100_03945,2.8445084382619736
STU_001,ENGL300_03965,2.6915932933806523
STU_001,BIO500_03994,3.675400965308845
STU_001,CHEM300_04001,2.6962686817615693
STU_001,CHEM200_04008,2.537267061695403
STU_001,STAT400_04009,2.528544945183318
STU_001,PSYCH200_04067,2.8708520635226904
STU_001,CHEM200_04088,1.8876991994874506
STU_001,PSYCH100_04094,1.9448252144527636
STU_001,MATH400_04191,3.115709958160152
STU_001,PHYS300_04197,2.332279291419307
STU_001,STAT200_04207,3.123703012228531
STU_001,ENGL500_04255,2.72288608435929
STU_001,CS300_04266,2.5856252270665476
STU_001,PHYS300_04269,4.606428622090174
STU_001,MATH100_04272,2.7942268555949195
STU_001,CHEM400_04312,3.115529851707855
STU_001,CS500_04348,3.5031483324405057
STU_001,STAT400_04352,2.506801885494915
STU_001,ENGL500_04357,2.5545279362125886
STU_001,ENGL400_04364,2.8451324436094714
STU_001,ENGL100_04391,3.380066387863852
STU_001,ECON100_04418,3.589128741620786
STU_001,ENGL400_04448,2.7171864830086054
STU_001,ENGL200_04449,4.803563823730614
STU_001,ENGR200_04477,3.330836594804267
STU_001,ENGR500_04482,4.197737477528357
STU_001,ENGL300_04488,2.3274431397512654
STU_001,BIO200_04496,2.923696442755368
STU_001,BIO500_04500,3.349967765340783
STU_001,ECON100_04516,2.523189940378971
STU_001,MATH500_04527,1.7103247328700033
STU_001,PSYCH400_04541,3.2022604043280176
STU_001,ENGR200_04568,2.4402024816383454
STU_001,ENGL300_04570,4.362201819432066
STU_001,PSYCH400_04592,2.9851455183247038
STU_001,ECON500_04610,2.863809299860626
STU_001,CS200_04619,2.3039019328130212
STU_001,ECON400_04636,3.5529389291217512
STU_001,CS200_04655,2.381790898339038
STU_001,PSYCH500_04687,2.8749668562519597
STU_001,PHYS200_04695,4.083957667924304
STU_001,ECON300_04733,3.662034775831196
STU_001,ECON100_04760,2.9937006121655054
STU_001,ENGL200_04786,2.837032675457454
STU_001,CS200_04805,4.527541283878443
STU_001,CHEM300_04828,3.306444082318568
STU_001,MATH100_04835,1.9641522533063969
STU_001,ENGL400_04852,1.204091179292925
STU_001,MATH200_04870,2.9196395344333683
STU_001,ENGR100_04889,3.447864816483203
STU_001,ENGR100_04910,2.622977670710971
STU_001,ECON100_04911,3.39319600721805
STU_001,STAT300_04943,3.0461204645013855
STU_001,PHYS200_05015,2.8562853540005135
STU_001,ENGL400_05020,3.411926260260833
STU_001,STAT100_05058,3.0874204732255213
STU_001,PSYCH100_05072,3.3523778444747427
STU_001,CHEM100_05076,2.449757056030093
STU_001,MATH200_05083,3.352124330052153
STU_001,CS400_05087,2.802117773599191
STU_001,PHYS500_05096,2.6363363972941225
STU_001,MATH300_05125,2.303574260862655
STU_001,PHYS500_05126,3.2705841058026026
STU_001,ECON500_05148,2.3582802720644294
STU_001,PHYS500_05161,4.493113221506389
STU_001,PHYS400_05172,3.4265236105792165
STU_001,CS100_05191,2.4636930462391105
STU_001,ENGL300_05201,3.294692933869953
STU_001,CHEM300_05210,2.6952987826569377
STU_001,MATH500_05217,2.752597069619121
STU_001,STAT300_05226,2.9902228213528876
STU_001,PSYCH500_05227,3.4109498781380885
STU_001,MATH200_05244,2.0742664083520843
STU_001,STAT500_05254,3.5986010970765356
STU_001,PHYS200_05262,2.095262506058241
STU_001,CHEM200_05272,3.319219508168482
STU_001,CHEM200_05275,2.3143702228548433
STU_001,ENGL400_05296,2.2579459805717024
STU_001,CHEM400_05311,2.8116734502563077
STU_001,ECON300_05312,2.0801629333939333
STU_001,CHEM300_05320,3.1351622673757062
STU_001,CS100_05339,3.0858796179121777
STU_001,STAT400_05354,2.902974779509152
STU_001,CHEM300_05400,2.3856942732186788
STU_001,ENGR200_05487,2.3161819647456747
STU_001,CS500_05539,3.24678979086718
STU_001,PSYCH200_05571,2.514356564852994
STU_001,BIO300_05578,2.6695488056396472
STU_001,MATH400_05594,3.417562813593598
STU_001,STAT100_05604,2.305566818792362
STU_001,BIO400_05608,3.029425703777109
STU_001,CHEM200_05620,2.993556198156869
STU_001,CHEM500_05646,2.672200720096979
STU_001,CHEM100_05648,2.94001800621729
STU_001,ENGR100_05661,3.2287854320943454
STU_001,CS300_05672,2.7519822627306922
STU_001,ENGR400_05678,3.9318846049633214
STU_001,ENGL200_05699,2.139872021473046
STU_001,PHYS200_05708,2.414793658968323
STU_001,ENGL100_05719,2.207633451599757
STU_001,ENGR200_05724,2.481249306562324
STU_001,ENGL200_05740,2.6088000906036295
STU_001,CHEM400_05757,3.0789220813371587
STU_001,CHEM500_05763,2.795868574301974
STU_001,PSYCH400_05779,3.830862536821482
STU_001,ECON300_05790,2.9775345596021054
STU_001,ECON300_05811,2.9331225622227124
STU_001,ENGL300_05833,2.999846981304148
STU_001,ENGR500_05860,3.1674903523162157
STU_001,STAT100_05868,3.657499890044016
STU_001,PSYCH500_05875,2.9073079194138027
STU_001,MATH400_05996,2.453596489934241
STU_001,ENGL100_06008,3.6405196464522036
STU_001,STAT100_06011,3.7165277143845095
STU_001,MATH300_06021,2.4145566169338477
STU_001,STAT500_06032,3.074146511467679
STU_001,STAT200_06153,2.9071275240861603
STU_001,PSYCH500_06155,4.067187842763995
STU_001,CS100_06156,2.9968022412151916
STU_001,ECON400_06169,2.039731254156168
STU_001,MATH200_06170,3.1380281129405767
STU_001,ENGR300_06197,2.9888087748851886
STU_001,PHYS300_06202,3.214397531141796
STU_001,ENGL300_06238,3.685100462615135
STU_001,ENGL300_06249,3.017889925937405
STU_001,ENGR400_06266,3.680484840381655
STU_001,BIO200_06288,3.2793404653384672
STU_001,MATH400_06316,3.489892279038471
STU_001,ENGL300_06365,2.9756293582201705
STU_001,MATH300_06393,2.9369140405640173
STU_001,PHYS400_06394,2.618292780611539
STU_001,ENGL200_06405,2.2144391587917363
STU_001,PSYCH200_06406,3.3199444202451605
STU_001,ECON300_06419,2.7869274805556348
STU_001,CHEM200_06429,2.796396389932991
STU_001,CS400_06432,3.1326444475815203
STU_001,PSYCH500_06469,3.713438249005669
STU_001,ENGR100_06474,3.968903141491194
STU_001,ENGL300_06476,2.476076044754114
STU_001,CHEM400_06512,3.6076335033104763
STU_001,CHEM400_06547,3.491804231563239
STU_001,PSYCH400_06556,2.9524896348377374
STU_001,CS400_06560,3.7409149544058344
STU_001,ENGR400_06566,2.5273999751449354
STU_001,PHYS300_06571,2.5893439353528724
STU_001,ECON100_06579,2.5055020202773965
STU_001,ENGR400_06586,3.2993245419841886
STU_001,ENGR500_06640,1.8927302113994013
STU_001,PHYS100_06646,3.1364434988988914
STU_001,ENGL100_06673,2.8412961324440533
STU_001,ENGR100_06682,3.0488752781828743
STU_001,MATH500_06694,3.8020264838245907
STU_001,PHYS300_06699,2.6712042729333287
STU_001,CS200_06723,2.9460088490112883
STU_001,MATH400_06727,2.830189082084967
STU_001,ENGR400_06749,2.528071555224731
STU_001,ECON500_06776,3.227490900891822
STU_001,CS500_06839,3.652144076340001
STU_001,CS100_06840,3.095493012753716
STU_001,BIO500_06842,3.657746158355524
STU_001,STAT200_06858,2.774127589832885
STU_001,CHEM500_06861,2.1500710653266935
STU_001,PSYCH100_06863,2.994344843342365
STU_001,STAT200_06899,2.791488352786954
STU_001,CS500_06902,2.8422844130082017
STU_001,MATH200_06940,2.6508287907110146
STU_001,ENGL500_06956,3.866999727879902
STU_001,CS400_06958,3.0099024818095947
STU_001,ENGL300_06985,3.1209751962316807
STU_001,CHEM400_06993,2.885388198792451
STU_001,ECON200_07000,3.7220047160783203
STU_001,CS200_07020,3.1730544724767022
STU_001,CHEM100_07029,3.5775540816691103
STU_001,ECON300_07046,2.4986195258642088
STU_001,ECON400_07057,2.3262493927858623
STU_001,CHEM400_07098,2.2042888541816446
STU_001,STAT500_07115,3.7344366937678433
STU_001,PSYCH100_07135,3.142916216386821
STU_001,MATH500_07140,3.091897455736831
STU_001,ENGR300_07201,3.2869083392391127
STU_001,CHEM500_07223,3.8579026491073445
STU_001,BIO100_07237,2.4270956150839527
STU_001,PSYCH400_07257,2.6923568113249923
STU_001,CS400_07272,3.788439427478978
STU_001,BIO100_07306,3.1298906842009484
STU_001,MATH200_07320,3.121475096464271
STU_001,MATH500_07356,2.4067205326548113
STU_001,CHEM500_07365,3.0439556083867716
STU_001,MATH400_07396,2.915078309276746
STU_001,PSYCH500_07401,2.474265232673584
STU_001,MATH500_07423,2.920804989024544
STU_001,STAT300_07441,2.8512457691346804
STU_001,ENGL300_07490,2.7197140773360338
STU_001,ENGR400_07525,3.545775233980526
STU_001,PHYS400_07588,2.8887647320408005
STU_001,MATH300_07593,2.6956465226209936
STU_001,STAT300_07597,3.0551369032705296
STU_001,ECON300_07612,2.6551364677645704
STU_001,MATH100_07669,2.6173292108159165
STU_001,CS200_07684,2.9709857838481266
STU_001,STAT500_07685,1.4123049132410868
STU_001,ENGL200_07727,2.1521432977351287
STU_001,STAT400_07736,3.461031488838766
STU_001,PSYCH300_07744,3.0163881292931913
STU_001,BIO300_07774,4.427276048324222
STU_001,ENGR100_07801,2.9603116691237648
STU_001,CS100_07823,3.860283744844169
STU_001,CS100_07845,3.182915192153882
STU_001,CHEM200_07862,2.403093235929103
STU_001,BIO200_07930,3.1561444014671585
STU_001,PSYCH200_07943,2.564775149128948
STU_001,ENGL400_07955,3.627166287526636
STU_001,PHYS300_07975,3.259084394940057
STU_001,ECON400_08001,2.236183502198399
STU_001,CS500_08008,1.8418703846819253
STU_001,ENGL300_08105,3.3760880491161545
STU_001,PHYS500_08114,3.120579235192115
STU_001,ENGR400_08131,2.754028712111573
STU_001,CHEM300_08132,3.153139566658576
STU_001,CHEM500_08161,3.3140596130372315
STU_001,ENGL200_08226,3.842911970861613
STU_001,BIO300_08264,2.002144862953666
STU_001,PSYCH300_08301,3.6577748575171793
STU_001,PSYCH200_08302,2.6711137186300618
STU_001,ENGR400_08314,3.2026393146824397
STU_001,CS300_08322,3.1282251512672348
STU_001,MATH200_08330,4.398736368456471
STU_001,BIO300_08333,3.688533533580083
STU_001,CS500_08394,3.2514537522764635
STU_001,CHEM200_08449,2.695811252554978
STU_001,MATH100_08492,3.1170714698529505
STU_001,ENGL300_08508,3.2980679812531895
STU_001,MATH300_08552,3.659731829562464
STU_001,PSYCH300_08566,2.735119922022399
STU_001,CHEM300_08588,4.202458214760146
STU_001,MATH400_08591,2.684773441079138
STU_001,PSYCH200_08599,2.5650663196889627
STU_001,MATH200_08623,3.257555820240803
STU_001,PHYS100_08634,2.9897796596376986
STU_001,CS200_08685,3.237744819059187
STU_001,STAT300_08696,3.619265347914049
STU_001,STAT100_08701,3.3303819455626886
STU_001,PSYCH400_08726,1.9296119801531484
STU_001,BIO300_08770,2.7876223343701283
STU_001,STAT400_08779,2.3560209112768233
STU_001,ECON500_08795,2.640532066965294
STU_001,BIO400_08850,2.5399810271423626
STU_001,BIO100_08857,2.621528215251264
STU_001,CHEM500_08862,2.9594241917339086
STU_001,BIO200_08888,3.8395114618927235
STU_001,BIO300_08961,3.5257360630928196
STU_001,CS200_08967,2.629543285851256
STU_001,STAT100_09007,1.997594635776057
STU_001,BIO400_09021,2.731352337514522
STU_001,BIO200_09034,3.6770664880294692
STU_001,PHYS100_09039,3.8911037640368162
STU_001,STAT300_09050,3.0522104814041557
STU_001,BIO300_09053,3.319561508528063
STU_001,CHEM500_09113,3.3684914190028663
STU_001,PSYCH200_09131,2.6104114722738174
STU_001,MATH300_09167,2.8216879552932888
STU_001,ECON100_09185,3.0258757884090817
STU_001,MATH300_09246,3.9061703428973296
STU_001,STAT500_09265,3.585656417556137
STU_001,CHEM500_09267,3.5383269486194506
STU_001,STAT300_09272,2.2216529845378563
STU_001,ECON300_09303,3.0665325945371467
STU_001,ENGL400_09353,3.7312384433366494
STU_001,ECON300_09384,2.2171086972920055
STU_001,CHEM200_09386,3.086390448501751
STU_001,PHYS500_09404,3.0268220196367848
STU_001,BIO500_09424,3.0130280896753208
STU_001,PHYS400_09444,3.6047731592256453
STU_001,STAT200_09451,3.3761809788993564
STU_001,MATH300_09452,3.179166292004227
STU_001,MATH400_09480,3.5184041901613696
STU_001,MATH100_09496,3.434806453635254
STU_001,MATH100_09505,2.7284748098166927
STU_001,PHYS200_09522,2.31666343849832
STU_001,PHYS300_09524,2.221635212314695
STU_001,PHYS200_09537,2.4878934844250433
STU_001,MATH500_09551,3.922665075613145
STU_001,ENGR100_09558,2.8253932997395452
STU_001,BIO500_09563,3.624396004690915
STU_001,CHEM100_09580,3.2207555332268543
STU_001,ECON300_09608,3.8416843847484143
STU_001,ENGR100_09659,2.9277731626653605
STU_001,ECON300_09689,4.457710766747432
STU_001,STAT200_09692,3.1981605761992604
STU_001,PHYS200_09695,3.447446840675978
STU_001,ENGR400_09702,3.513867640989364
STU_001,STAT400_09709,2.7438914615150747
STU_001,STAT300_09728,1.9762781776186809
STU_001,PHYS500_09743,3.223717946191421
STU_001,CS200_09767,1.9552180850064327
STU_001,BIO200_09792,1.972526503450121
STU_001,CHEM400_09794,2.284094789230786
STU_001,CHEM300_09797,3.032642499980254
STU_001,PSYCH200_09862,2.940635466585591
STU_001,BIO400_09863,3.5678106888830223
STU_001,BIO400_09922,2.7353992186689977
STU_001,BIO100_09932,1.684404570818037
STU_001,STAT200_09944,2.0148318684789635
STU_001,MATH500_09997,3.6742121073212304
STU_002,ECON400_00000,2.621530938393596
STU_002,STAT400_00010,3.1408279450412318
STU_002,BIO500_00028,3.0273567785093944
STU_002,CS300_00060,3.6172865753525665
STU_002,CHEM100_00104,2.74957628912691
STU_002,STAT400_00115,2.539484898106815
STU_002,ECON300_00132,2.983608666745392
STU_002,MATH300_00161,3.1157156984540286
STU_002,CS400_00189,1.9725973403116244
STU_002,ECON500_00202,2.6156644701471112
STU_002,ENGR500_00228,3.4104326012865855
STU_002,ENGL300_00236,2.9303513109837502
STU_002,ENGR500_00327,2.765313023573161
STU_002,CS200_00331,2.9254074739387215
STU_002,PSYCH200_00350,2.513081238747951
STU_002,BIO100_00354,2.534624338238646
STU_002,ENGL200_00369,1.919331721394417
STU_002,CHEM100_00384,3.674788841721651
STU_002,ECON300_00400,1.6729454347182897
STU_002,PHYS200_00422,2.8181888458290425
STU_002,MATH300_00478,2.762895187732479
STU_002,ENGL300_00489,3.4347269123189066
STU_002,ECON100_00492,3.81023032296247
STU_002,CS200_00496,3.821220782616068
STU_002,CHEM300_00497,2.9230667555575547
STU_002,ENGL100_00506,3.0597269743721007
STU_002,STAT300_00524,3.37044664181751
STU_002,PSYCH300_00562,2.380012359909701
STU_002,CS100_00610,3.4971056903697035
STU_002,STAT100_00613,2.680770548336682
STU_002,STAT300_00625,3.088601641968342
STU_002,PHYS400_00639,3.8194323354211352
STU_002,ECON500_00652,2.2633744913077436
STU_002,STAT300_00674,3.3206688920251506
STU_002,MATH100_00688,3.1355817127079737
STU_002,PSYCH500_00723,2.6529839245380087
STU_002,PSYCH100_00755,3.7600201421257062
STU_002,BIO300_00760,2.8181494503376765
STU_002,BIO300_00775,2.375603924459351
STU_002,MATH300_00840,2.607978946912656
STU_002,ECON400_00853,3.9985429363625293
STU_002,ENGR200_00859,3.5440129758565466
STU_002,STAT100_00871,2.2981679561332164
STU_002,PHYS300_00888,2.2446826611100597
STU_002,ECON500_00898,3.321400150255795
STU_002,CHEM500_00905,2.9587701123260652
STU_002,CHEM200_00925,3.7287316124246526
STU_002,BIO500_00934,2.123249729798023
STU_002,CHEM200_00951,2.236619239603634
STU_002,ECON400_00953,2.5760429718871625
STU_002,BIO100_01046,3.3061324340113405
STU_002,ENGR300_01059,4.285341890106499
STU_002,STAT200_01085,2.109114788524665
STU_002,CHEM200_01094,3.326087095763844
STU_002,STAT300_01120,2.4804153994978475
STU_002,PHYS400_01177,3.163652458215221
STU_002,MATH400_01195,2.7171709937557833
STU_002,CS200_01197,2.8732740028918067
STU_002,PSYCH300_01202,3.563389551103346
STU_002,PSYCH400_01214,1.9642079640826813
STU_002,ENGL100_01217,2.9661194667215627
STU_002,PSYCH100_01237,2.2187389637288337
STU_002,ENGR400_01264,3.1776329164719463
STU_002,ENGL500_01276,2.9586210764442455
STU_002,ENGR500_01310,3.733090833070398
STU_002,ENGR100_01332,3.7051841970441393
STU_002,ECON400_01348,3.219628553079588
STU_002,PSYCH400_01357,2.5491416340321873
STU_002,PSYCH400_01359,1.9022852290604455
STU_002,PSYCH300_01372,3.9182022066973814
STU_002,MATH200_01388,3.0353349421040865
STU_002,PHYS100_01438,2.4054041510015365
STU_002,PSYCH500_01484,3.6637726149073084
STU_002,BIO200_01506,2.159182467019666
STU_002,PHYS100_01507,3.1037105420701123
STU_002,PHYS300_01511,1.8231352960677563
STU_002,PSYCH400_01533,3.1004783645922127
STU_002,PHYS100_01563,2.917148354001043
STU_002,MATH300_01589,3.1751441842367143
STU_002,CS300_01599,3.4828867484096424
STU_002,ENGR100_01623,2.4328858050675164
STU_002,CS200_01690,1.610773038945243
STU_002,ENGR200_01691,3.019460932243232
STU_002,PSYCH100_01692,2.8015270570522426
STU_002,BIO100_01726,1.8297734791292188
STU_002,CS200_01745,3.170866852458213
STU_002,MATH300_01754,3.293249097410065
STU_002,PHYS300_01768,2.957397867235975
STU_002,ENGL200_01784,3.8816954070185377
STU_002,PSYCH200_01787,2.6020666524401492
STU_002,CHEM200_01816,3.089784162069058
STU_002,ENGR400_01825,3.183149870257854
STU_002,CS100_01840,2.2975854871225065
STU_002,BIO100_01842,2.4125306836742366
STU_002,ECON400_01852,2.9584596089655006
STU_002,BIO200_01855,2.705899232470023
STU_002,CS500_01868,2.2466555564693325
STU_002,STAT100_01881,3.246110198766781
STU_002,MATH500_01915,2.5791201936736554
STU_002,PHYS300_01937,3.665212433393106
STU_002,BIO200_01965,3.0630827439216137
STU_002,BIO300_02050,3.0554320559785833
STU_002,CHEM200_02095,3.0653853940221056
STU_002,ENGL100_02142,3.2796872560071657
STU_002,ENGR100_02192,3.4575810125030433
STU_002,PHYS400_02211,3.056054603600475
STU_002,ENGL200_02218,2.8242090841749774
STU_002,CS500_02248,2.9860433476535118
STU_002,ENGL400_02267,2.710540436827362
STU_002,PHYS100_02268,3.8176606754486473
STU_002,CHEM500_02288,3.4395395435685936
STU_002,CHEM400_02294,3.6274297559161246
STU_002,PHYS200_02375,3.183441903573144
STU_002,PHYS400_02414,2.891063505982877
STU_002,PSYCH200_02419,3.2543764315841397
STU_002,CHEM100_02452,2.710840456976211
STU_002,ECON400_02470,3.253584498344644
STU_002,ENGL200_02556,2.2203270833142055
STU_002,ENGR300_02611,2.8520557328153444
STU_002,BIO200_02675,2.0887119394383147
STU_002,CS100_02677,3.4350652449345866
STU_002,MATH500_02739,3.1356731108979305
STU_002,ECON400_02743,3.62261630125794
STU_002,ENGL400_02860,3.7297461708648303
STU_002,ENGL500_02866,2.7697887800305256
STU_002,ENGL500_02882,1.3591209547679426
STU_002,BIO100_02895,3.7862443426341352
STU_002,STAT100_02929,3.1577729779369426
STU_002,ENGL300_02941,4.16928553131992
STU_002,PSYCH100_02951,2.7947920002670594
STU_002,MATH400_02954,2.0565417192689934
STU_002,MATH500_02988,3.2996963597638445
STU_002,ECON400_02996,1.5818978098905059
STU_002,CHEM100_03006,3.6623577398073373
STU_002,PHYS200_03013,3.354132018523426
STU_002,PHYS200_03052,2.6446419091002036
STU_002,BIO300_03068,2.2258648554789167
STU_002,BIO400_03072,2.6072146596973065
STU_002,CS500_03134,2.7499745669844917
STU_002,ECON400_03136,3.268850927917246
STU_002,PHYS200_03172,2.464806720092608
STU_002,BIO200_03184,2.2439975594807424
STU_002,ENGL300_03185,2.0462166192204814
STU_002,MATH300_03209,2.645681349408609
STU_002,PSYCH400_03242,3.025282162545497
STU_002,PSYCH100_03245,2.9449881379373237
STU_002,PSYCH500_03280,3.249559023162335
STU_002,BIO300_03290,4.175161146351162
STU_002,MATH400_03308,3.3002854563050845
STU_002,STAT100_03328,2.362831737198694
STU_002,ENGL400_03355,2.2183007450035084
STU_002,BIO200_03358,2.756907253364325
STU_002,STAT400_03391,2.536344565625141
STU_002,STAT200_03436,2.518822578216542
STU_002,BIO100_03438,3.10501991328017
STU_002,MATH500_03449,3.6034053328502287
STU_002,ENGL300_03490,2.4248476025415946
STU_002,CHEM100_03493,2.8208274088520042
STU_002,PSYCH300_03510,3.1808674982721037
STU_002,ENGL400_03554,2.9563235647269828
STU_002,STAT200_03573,2.7813059722583118
STU_002,PSYCH500_03580,4.141814337386915
STU_002,ENGL400_03593,3.5620705737557126
STU_002,ECON100_03635,3.649449308971694
STU_002,CHEM400_03636,2.9318626175238545
STU_002,CS100_03681,2.5804378030201685
STU_002,PSYCH400_03685,2.933055726665299
STU_002,ENGR300_03727,2.974162564904099
STU_002,CHEM200_03801,2.5575321364785353
STU_002,BIO300_03804,3.2352270587408007
STU_002,PHYS300_03836,2.9942807748777303
STU_002,ECON200_03901,3.313332233344937
STU_002,BIO400_03902,3.335662237926262
STU_002,ENGR500_03913,3.2244226355799337
STU_002,STAT200_03914,3.720942980974793
STU_002,PHYS500_03915,3.737328856172985
STU_002,ENGR400_03954,3.2342204400112973
STU_002,ENGR200_03980,2.4513280086675433
STU_002,PSYCH400_04019,2.637443274605997
STU_002,PHYS200_04032,2.3226813632515593
STU_002,PHYS300_04056,3.4387023830464756
STU_002,ENGR300_04064,2.54651120525572
STU_002,BIO100_04073,3.982704204067752
STU_002,BIO300_04097,2.8715471292443655
STU_002,PHYS200_04124,3.643289572427994
STU_002,CHEM100_04177,2.457735793994426
STU_002,ENGL300_04192,2.54970229884913
STU_002,CHEM500_04217,2.6533350714151145
STU_002,ENGL100_04239,2.7631462695198086
STU_002,CS300_04241,3.2078169720383287
STU_002,STAT100_04243,2.0542119537178163
STU_002,ENGR100_04264,3.613737014640586
STU_002,PSYCH100_04268,2.860465758426633
STU_002,CHEM100_04277,2.7589861051482116
STU_002,PHYS200_04285,2.9163465895273673
STU_002,ENGR200_04305,3.821752368069325
STU_002,CHEM400_04312,3.101736109416097
STU_002,ENGL200_04326,3.5564178519932765
STU_002,ENGR200_04335,2.2962563577612203
STU_002,CHEM400_04354,3.333401851960102
STU_002,ENGL100_04366,2.9203185638885407
STU_002,ENGR100_04386,2.7480828102291563
STU_002,ENGR100_04423,2.615202403174446
STU_002,ENGR100_04483,2.46308093903844
STU_002,BIO200_04496,2.9608715043548663
STU_002,ENGR400_04515,4.044608096529077
STU_002,PSYCH400_04518,3.4117027412878453
STU_002,CS200_04526,2.997946048857405
STU_002,BIO500_04578,3.434750447884343
STU_002,PSYCH400_04592,3.468316076998618
STU_002,PHYS200_04593,3.05953216136648
STU_002,ENGL100_04598,3.142414522242753
STU_002,ENGR400_04624,2.8984187344443817
STU_002,CS200_04655,2.25839107171364
STU_002,PSYCH300_04665,2.917754930614038
STU_002,CHEM300_04680,3.2049688346308476
STU_002,STAT100_04703,3.4752768941484917
STU_002,BIO300_04705,3.9120275889144773
STU_002,MATH400_04707,2.7631219021786415
STU_002,MATH100_04728,2.721778613166333
STU_002,ECON500_04729,3.020380052586748
STU_002,MATH200_04752,2.646345492295686
STU_002,ENGR200_04755,2.4030260550408666
STU_002,BIO400_04787,3.8258049432828622
STU_002,CHEM500_04813,3.052763068288596
STU_002,STAT100_04841,2.132327572380653
STU_002,MATH100_04842,2.699607768582448
STU_002,CHEM300_04843,3.041030463321743
STU_002,ENGL200_04847,2.781012261892576
STU_002,PSYCH500_04850,3.1597366417473993
STU_002,MATH200_04870,3.448150319501427
STU_002,ENGR400_04876,3.209537162785963
STU_002,ECON200_04897,3.310282848404343
STU_002,CS200_04905,2.8270020599970653
STU_002,ECON500_04980,2.546868775528125
STU_002,PSYCH200_04982,1.974357069325852
STU_002,MATH300_04989,2.834139586553495
STU_002,ENGL200_04996,2.6351867319936892
STU_002,ENGR300_05051,2.5028741104896772
STU_002,STAT100_05062,2.3582219258129067
STU_002,CHEM100_05076,3.327418311360382
STU_002,PHYS100_05119,2.7651393910574473
STU_002,PHYS500_05123,3.5464915527574656
STU_002,MATH300_05125,3.003775931760796
STU_002,PSYCH200_05150,2.764723575350139
STU_002,ENGR100_05171,2.6714560371030474
STU_002,ENGL400_05175,3.1509215101394172
STU_002,ENGR300_05181,3.161606741893563
STU_002,ENGL500_05243,3.357647365385024
STU_002,ECON100_05256,2.3915516332064977
STU_002,BIO100_05261,2.7157147126717085
STU_002,CHEM200_05272,1.9708540947265485
STU_002,CS200_05278,2.631097212799297
STU_002,CS200_05290,2.692166749993847
STU_002,PHYS100_05324,3.0130487794889937
STU_002,MATH300_05330,2.886362923881796
STU_002,ENGL300_05336,3.443967636710087
STU_002,ENGL300_05343,3.1447794763803296
STU_002,ENGR100_05361,3.559140339859836
STU_002,PSYCH300_05403,2.847963048641059
STU_002,BIO400_05404,3.4455300671915685
STU_002,CHEM100_05415,3.0797192936776416
STU_002,BIO200_05419,2.6218857666256015
STU_002,PHYS400_05441,2.412392898932739
STU_002,PSYCH100_05443,3.37009623605633
STU_002,PSYCH300_05449,4.116414844374624
STU_002,CS300_05465,2.7764262490953224
STU_002,PHYS100_05495,3.486611154910651
STU_002,MATH100_05518,3.289980482811048
STU_002,MATH300_05548,2.6528361279294974
STU_002,PSYCH400_05551,2.366098934050799
STU_002,CHEM500_05570,3.4957667786223543
STU_002,ECON200_05575,2.711406222783022
STU_002,CHEM500_05613,3.218594733077243
STU_002,MATH200_05677,2.128813637225711
STU_002,BIO500_05688,2.4955281079427407
STU_002,ECON500_05704,2.967425292574456
STU_002,MATH300_05707,3.3146206775240845
STU_002,PSYCH100_05720,2.100398652242352
STU_002,CHEM500_05725,3.7380605257300155
STU_002,ENGL200_05740,2.7647428835451016
STU_002,ECON100_05764,2.921698860229588
STU_002,PSYCH400_05779,2.617980625651895
STU_002,PHYS500_05796,3.4861827429167533
STU_002,ENGL500_05829,2.9637757852572033
STU_002,PSYCH500_05837,2.786607177542993
STU_002,ENGR300_05902,3.124474769185551
STU_002,MATH400_05910,4.452586299035501
STU_002,STAT300_05917,3.4585242292377365
STU_002,ENGR400_05956,3.1416148558627532
STU_002,PHYS200_05965,2.539734255598025
STU_002,ECON200_05974,2.7820654261355724
STU_002,ENGL200_05981,3.551022318970045
STU_002,STAT200_06002,2.2360032348993983
STU_002,ENGR100_06023,3.949884676708969
STU_002,CHEM100_06033,3.560390666736322
STU_002,ENGR400_06040,2.224324633420661
STU_002,ENGL500_06076,3.2752189921861534
STU_002,ECON200_06088,2.7759328807247057
STU_002,CS200_06093,3.0458429917062593
STU_002,CS300_06135,3.7991136606553266
STU_002,ENGL500_06208,3.1120087442975697
STU_002,MATH400_06316,2.914529703323785
STU_002,MATH200_06335,4.133747656741058
STU_002,STAT100_06341,2.420229518849152
STU_002,PSYCH400_06352,3.326034467502803
STU_002,MATH500_06363,2.4623747637417117
STU_002,CS200_06370,2.201169537850959
STU_002,ENGR400_06389,3.5596186241228813
STU_002,ENGL500_06401,2.811599471626553
STU_002,PSYCH300_06410,2.6479362505629367
STU_002,CS300_06427,3.0323503960732356
STU_002,CHEM500_06483,2.3201843898210344
STU_002,BIO500_06505,2.0034291154220907
STU_002,CHEM100_06523,2.1602244984855044
STU_002,STAT100_06543,3.5901036315063437
STU_002,MATH400_06559,3.0234223759889614
STU_002,PSYCH100_06608,3.5083869433397945
STU_002,MATH200_06643,2.2844303690546854
STU_002,PHYS100_06646,2.644917422195147
STU_002,MATH100_06647,2.393930035550503
STU_002,PHYS200_06704,3.283910414117323
STU_002,PSYCH200_06710,2.9492456441361736
STU_002,ENGR500_06721,3.0999124776704967
STU_002,ECON100_06726,2.015378136183991
STU_002,PHYS400_06753,2.827461994261841
STU_002,PSYCH200_06757,2.8917022729578585
STU_002,PSYCH400_06760,2.9057636541741485
STU_002,BIO400_06765,3.3522206344482894
STU_002,STAT500_06774,3.0176840030856233
STU_002,ECON500_06776,3.312369362642716
STU_002,STAT400_06784,2.8725558624472116
STU_002,PHYS400_06828,2.7494106204340993
STU_002,ECON300_06951,2.6656936417971386
STU_002,ECON300_06961,2.498214004746443
STU_002,CS200_07020,3.203557108456871
STU_002,ENGR300_07022,2.4296774987081653
STU_002,CS300_07031,3.027475256394702
STU_002,ECON400_07043,3.1530989789805783
STU_002,ECON300_07046,2.147014833254544
STU_002,MATH300_07080,3.679641311207088
STU_002,CHEM100_07101,2.1356897676532216
STU_002,ECON100_07123,3.272367016454671
STU_002,BIO500_07139,3.6924942108951035
STU_002,CS200_07152,2.750391622739851
STU_002,CHEM200_07176,3.623531452431907
STU_002,STAT300_07206,3.56593066514427
STU_002,STAT300_07208,2.6668183070158515
STU_002,BIO300_07226,2.6369956616819685
STU_002,PHYS100_07266,2.827914017922904
STU_002,CS100_07268,3.0685696491480376
STU_002,PHYS500_07286,2.265560156376302
STU_002,CHEM300_07297,2.3640586609361005
STU_002,ENGL500_07317,2.8252646194594617
STU_002,CS100_07331,3.003233826164999
STU_002,CHEM200_07341,2.2657954300781453
STU_002,CHEM400_07350,3.2536437116694157
STU_002,PHYS500_07373,3.313613562167596
STU_002,MATH500_07385,2.8780762485597786
STU_002,PSYCH400_07400,2.8122874883806706
STU_002,CHEM100_07442,2.198786919915326
STU_002,ENGR200_07455,3.273166779957165
STU_002,PSYCH400_07460,2.5738465903375656
STU_002,STAT500_07505,3.4660125235733488
STU_002,PHYS100_07511,2.3550116435059003
STU_002,ECON300_07524,3.5532252357446414
STU_002,ECON300_07585,3.1660281648052293
STU_002,PHYS500_07599,3.1451344273907353
STU_002,BIO300_07613,2.432298423822328
STU_002,ECON400_07626,3.6681067099054383
STU_002,BIO300_07635,3.287061167020277
STU_002,ENGL200_07699,3.7654231089449866
STU_002,MATH400_07728,2.9459141549842447
STU_002,ENGL200_07790,3.8700163838118122
STU_002,BIO200_07831,2.4307120442373504
STU_002,ENGL300_07842,2.296000292131242
STU_002,CS100_07845,3.073746421472514
STU_002,PHYS300_07879,3.014513513878309
STU_002,ENGR200_07889,2.748112695643665
STU_002,ENGR200_07926,1.9876949669112134
STU_002,STAT100_07941,3.355032568232932
STU_002,PSYCH300_07951,3.9821357957492376
STU_002,CHEM100_07958,2.7808853657287553
STU_002,PHYS300_07975,3.0495591446802806
STU_002,ECON300_07991,3.0931107356059284
STU_002,ECON400_08001,3.5501015005626764
STU_002,CS300_08006,4.09102029718383
STU_002,CHEM500_08046,3.2930078614690554
STU_002,MATH200_08095,3.701742235054551
STU_002,PSYCH100_08112,2.588869180117014
STU_002,BIO100_08136,3.8020315158582236
STU_002,ENGR200_08144,2.344892766725948
STU_002,ENGR500_08171,3.5830564233266182
STU_002,STAT200_08178,3.9608425949458437
STU_002,CHEM100_08179,2.445156940664241
STU_002,STAT200_08222,3.391477133699431
STU_002,CHEM400_08257,2.1025925769078273
STU_002,PSYCH300_08293,2.6471295537472264
STU_002,CS200_08298,2.359208745747307
STU_002,STAT200_08324,2.968878097420553
STU_002,BIO300_08337,2.974355661401268
STU_002,PHYS200_08347,3.084309881305486
STU_002,STAT100_08361,3.1707931218155916
STU_002,BIO100_08363,2.7671712858536766
STU_002,MATH200_08371,3.391471764300737
STU_002,STAT100_08427,2.481172748960915
STU_002,ECON100_08433,2.933246736547589
STU_002,STAT400_08456,2.811034274825335
STU_002,CHEM500_08472,3.7979701981929623
STU_002,STAT400_08479,2.365468181204041
STU_002,BIO300_08480,2.902494402379145
STU_002,PSYCH400_08493,3.006975939103496
STU_002,PSYCH200_08512,3.4581155209283763
STU_002,BIO200_08550,3.028161586552015
STU_002,PSYCH200_08567,3.322727778892367
STU_002,STAT400_08636,3.2123420339138
STU_002,CHEM400_08638,2.6828313121659044
STU_002,PHYS500_08721,3.5043985944190927
STU_002,CS100_08819,3.338205547623835
STU_002,CHEM500_08844,2.8864178698726266
STU_002,CS100_08849,3.063515477761046
STU_002,BIO100_08857,2.97518145370728
STU_002,CHEM100_08859,2.6146818543037345
STU_002,ENGR200_08864,3.018810078621671
STU_002,ENGR200_08874,3.2015775244834317
STU_002,PHYS400_08881,2.039227981500465
STU_002,PHYS200_08904,3.4139349663201997
STU_002,PHYS100_08930,3.1928780549062123
STU_002,ENGL100_08935,2.7447513531923966
STU_002,PSYCH200_08936,3.277927395993807
STU_002,PHYS300_08945,2.6498672904108025
STU_002,CS500_08973,4.384428005699745
STU_002,ENGL200_08986,2.2650473876739903
STU_002,PHYS500_08991,2.6635830481510254
STU_002,BIO300_08999,2.748539394669418
STU_002,PHYS400_09030,2.461631142546558
STU_002,ECON500_09040,3.1387298854244263
STU_002,PSYCH200_09056,2.5221447187311985
STU_002,ENGL400_09100,2.198805587949428
STU_002,CHEM500_09150,3.337912468366248
STU_002,MATH400_09170,2.3952704225686428
STU_002,STAT300_09188,2.751713846538939
STU_002,ENGR300_09194,2.4527010475629876
STU_002,BIO100_09228,2.789535002408194
STU_002,ENGL100_09260,2.1817463606195684
STU_002,CS500_09276,3.1378591617993505
STU_002,MATH500_09280,3.491031673235262
STU_002,ENGR100_09296,2.4623729327226522
STU_002,STAT100_09316,3.5235418179738596
STU_002,BIO500_09321,3.6630232963736193
STU_002,STAT200_09327,4.19308542458692
STU_002,PHYS200_09333,2.0123159762837455
STU_002,ECON200_09360,3.617669813591623
STU_002,BIO200_09372,2.6846849849451027
STU_002,STAT100_09373,2.944785278286833
STU_002,ECON200_09403,2.923073346611594
STU_002,CHEM200_09415,3.0558085540992566
STU_002,ECON200_09425,3.059585389056931
STU_002,ENGR300_09434,3.2042788828274498
STU_002,PHYS100_09469,3.320709877058168
STU_002,BIO500_09470,2.990389242853147
STU_002,ENGR100_09514,3.3296873787408603
STU_002,ECON200_09517,3.511871078457089
STU_002,PHYS200_09522,3.347911188416351
STU_002,CS300_09525,2.492847153872579
STU_002,ENGR200_09544,2.6005115417638507
STU_002,CHEM500_09566,2.6240442903898398
STU_002,STAT200_09586,2.8660142782343656
STU_002,MATH100_09636,2.889657320686428
STU_002,ENGL200_09693,2.8813868710948505
STU_002,MATH500_09696,2.9426641813956547
STU_002,CS200_09697,2.3875793923364093
STU_002,MATH500_09719,2.97500242135467
STU_002,ENGR400_09722,3.5471430815105967
STU_002,PHYS100_09725,2.794368811343403
STU_002,ENGR500_09731,3.199286856842541
STU_002,BIO500_09745,3.5014336097265053
STU_002,PHYS200_09771,2.9155970543334697
STU_002,ENGR100_09839,2.7197399935649287
STU_002,PHYS300_09911,2.427639615645224
STU_002,STAT500_09935,2.029220320452028
STU_002,STAT400_09940,3.1454407069781487
STU_002,CHEM300_09957,3.3871419113030408
STU_002,MATH300_09971,2.9042755029956036
STU_002,STAT300_09980,2.7151408455290746
STU_002,STAT500_09992,3.35621694379744
STU_003,PHYS100_00016,3.527433590276285
STU_003,PSYCH100_00044,4.391302471524628
STU_003,CHEM400_00046,3.246930757053903
STU_003,BIO100_00070,3.0714435885021425
STU_003,ENGL400_00084,2.9275723046576254
STU_003,BIO200_00109,3.359247286043769
STU_003,BIO300_00111,2.5087589416839573
STU_003,STAT400_00115,3.6738217354454723
STU_003,STAT500_00125,2.438941787156066
STU_003,BIO500_00135,3.552638294485655
STU_003,CS300_00143,4.447861760623141
STU_003,CS300_00157,2.3693639909165913
STU_003,PHYS200_00159,2.790082971226361
STU_003,PHYS300_00173,2.5340490106835394
STU_003,ENGL500_00177,2.2698571934952803
STU_003,ENGL300_00204,3.722285220291757
STU_003,PSYCH200_00213,3.033649417295048
STU_003,ENGL100_00255,2.3429345597550455
STU_003,ECON300_00258,3.661969535973133
STU_003,CHEM100_00259,4.399496711300234
STU_003,BIO300_00288,3.890486922579314
STU_003,PSYCH200_00290,3.981695575106855
STU_003,PSYCH400_00357,2.963725972240673
STU_003,CS500_00387,2.682360402328558
STU_003,ECON100_00443,3.440131580806478
STU_003,MATH500_00445,2.9931772110541885
STU_003,CS300_00468,4.14796014291029
STU_003,CHEM100_00474,3.5077288195338423
STU_003,CS500_00479,3.41979209179403
STU_003,ENGL300_00489,2.7545089705276635
STU_003,STAT100_00508,2.9533105998289435
STU_003,BIO400_00509,3.5883188535832513
STU_003,STAT400_00550,2.0704496787799753
STU_003,ENGR100_00555,2.4164317475386823
STU_003,ENGL100_00567,3.22556608842781
STU_003,MATH300_00579,2.699704344570362
STU_003,BIO300_00594,2.804870284090065
STU_003,STAT400_00612,1.840554375675595
STU_003,ENGL100_00644,2.1046224945369434
STU_003,ENGR300_00695,3.0184442319121016
STU_003,ECON500_00711,3.036243301614367
STU_003,ECON300_00721,2.6024486860106055
STU_003,MATH200_00734,2.7233277507867175
STU_003,ENGL300_00736,2.6179890485596706
STU_003,PHYS500_00738,2.766128978582515
STU_003,ENGR400_00793,2.2061419589008975
STU_003,STAT300_00797,2.922057215751072
STU_003,STAT100_00811,2.9868207444208013
STU_003,PSYCH100_00819,2.5055062982134944
STU_003,CHEM500_00825,3.7674011406195604
STU_003,PSYCH300_00827,3.015103160554968
STU_003,CHEM400_00841,3.259528009811762
STU_003,STAT200_00875,3.5345302875271107
STU_003,PHYS400_00876,2.6382181616306877
STU_003,CS300_00921,2.9313643870569996
STU_003,PSYCH300_00937,2.649542397944112
STU_003,PHYS100_00945,2.6528559320642993
STU_003,PSYCH200_00978,2.1987144968948042
STU_003,BIO200_00991,3.2347016307602328
STU_003,ENGR200_00997,2.505016299945906
STU_003,BIO500_01022,2.905238229959504
STU_003,PHYS100_01060,4.307216042420082
STU_003,ENGL100_01062,4.090825660847806
STU_003,BIO500_01083,3.1141084985500904
STU_003,CS200_01084,3.0242140063335237
STU_003,BIO400_01103,2.3378943167023687
STU_003,ECON200_01107,2.2853995300155985
STU_003,ENGR500_01155,2.3877069943495135
STU_003,CS100_01176,2.0111230948135557
STU_003,STAT100_01181,3.6392773388661803
STU_003,ENGR300_01235,3.1464786073225475
STU_003,CS500_01262,3.034866984504264
STU_003,ENGR500_01270,2.6992055502439047
STU_003,PSYCH100_01275,3.1969143770728845
STU_003,ENGR100_01278,4.072573789436554
STU_003,BIO200_01288,2.4794891162357073
STU_003,ENGL400_01323,2.569140244708315
STU_003,CHEM500_01331,2.449664421172115
STU_003,CS400_01338,2.8032730802722607
STU_003,MATH500_01340,2.2158688117773018
STU_003,PSYCH400_01359,2.5671180551150745
STU_003,BIO300_01364,2.5466249623821633
STU_003,PHYS400_01389,3.103950023315593
STU_003,CHEM400_01418,2.8525821406197402
STU_003,STAT300_01433,3.1599419098858994
STU_003,ENGL100_01450,3.3317039626201264
STU_003,MATH100_01464,2.58751446296679
STU_003,BIO100_01482,3.809160809385117
STU_003,BIO100_01499,3.0663247808291296
STU_003,STAT500_01518,3.88912844322063
STU_003,STAT300_01528,2.7555160637933276
STU_003,PSYCH400_01533,3.0759286362064864
STU_003,STAT300_01545,3.358028088968654
STU_003,ENGL200_01550,2.4770121223845303
STU_003,ENGL300_01556,3.419711707749511
STU_003,ENGL200_01608,3.3235964228269355
STU_003,ENGR100_01623,3.3316414805851258
STU_003,MATH500_01626,3.2881747810191166
STU_003,ECON100_01633,2.9022243075276504
STU_003,ENGL100_01642,4.322015011749872
STU_003,ECON100_01721,2.305998928825906
STU_003,CS500_01742,3.37526956569008
STU_003,ENGR200_01743,3.6059639153104954
STU_003,ECON300_01769,3.4211043938638332
STU_003,ENGL300_01811,2.019112765708649
STU_003,ENGR500_01827,2.063688600760256
STU_003,STAT200_01927,2.898375974317151
STU_003,CS400_01960,3.295852141750577
STU_003,CS200_01980,3.406429994325361
STU_003,ENGL200_02023,2.977620065082368
STU_003,PSYCH300_02029,3.5604063426991184
STU_003,BIO500_02067,2.7791266877150704
STU_003,PSYCH100_02088,2.80883288269114
STU_003,BIO400_02105,2.4308205619588783
STU_003,CHEM400_02106,2.983772408691556
STU_003,ENGR400_02132,2.695390366740785
STU_003,PHYS200_02144,3.235643228842015
STU_003,ENGL200_02184,4.100647134357802
STU_003,BIO400_02210,3.2485148680366804
STU_003,ENGL500_02232,3.154462764923907
STU_003,PHYS500_02237,3.201424515414762
STU_003,MATH200_02239,4.151695644276697
STU_003,ENGR300_02302,3.1387352877030725
STU_003,CS100_02311,3.194112379155118
STU_003,CHEM500_02326,4.067322039077254
STU_003,PHYS400_02330,2.745653183518259
STU_003,PHYS100_02334,2.385735543614947
STU_003,MATH300_02401,3.2859723452792973
STU_003,STAT200_02456,3.700762848285104
STU_003,PHYS300_02474,2.6722510715354257
STU_003,BIO400_02491,3.1251910227247564
STU_003,PHYS100_02500,3.01740034937435
STU_003,CS300_02514,1.4940032402643317
STU_003,PSYCH200_02529,3.191953387681209
STU_003,ENGR100_02535,3.567136896947515
STU_003,ENGR200_02538,2.531499690823232
STU_003,ENGL400_02590,3.9811934077824667
STU_003,CS300_02601,2.7176410375221174
STU_003,ENGR300_02605,3.594364651132655
STU_003,CHEM100_02616,2.9408168281249294
STU_003,ENGL200_02645,2.255141382901967
STU_003,MATH100_02662,2.5706150741041673
STU_003,CHEM300_02664,1.8190464206685018
STU_003,BIO500_02668,2.0488403257742336
STU_003,PSYCH300_02669,2.3304568858770436
STU_003,ENGR500_02676,3.6149702517169726
STU_003,ENGR200_02684,2.520681009353389
STU_003,ECON300_02687,3.6046699620488214
STU_003,CS200_02695,3.0271944156354675
STU_003,ENGL400_02710,3.390418746134166
STU_003,ECON100_02738,3.6325257394086075
STU_003,CHEM500_02757,3.0886549091891573
STU_003,ECON100_02796,2.2682583986955884
STU_003,MATH500_02803,3.4595658287207613
STU_003,ECON500_02808,3.1164755056217746
STU_003,BIO500_02819,3.789249241147519
STU_003,BIO300_02877,2.9733157688588108
STU_003,CHEM500_02888,2.301915446255029
STU_003,ENGL200_02919,2.0702307696663453
STU_003,ENGL400_02921,3.1272411862243636
STU_003,STAT200_03045,2.1910267728084674
STU_003,MATH300_03069,3.3091354789605245
STU_003,MATH100_03139,2.1062577936931484
STU_003,PHYS300_03143,3.2100233690479834
STU_003,ECON100_03157,2.9745682766358255
STU_003,CS200_03180,1.9084369388912392
STU_003,ENGR500_03240,2.7465125219033877
STU_003,BIO500_03251,3.572456804637118
STU_003,ENGR500_03288,2.2652875957944354
STU_003,CS200_03326,3.52915129078304
STU_003,CS100_03338,2.8904366403681485
STU_003,PHYS300_03364,2.104964313914896
STU_003,STAT100_03417,3.760288506551676
STU_003,ENGR400_03430,2.913153830045762
STU_003,ENGR400_03479,2.7651384607749985
STU_003,CS200_03485,2.616495320883797
STU_003,MATH100_03512,2.6681227617338084
STU_003,CS200_03534,2.99821579923632
STU_003,PSYCH400_03683,2.409092447931339
STU_003,CHEM300_03725,3.159024360934609
STU_003,ENGL100_03729,3.6166543081055353
STU_003,ENGL300_03751,2.4515105906005514
STU_003,MATH100_03752,3.0442822896018775
STU_003,ECON200_03764,2.7103420036362573
STU_003,ENGL200_03766,2.757091109510174
STU_003,STAT200_03773,2.97312179659258
STU_003,MATH200_03781,2.929659719591408
STU_003,PHYS200_03792,2.7729211054762386
STU_003,CHEM100_03802,2.8774664040015803
STU_003,PSYCH500_03805,2.5982347166462567
STU_003,STAT100_03809,1.9511165785317917
STU_003,STAT300_03880,3.2583164152799755
STU_003,STAT400_03887,3.1062642057036287
STU_003,PSYCH200_03899,2.2314206033977273
STU_003,BIO400_03902,2.7507345905617258
STU_003,BIO200_03923,5.0
STU_003,CHEM200_03934,3.2726474447718004
STU_003,PSYCH500_03956,3.235567557045364
STU_003,PHYS100_03966,2.5115611760584327
STU_003,BIO300_03967,3.8219975955965375
STU_003,ENGR300_03968,3.3023922649053183
STU_003,ENGR500_04000,3.7029141118322055
STU_003,BIO100_04003,2.8631848633287005
STU_003,BIO300_04029,2.88386499133319
STU_003,STAT400_04035,4.738905022913681
STU_003,PSYCH500_04047,2.0445327313001602
STU_003,CHEM400_04048,3.56009516305106
STU_003,PSYCH400_04052,2.727935235545721
STU_003,PHYS300_04056,2.3217766348358535
STU_003,ECON500_04069,3.2007428415568735
STU_003,BIO200_04093,3.0767181250744016
STU_003,MATH200_04101,1.7412590673619501
STU_003,CS400_04118,3.7036867184085507
STU_003,ENGR400_04169,3.119186194592901
STU_003,CHEM100_04177,3.2153477526437273
STU_003,CHEM300_04227,3.585613030081414
STU_003,PHYS500_04270,2.9389378820865506
STU_003,PSYCH200_04294,3.274945929840389
STU_003,STAT500_04308,3.3546897574373915
STU_003,PHYS300_04310,3.2211753541258643
STU_003,ENGL200_04326,3.074459122484572
STU_003,MATH200_04342,3.6235210643273623
STU_003,PSYCH100_04376,2.4289512947853096
STU_003,ENGL300_04379,2.705326333717633
STU_003,BIO500_04397,2.622425935021367
STU_003,PHYS500_04404,2.4570753749893672
STU_003,BIO100_04413,3.445077178618569
STU_003,ENGR100_04481,2.0820959891118167
STU_003,ENGL300_04488,2.27462667341519
STU_003,ENGR500_04491,2.15070645845404
STU_003,PSYCH400_04518,2.9728057212154497
STU_003,PSYCH300_04589,2.768317431687346
STU_003,ENGL200_04597,2.7772259396676944
STU_003,MATH100_04604,2.5243579209952394
STU_003,ENGL200_04616,2.5301178136944302
STU_003,ECON500_04670,2.4530924412485855
STU_003,CHEM100_04671,2.706014642150412
STU_003,STAT400_04688,3.128602715286047
STU_003,ENGL500_04694,3.8984635020946783
STU_003,MATH200_04702,2.8916351840958576
STU_003,CHEM400_04736,3.2791336202606653
STU_003,STAT500_04744,2.3586026156804722
STU_003,ENGR200_04755,3.2352192190730573
STU_003,PHYS200_04774,2.4588290074241934
STU_003,CHEM300_04828,2.567205252785903
STU_003,MATH300_04844,2.8217069003984445
STU_003,MATH500_04859,2.82529223266014
STU_003,PHYS400_04868,2.290967636618727
STU_003,ENGL300_04923,2.8949093973151814
STU_003,PHYS100_04937,3.4769809158113665
STU_003,BIO400_04951,2.6434741912140067
STU_003,ECON200_04985,3.261959575672641
STU_003,CS300_05008,2.1273893302899065
STU_003,PHYS500_05082,2.4956492338702474
STU_003,ENGL500_05088,3.231701470511176
STU_003,PHYS500_05096,3.75441520872004
STU_003,CS500_05132,3.8261342719582023
STU_003,PSYCH400_05146,2.9949697630382834
STU_003,STAT300_05200,1.7640948791962252
STU_003,ENGL400_05222,2.921124124044154
STU_003,ENGR200_05250,3.896822927174903
STU_003,PSYCH500_05251,3.9249564115686573
STU_003,ENGL500_05270,2.2941072129510043
STU_003,MATH200_05294,2.5493707025402372
STU_003,CS500_05297,3.8621520834639673
STU_003,ECON300_05312,2.215890416036429
STU_003,MATH300_05330,1.8073298904680148
STU_003,ENGL400_05347,2.4526121645895675
STU_003,STAT300_05376,3.1560180637776805
STU_003,STAT200_05379,3.00483372158334
STU_003,CS500_05413,2.189216622922193
STU_003,ENGL300_05434,2.536144738859336
STU_003,STAT500_05440,2.825987772164668
STU_003,BIO400_05463,3.1782305922829903
STU_003,PHYS400_05489,2.8181583993899593
STU_003,PSYCH100_05506,3.483279669592575
STU_003,PHYS200_05507,3.799481328264312
STU_003,ECON500_05521,2.6300938751143628
STU_003,CHEM300_05541,2.47544210678367
STU_003,CS100_05552,2.1951054837171395
STU_003,CHEM500_05562,3.715606769271126
STU_003,PSYCH200_05568,2.6538646175359886
STU_003,CHEM100_05586,3.7933255065316227
STU_003,PSYCH300_05610,3.854182122621125
STU_003,ECON300_05685,4.297213429670396
STU_003,ENGL200_05699,3.5784770854778625
STU_003,PHYS500_05730,2.7872948201558803
STU_003,CS200_05739,3.0000811350736036
STU_003,BIO500_05748,2.406965459805153
STU_003,BIO500_05756,1.8090273003598785
STU_003,ENGL100_05759,3.1556086656024247
STU_003,CS400_05773,2.6941638913330888
STU_003,BIO100_05819,2.960050356684737
STU_003,PSYCH100_05825,3.3069647358651704
STU_003,PSYCH300_05840,3.7219465446984947
STU_003,CHEM300_05900,2.9493270558144085
STU_003,CHEM400_05913,2.762781102639737
STU_003,PSYCH500_05949,2.772900086009117
STU_003,CHEM500_05968,2.828097926179149
STU_003,ECON200_05974,2.388448763308146
STU_003,CHEM500_05975,2.686029717050563
STU_003,ECON400_05984,2.512435185577097
STU_003,BIO100_06049,3.8398482035053023
STU_003,PSYCH100_06062,4.038589510241732
STU_003,MATH200_06064,3.1273721731143502
STU_003,ECON200_06094,2.678502525761423
STU_003,PSYCH200_06124,3.238849831220743
STU_003,PSYCH500_06131,3.0154383455563503
STU_003,MATH400_06137,1.554794878846001
STU_003,PSYCH100_06148,3.1826268814543512
STU_003,STAT500_06161,3.3659095760716116
STU_003,ENGL500_06245,2.084044600161485
STU_003,BIO400_06258,2.5991802032483795
STU_003,CS300_06267,1.0
STU_003,CS500_06279,2.729936570447957
STU_003,BIO200_06288,4.196869815790748
STU_003,BIO200_06295,3.0743399461504097
STU_003,CS500_06301,3.1041751367182147
STU_003,CS400_06315,2.998926932028593
STU_003,PHYS400_06345,3.132455842104119
STU_003,PSYCH100_06361,2.950895557831479
STU_003,CHEM100_06391,2.7358161267658794
STU_003,CHEM400_06403,2.550985539688829
STU_003,ENGR200_06425,3.5360428303642464
STU_003,ENGL200_06442,1.7233711072452904
STU_003,PHYS400_06458,3.110504916800102
STU_003,STAT500_06460,1.9738985503504838
STU_003,PHYS400_06468,3.5720323630224677
STU_003,ECON400_06533,4.03247475082771
STU_003,MATH500_06588,2.4577573988412813
STU_003,PHYS200_06630,3.989021254170829
STU_003,MATH100_06662,2.233254796221669
STU_003,STAT400_06666,2.6813044322497586
STU_003,BIO400_06670,3.4322116299364116
STU_003,BIO400_06678,2.2443885544926263
STU_003,MATH200_06702,3.2644879277138132
STU_003,CS200_06742,2.7736730066692536
STU_003,CHEM500_06788,2.9238220464070404
STU_003,MATH100_06789,3.118676400190705
STU_003,BIO400_06808,3.2003284645107097
STU_003,STAT500_06809,2.771993940875226
STU_003,PHYS200_06820,1.6824059653681773
STU_003,PHYS400_06825,3.8292287301731003
STU_003,CHEM300_06830,3.2958570164633225
STU_003,PHYS300_06838,2.331470468811522
STU_003,MATH500_06882,2.657198059484022
STU_003,ENGR300_06889,2.689223277093809
STU_003,ENGL200_06906,2.521577649513403
STU_003,PHYS100_06925,3.6774693907084073
STU_003,MATH200_06940,2.8190796577152697
STU_003,ENGR400_06960,3.1966961879196005
STU_003,ECON300_06984,2.6774160306669836
STU_003,CS200_06987,3.199728248517834
STU_003,CS100_07017,2.6162215538905027
STU_003,PHYS100_07018,2.976392944749859
STU_003,ENGR500_07034,2.9600173945447623
STU_003,BIO400_07054,3.3667811606967764
STU_003,CHEM200_07058,2.552508465537715
STU_003,ENGR500_07084,2.8191014841500235
STU_003,BIO500_07090,3.361534009029509
STU_003,ECON300_07091,2.8781701095996577
STU_003,ECON100_07123,2.352402695772511
STU_003,ECON300_07125,2.568882648559927
STU_003,PSYCH100_07135,2.3386678398034255
STU_003,CS300_07143,2.4471430066612356
STU_003,CHEM300_07157,3.290747976075453
STU_003,STAT100_07195,3.0194256451950783
STU_003,ENGL500_07196,3.43877414331095
STU_003,CHEM100_07213,2.913033200988521
STU_003,STAT200_07218,3.3901222336393166
STU_003,BIO300_07226,2.4983076148794368
STU_003,BIO100_07237,3.234464902557491
STU_003,STAT100_07241,2.6507088392918843
STU_003,ENGR200_07245,3.672268215855089
STU_003,CHEM200_07254,3.5106866631973603
STU_003,PSYCH400_07276,2.208716174128929
STU_003,MATH300_07281,2.2007519266943776
STU_003,STAT200_07292,2.499526999154241
STU_003,CHEM300_07298,3.9275136061749647
STU_003,MATH500_07345,2.7909562562057584
STU_003,BIO200_07348,2.9621424065031317
STU_003,MATH500_07356,2.6066332785988586
STU_003,ENGR300_07372,4.2860652822284475
STU_003,BIO400_07414,3.504161279816195
STU_003,PSYCH100_07418,3.059588011095513
STU_003,BIO300_07453,2.7713283151592116
STU_003,PSYCH100_07461,3.213300288880749
STU_003,MATH500_07467,4.255583059899511
STU_003,STAT200_07518,1.7346051017595037
STU_003,PSYCH400_07540,2.5765556137355117
STU_003,BIO100_07546,3.5957650545964523
STU_003,ENGL100_07582,3.473871736839637
STU_003,CHEM500_07606,3.1113322993435943
STU_003,ECON300_07612,2.4726300793027325
STU_003,BIO200_07622,3.420017412918084
STU_003,ENGL400_07644,2.685272392829159
STU_003,CS500_07668,2.9175344009287474
STU_003,PHYS300_07702,2.993521929559628
STU_003,CS200_07715,2.1874613249027846
STU_003,PHYS100_07724,3.051528782814298
STU_003,ENGR100_07768,3.0351291362450357
STU_003,MATH300_07791,2.8938232405132873
STU_003,ECON100_07803,3.163813313575773
STU_003,STAT200_07816,3.620898569027064
STU_003,BIO500_07817,2.5270420357646457
STU_003,MATH300_07836,3.673506488725437
STU_003,PSYCH500_07840,2.3111512959573712
STU_003,ECON300_07868,3.846331606985325
STU_003,BIO400_07872,3.0311316903359424
STU_003,MATH300_07876,1.9179956540970486
STU_003,PHYS400_07898,1.7166707576193843
STU_003,PHYS300_07919,3.290179594325174
STU_003,BIO500_07920,3.85505043871807
STU_003,ENGL300_07924,3.169868476898681
STU_003,CHEM300_07946,3.357193640080913
STU_003,ECON500_07960,3.4341671117549577
STU_003,CHEM300_07967,3.5708004649789995
STU_003,CS100_07979,2.411589135531155
STU_003,BIO200_08036,2.7696941963382953
STU_003,ECON300_08060,3.683195350361747
STU_003,STAT100_08121,3.8517155940652232
STU_003,ENGL300_08123,3.134735595635789
STU_003,STAT300_08124,3.2755229350285457
STU_003,MATH200_08164,1.7913674649884963
STU_003,MATH300_08175,3.746187537338312
STU_003,ECON100_08188,1.873079456710066
STU_003,ENGR400_08200,2.855520124550976
STU_003,CHEM100_08225,3.771766132053326
STU_003,PSYCH500_08233,2.5613955429972917
STU_003,CHEM300_08255,2.383694375869898
STU_003,CS200_08268,2.6453799356379815
STU_003,ENGL400_08287,2.4430684288703866
STU_003,PSYCH100_08300,2.2720273542519807
STU_003,MATH300_08305,2.8232574340513814
STU_003,ENGR400_08314,2.921714396486987
STU_003,CS300_08322,2.2184917784940636
STU_003,STAT300_08386,2.2636806931469664
STU_003,ENGL200_08391,3.3968797513161806
STU_003,PSYCH100_08400,2.5539949296883018
STU_003,STAT500_08442,4.225355684469504
STU_003,ECON100_08447,3.5046317079589224
STU_003,STAT400_08478,3.3689081689868474
STU_003,ENGR400_08539,1.94453818869254
STU_003,BIO400_08583,2.4980861232769493
STU_003,ENGR300_08584,2.965707873547513
STU_003,PSYCH200_08585,2.4384226215673217
STU_003,ENGL200_08592,2.934063275596218
STU_003,CHEM300_08607,2.1933996951963426
STU_003,MATH400_08613,2.7335764292719102
STU_003,MATH300_08652,2.6686465100345758
STU_003,ENGL100_08676,3.0807883272514935
STU_003,BIO500_08681,2.231864862442147
STU_003,STAT300_08696,1.9046161135253
STU_003,MATH300_08715,3.238179025546801
STU_003,CHEM300_08717,2.0253328252728178
STU_003,PSYCH400_08726,2.795972203796009
STU_003,MATH100_08771,2.711961200281291
STU_003,BIO500_08825,3.6639874217686366
STU_003,CS100_08849,3.0743468734735067
STU_003,BIO100_08857,2.896696222684432
STU_003,STAT200_08869,2.650143804780516
STU_003,CHEM100_08887,2.8375741447236926
STU_003,ENGL100_08889,3.3262917943688644
STU_003,PHYS500_08895,2.9857798120324794
STU_003,MATH300_08898,2.249974367172128
STU_003,PHYS500_08937,2.6162287168351965
STU_003,PHYS300_08945,2.0686203964412813
STU_003,ECON400_08950,2.9259635596600173
STU_003,STAT400_09005,3.038211128689307
STU_003,ECON400_09006,3.594680261732937
STU_003,CS300_09014,2.6575641636787095
STU_003,ENGR300_09041,2.1195774748488616
STU_003,ENGL400_09064,3.0912994656368666
STU_003,PHYS200_09076,2.7540110489892795
STU_003,BIO400_09085,2.592391088847426
STU_003,CS200_09097,3.151866208137667
STU_003,CS500_09124,2.6417090550223064
STU_003,STAT500_09148,2.1121961428548532
STU_003,PHYS400_09151,3.4202800437251697
STU_003,ENGL100_09159,3.078395650399343
STU_003,STAT400_09206,2.3626134830967467
STU_003,ECON100_09207,3.204123053842043
STU_003,ENGR200_09236,2.8898518380200615
STU_003,MATH200_09241,2.6569909542774264
STU_003,STAT200_09250,3.4802042303601666
STU_003,ECON300_09277,3.3420559838230295
STU_003,PSYCH400_09282,1.9907830004909308
STU_003,PHYS300_09286,2.9587154269816374
STU_003,CS400_09293,3.050488572727161
STU_003,ENGR300_09306,3.61405300722817
STU_003,STAT300_09312,2.662499910685702
STU_003,BIO500_09321,3.8668598945669963
STU_003,CS100_09343,2.583777630667557
STU_003,STAT500_09347,2.663211539122679
STU_003,PHYS200_09390,2.566345624726476
STU_003,BIO300_09399,2.3273469292323297
STU_003,ECON100_09419,2.920884741435181
STU_003,CS200_09421,2.328357895361946
STU_003,PSYCH100_09423,2.949204513764419
STU_003,CHEM500_09442,2.7241625820904494
STU_003,MATH500_09450,3.1069108572170334
STU_003,STAT200_09484,3.281367631567571
STU_003,CS400_09485,1.9137427235833822
STU_003,CS100_09499,2.995085556457269
STU_003,PSYCH300_09535,2.5691824221170787
STU_003,CS400_09552,2.09800198092753
STU_003,ENGL200_09561,3.6398435949656913
STU_003,ECON200_09568,3.5158915620091475
STU_003,ENGL400_09618,3.428746472791303
STU_003,ENGR300_09626,3.484260453852778
STU_003,CS200_09633,2.681239232841993
STU_003,MATH300_09662,3.0221137947265815
STU_003,PHYS200_09664,3.782603373715056
STU_003,STAT400_09709,3.30593982919005
STU_003,ENGL200_09736,2.3992841049789018
STU_003,PSYCH100_09738,3.894955561380474
STU_003,ECON500_09747,3.5110572851788895
STU_003,PHYS300_09793,3.9880229672947074
STU_003,PHYS200_09795,3.5796092000691013
STU_003,STAT500_09799,2.4380523631372437
STU_003,ENGL400_09816,3.380937579781941
STU_003,PHYS500_09838,1.8387127790838294
STU_003,ECON200_09853,2.823129834502258
STU_003,MATH400_09854,3.0316812222453384
STU_003,PSYCH400_09860,1.9735061774438238
STU_003,ENGR500_09868,1.4954697922315405
STU_003,PHYS400_09896,3.4163738022338013
STU_003,CS300_09919,2.6846391375116996
STU_003,PHYS500_09941,2.7827625187466505
STU_003,STAT200_09944,3.0915611262667744
STU_003,BIO100_09959,2.535427574580569
STU_003,MATH300_09965,2.555533063784691
STU_003,ENGL200_09987,2.789638055217407
STU_004,MATH500_00049,3.1613116219386126
STU_004,MATH300_00056,2.464252281462645
STU_004,BIO500_00136,2.8614527742074163
STU_004,MATH200_00166,2.6625826035933544
STU_004,ECON300_00199,3.4459184245730676
STU_004,ECON500_00202,3.2804762847395073
STU_004,PHYS200_00231,3.4000021240543976
STU_004,PSYCH400_00232,3.8575807868142724
STU_004,PSYCH400_00246,2.7816459025063343
STU_004,CS200_00254,3.0832995242104055
STU_004,PHYS200_00261,1.677803079065276
STU_004,ENGL100_00263,3.7513035638468653
STU_004,ENGR100_00280,2.4624115627270324
STU_004,CHEM500_00403,3.456416386436265
STU_004,STAT400_00411,2.7395649862107194
STU_004,ENGR500_00436,2.448310450995956
STU_004,ECON300_00444,2.948131919409214
STU_004,ENGL200_00473,2.76523242355183
STU_004,STAT300_00524,3.8634242574808697
STU_004,BIO400_00535,2.7212670375528702
STU_004,CS400_00587,3.362256615580617
STU_004,STAT100_00593,2.7162871062322664
STU_004,CHEM100_00628,3.5704006969241324
STU_004,MATH500_00642,2.9961267508182186
STU_004,PHYS400_00701,3.4240999025454064
STU_004,ECON200_00704,2.8962519858469418
STU_004,ECON100_00705,4.5441014035038725
STU_004,ENGR100_00707,2.5829594947567824
STU_004,STAT300_00714,2.9250580968197157
STU_004,PHYS200_00737,2.0056619876419526
STU_004,CHEM500_00767,2.5608170038038125
STU_004,CS200_00774,3.0372360248865142
STU_004,MATH100_00805,3.393152070293572
STU_004,ECON400_00822,2.100901503784114
STU_004,CHEM500_00852,2.5416024449245986
STU_004,ENGL100_00862,3.1917268052641314
STU_004,ECON100_00878,2.3893648281754754
STU_004,CHEM500_00884,3.043203908401849
STU_004,ENGL200_00885,3.8309633294955865
STU_004,MATH100_00904,2.5752513427958257
STU_004,PHYS300_00908,3.5682147761849152
STU_004,MATH200_00939,2.9847929642478666
STU_004,BIO200_00991,3.7939969548930312
STU_004,PHYS400_01008,3.2498243212511495
STU_004,STAT400_01051,2.6411820558066577
STU_004,PHYS100_01092,3.245190988149533
STU_004,STAT200_01110,2.1947222450228816
STU_004,ENGL500_01135,3.6166234770395476
STU_004,ENGR400_01157,2.7540260727084256
STU_004,ENGR100_01169,3.4444657006319326
STU_004,BIO200_01172,3.1952654401416423
STU_004,ECON500_01186,3.493051918542444
STU_004,BIO400_01219,2.269527187508311
STU_004,BIO100_01222,3.6500672952470463
STU_004,ECON400_01245,3.177119629264704
STU_004,BIO100_01256,2.8335392730197038
STU_004,PHYS200_01265,3.601993239012283
STU_004,PSYCH400_01293,2.1883854557234903
STU_004,BIO300_01333,3.2225967483223426
STU_004,PHYS500_01365,3.735791023049345
STU_004,PSYCH300_01378,3.855125509333848
STU_004,PHYS200_01412,3.158646868238293
STU_004,CHEM200_01419,3.2796851389768715
STU_004,MATH400_01421,3.099119089548564
STU_004,MATH200_01436,3.1718073800100397
STU_004,ENGL200_01472,2.4523697813276066
STU_004,STAT100_01497,3.188000461517548
STU_004,PHYS400_01516,1.7742140480992088
STU_004,ENGL400_01543,3.357306628568129
STU_004,CHEM400_01552,3.5988096735109947
STU_004,ECON300_01559,2.8827047797961973
STU_004,PSYCH100_01660,2.92370068309817
STU_004,PSYCH300_01661,3.383352471839526
STU_004,CHEM100_01693,2.822746205107942
STU_004,CS500_01742,2.955427988912878
STU_004,STAT400_01753,4.806882306023163
STU_004,MATH200_01755,2.1597943027456985
STU_004,ENGL200_01784,2.258733922287023
STU_004,CHEM300_01786,2.8486008619471934
STU_004,CS500_01802,1.7215477253938922
STU_004,CS300_01805,3.711846910213332
STU_004,CHEM100_01809,2.970833645950023
STU_004,STAT200_01876,3.7808016519778294
STU_004,ENGR400_01888,2.279093440665942
STU_004,PHYS200_01891,3.239954931391327
STU_004,CHEM300_01902,3.5427620542430676
STU_004,BIO400_01914,2.4072209519701975
STU_004,PHYS400_01941,4.125917236987675
STU_004,BIO200_01965,4.349683673197706
STU_004,CHEM100_01987,2.874022930769578
STU_004,CHEM500_02025,3.673582638881647
STU_004,CHEM400_02035,3.175037207498737
STU_004,ENGL100_02076,3.661486678650538
STU_004,PSYCH300_02162,3.1819246447253673
STU_004,ECON400_02170,2.0854465243864917
STU_004,MATH100_02186,2.714243572350438
STU_004,BIO100_02195,3.2880265477271973
STU_004,CS100_02204,3.231706825346222
STU_004,PHYS400_02211,3.017748510328146
STU_004,CS100_02220,3.459767628289972
STU_004,PSYCH500_02246,2.8098014626701677
STU_004,PSYCH300_02256,1.9859902194394747
STU_004,CS400_02304,2.2498620723080216
STU_004,STAT300_02307,2.391449301533403
STU_004,PSYCH200_02354,2.918214530328057
STU_004,PSYCH500_02356,3.7172548811680795
STU_004,ENGL400_02384,2.3925190811269093
STU_004,CS100_02394,3.114106317180697
STU_004,MATH100_02398,3.481877605314829
STU_004,MATH300_02401,3.5400506381622323
STU_004,ENGL400_02421,3.5409974294632374
STU_004,ECON200_02431,2.872255808521972
STU_004,PHYS500_02439,2.7200844950387824
STU_004,ENGL300_02480,3.2265776381153644
STU_004,ECON400_02483,3.884080125466326
STU_004,CS200_02493,3.413722849222717
STU_004,MATH500_02495,3.384244060001036
STU_004,ENGL400_02524,3.0779451578620036
STU_004,PHYS400_02530,3.89417357274244
STU_004,BIO300_02533,2.0845265769486603
STU_004,CHEM100_02557,2.217650312557315
STU_004,MATH200_02558,3.4896215624094618
STU_004,CS300_02601,2.6434527869060194
STU_004,BIO400_02623,3.6625753288447274
STU_004,ENGR400_02643,3.2209550728325493
STU_004,ECON100_02656,2.6739096992370683
STU_004,ECON100_02666,2.5597985846876212
STU_004,BIO200_02681,3.418571501344469
STU_004,ENGR200_02684,2.2804884205245983
STU_004,PSYCH200_02699,2.4650593457738372
STU_004,ECON100_02737,2.48408471904736
STU_004,CHEM300_02805,3.24331490403488
STU_004,CS100_02818,3.510664865908637
STU_004,STAT200_02828,1.663560923549666
STU_004,STAT100_02868,3.426958111294385
STU_004,CHEM300_02870,2.543026705739901
STU_004,ECON100_02890,3.028673518926302
STU_004,ECON200_02893,2.360080441339377
STU_004,ECON500_02906,2.714555218186378
STU_004,PHYS100_02913,2.685796277176069
STU_004,ENGL400_02918,3.2168712209138555
STU_004,MATH500_02985,2.983573619550305
STU_004,BIO500_03003,2.850945066828778
STU_004,PHYS500_03009,2.1396805930987535
STU_004,ENGR500_03011,3.2889418396334
STU_004,BIO200_03017,2.8576148196353808
STU_004,ENGR300_03041,3.266752075492251
STU_004,ENGR200_03089,3.6930909845550253
STU_004,ENGL500_03111,4.117193434207325
STU_004,MATH200_03113,2.656517376575282
STU_004,STAT300_03187,3.3656595298570644
STU_004,MATH100_03207,2.504079916648873
STU_004,MATH100_03273,3.3546910548931486
STU_004,PHYS500_03323,4.3037305480679535
STU_004,CHEM500_03324,3.297220065079605
STU_004,PHYS400_03353,2.342593027728927
STU_004,ECON100_03363,3.011190844178762
STU_004,ECON500_03368,2.60232194828169
STU_004,MATH500_03449,3.393838063302822
STU_004,STAT200_03454,2.6827304677089305
STU_004,CS500_03461,2.4106702695055393
STU_004,CS500_03468,3.5011188631294967
STU_004,STAT200_03509,2.68800465877047
STU_004,STAT300_03532,2.9986916698528376
STU_004,MATH100_03575,3.8526350398773737
STU_004,PHYS500_03584,3.6454191123699204
STU_004,CS500_03591,2.3491605200578283
STU_004,PSYCH400_03624,2.842940081833043
STU_004,ECON500_03631,3.251736054876679
STU_004,PSYCH200_03632,2.7746503279907224
STU_004,PSYCH200_03673,2.271741231766009
STU_004,ENGR100_03684,2.60140528271725
STU_004,ENGR200_03686,3.790154641914253
STU_004,PSYCH200_03689,3.0228316807839586
STU_004,ECON100_03705,2.9597685676695002
STU_004,MATH100_03710,2.787649417551528
STU_004,ENGR100_03712,4.083005183259919
STU_004,ENGR300_03727,1.9723361894419082
STU_004,BIO100_03756,3.4034308507387876
STU_004,CHEM200_03770,2.398156695385495
STU_004,PSYCH400_03820,3.464869515932514
STU_004,PSYCH200_03831,2.5168782526863236
STU_004,ENGR300_03869,2.9364681828077206
STU_004,ECON100_03949,3.381438443572712
STU_004,MATH100_03951,3.4191360537935997
STU_004,ENGR400_03954,2.582524486177584
STU_004,PHYS200_03975,3.186178638191028
STU_004,CS200_03993,2.9423334786145174
STU_004,PSYCH400_04014,2.2784448803771706
STU_004,PHYS500_04030,2.966706133877476
STU_004,ECON100_04041,2.7668193518715496
STU_004,PSYCH400_04105,2.093521606597433
STU_004,PHYS200_04124,1.9302598741372048
STU_004,MATH300_04141,2.685903008293038
STU_004,ECON200_04144,2.7173912995850573
STU_004,STAT500_04164,3.882717355109852
STU_004,ENGR300_04278,2.436172358770441
STU_004,PHYS200_04285,3.1273389379954653
STU_004,CS200_04299,2.6008203179249185
STU_004,CHEM300_04330,3.2048227014266795
STU_004,CHEM300_04385,3.190017221245937
STU_004,ECON200_04394,4.246941734718009
STU_004,BIO500_04397,2.8285148408943983
STU_004,PSYCH500_04407,3.23378795169048
STU_004,ENGL500_04421,3.40527888747011
STU_004,CHEM100_04434,3.8121794417460615
STU_004,CHEM500_04442,3.7432685933908263
STU_004,CS100_04457,2.6685588176568396
STU_004,MATH300_04458,2.4252995831248993
STU_004,CS500_04504,3.3659942086437473
STU_004,MATH400_04507,2.676936773219169
STU_004,STAT200_04519,2.8592592488158046
STU_004,CHEM200_04547,2.290206035181091
STU_004,STAT400_04549,3.0587317898356305
STU_004,ECON500_04557,2.314588012600698
STU_004,ENGL300_04570,2.636768917709801
STU_004,STAT400_04580,2.318068823170936
STU_004,PSYCH400_04592,2.9305809035244406
STU_004,PSYCH100_04606,2.983044888842408
STU_004,ENGR400_04628,3.795909005643648
STU_004,ECON400_04636,2.4000807426102613
STU_004,ENGL300_04722,3.3851759201583174
STU_004,ENGR100_04742,2.9561583635056623
STU_004,ENGR200_04755,4.402463284798278
STU_004,ENGR300_04784,2.7475460133177245
STU_004,CHEM500_04813,3.823641682030648
STU_004,BIO500_04831,3.73309453840351
STU_004,ECON400_04853,4.018975293816487
STU_004,MATH300_04857,2.236296377243942
STU_004,ENGL100_04861,3.420082538203661
STU_004,ENGL400_04862,3.317355678125612
STU_004,MATH400_04892,3.169139174883658
STU_004,PHYS100_04937,2.6347260865731803
STU_004,CHEM100_04939,4.036288545754746
STU_004,STAT300_04943,3.4373849250592152
STU_004,ECON400_04945,3.039245937217003
STU_004,STAT300_04946,3.631381268911454
STU_004,ENGL200_04996,2.7027071317567453
STU_004,MATH100_05004,3.439740959271908
STU_004,ECON500_05012,2.897102722743073
STU_004,PHYS200_05017,3.070949695328234
STU_004,STAT300_05023,2.0579570060728747
STU_004,ENGL300_05047,2.7598953678719917
STU_004,CS400_05109,3.3040043418943053
STU_004,BIO100_05112,3.1485140604219697
STU_004,CS300_05137,2.896645315075357
STU_004,ECON500_05148,3.1189203557990544
STU_004,ENGL300_05159,3.356812855769565
STU_004,BIO100_05170,2.7890292524305824
STU_004,ENGR500_05207,1.9740715374955518
STU_004,STAT100_05259,3.061499966663241
STU_004,PSYCH400_05260,1.9961336386401074
STU_004,CHEM200_05277,3.046487160742407
STU_004,ECON500_05305,3.148149649938426
STU_004,PSYCH200_05363,2.6352415661820916
STU_004,BIO500_05367,3.081616153191184
STU_004,BIO500_05374,2.6934295068803196
STU_004,BIO400_05463,2.527921759678879
STU_004,MATH300_05491,2.8252933422828415
STU_004,PSYCH100_05493,2.4657333412598055
STU_004,PHYS100_05495,2.0288294143279106
STU_004,PHYS500_05504,3.1263767776115228
STU_004,CHEM500_05517,3.369953536472761
STU_004,PHYS500_05523,3.064102126772429
STU_004,CHEM400_05546,2.6072546286747675
STU_004,MATH100_05572,2.3732143058231188
STU_004,MATH400_05599,2.1486815581559333
STU_004,MATH100_05605,2.3486836575359353
STU_004,CHEM200_05620,3.3368835574909066
STU_004,MATH300_05638,2.56838732864525
STU_004,CHEM100_05639,3.6297100647992386
STU_004,ENGL100_05668,1.784375991454243
STU_004,CS300_05712,2.9839836729882587
STU_004,PSYCH100_05728,2.6744936812665494
STU_004,PHYS200_05755,3.4220332267559237
STU_004,PHYS300_05794,2.4763609352325755
STU_004,PSYCH400_05817,2.865437652373382
STU_004,BIO400_05859,3.0492844026462387
STU_004,STAT300_05861,3.907525565945698
STU_004,MATH300_05976,2.9798841461522243
STU_004,ENGR200_05982,2.9306872919405915
STU_004,PHYS400_05999,3.2273043972063005
STU_004,PSYCH300_06015,2.587118833417102
STU_004,BIO400_06035,2.3506408965246646
STU_004,ECON100_06081,2.42718476386428
STU_004,PHYS500_06134,3.4473319942706215
STU_004,PSYCH200_06142,2.6845760239789063
STU_004,CS500_06163,2.6525533653834947
STU_004,ECON400_06182,3.1639328219695706
STU_004,PHYS100_06195,2.887909122044793
STU_004,BIO200_06254,2.770469248669189
STU_004,ENGR400_06263,3.0925069152911626
STU_004,ENGR200_06280,2.3023968085224995
STU_004,BIO400_06293,3.179407736556648
STU_004,CHEM100_06297,2.0498979049487813
STU_004,ENGR300_06306,2.8901590935985597
STU_004,CS400_06315,2.8641709205307593
STU_004,BIO300_06338,3.8459519237093582
STU_004,STAT500_06342,2.546271425939718
STU_004,CS500_06350,2.749990774866696
STU_004,ECON100_06386,2.095570217092121
STU_004,CHEM200_06402,2.9672854436476186
STU_004,CS200_06424,2.730681453051737
STU_004,ENGL400_06434,3.1127900653746963
STU_004,ENGL100_06440,4.373073578692963
STU_004,CHEM400_06445,3.422078851252955
STU_004,ENGL100_06455,2.7930157733029533
STU_004,PHYS100_06473,3.0012704677195554
STU_004,ENGR100_06474,2.7140574116561123
STU_004,CHEM400_06512,3.5000556256751247
STU_004,STAT100_06517,3.4216235102174766
STU_004,ECON400_06532,2.0810847182809615
STU_004,MATH300_06558,4.526203008918791
STU_004,STAT400_06583,2.892387428114326
STU_004,MATH500_06588,2.435830883046095
STU_004,STAT100_06595,3.573975251618418
STU_004,MATH100_06662,3.767857537654142
STU_004,BIO200_06665,3.537581442943495
STU_004,MATH500_06684,3.174097950246885
STU_004,CS300_06706,3.136928252406594
STU_004,PHYS300_06731,3.08081018658106
STU_004,CS200_06742,2.2162654540021087
STU_004,BIO400_06751,2.998344279746653
STU_004,ENGL200_06773,2.7741676842243312
STU_004,ECON500_06776,2.8963117075818055
STU_004,MATH100_06785,2.6532168419612856
STU_004,PSYCH400_06794,3.0247793391815594
STU_004,CS500_06839,3.5806059230131697
STU_004,ECON100_06841,2.1215154279196917
STU_004,PHYS200_06844,3.3862290686617147
STU_004,CHEM300_06856,2.8988427999293838
STU_004,ENGL400_06866,2.100721624092291
STU_004,CS500_06885,2.912261495467904
STU_004,ENGR300_06889,2.0271656436598966
STU_004,STAT200_06894,3.2869497318915895
STU_004,BIO400_06914,3.3559737232080202
STU_004,PHYS200_06950,2.7551079859979857
STU_004,ENGL500_06967,3.6905607150357005
STU_004,PSYCH500_06970,3.229978798061586
STU_004,ENGR500_06975,3.153819845023949
STU_004,STAT100_07014,2.9180551776927874
STU_004,PSYCH200_07016,3.0587834858078695
STU_004,PSYCH100_07045,3.954851779973238
STU_004,ECON300_07050,3.031206587919987
STU_004,MATH200_07118,2.5269021286333038
STU_004,CS200_07200,3.768232986295486
STU_004,PSYCH300_07229,2.991657939759665
STU_004,CHEM100_07287,1.974788541280787
STU_004,PSYCH200_07290,3.3274162681000146
STU_004,MATH200_07320,1.94574753435244
STU_004,MATH500_07345,2.680120764962986
STU_004,ENGL200_07349,2.8717702991686456
STU_004,ENGR100_07371,4.0920314181643205
STU_004,ENGL100_07379,3.6829820982570642
STU_004,STAT100_07402,3.5746484018399083
STU_004,ECON100_07407,2.352419187667442
STU_004,ENGL100_07412,2.9633520603762284
STU_004,MATH400_07413,3.3518869199715873
STU_004,ECON300_07420,2.186173948258887
STU_004,ECON300_07431,3.0519805439951386
STU_004,PSYCH200_07480,2.893548530481785
STU_004,ECON300_07524,3.1386681796077016
STU_004,STAT200_07543,3.584325482938376
STU_004,PSYCH500_07549,2.87098454169686
STU_004,CS100_07553,2.150774813165734
STU_004,ENGR300_07564,2.7974742969717497
STU_004,BIO500_07567,2.8265856657521495
STU_004,CS500_07627,3.1453269081255897
STU_004,PSYCH400_07633,3.0546758594165455
STU_004,MATH100_07653,2.794668509781036
STU_004,BIO400_07666,2.3241489564039766
STU_004,CHEM200_07671,3.6102323047281186
STU_004,PHYS500_07704,3.024615662132971
STU_004,ENGR300_07709,2.3847553085783963
STU_004,ENGR200_07723,3.2529145809204127
STU_004,ENGL400_07725,3.494274331388885
STU_004,PSYCH300_07743,2.8029810619483495
STU_004,PHYS200_07759,2.0335547217045455
STU_004,ECON200_07789,3.1125970091412363
STU_004,PSYCH200_07794,3.3582010756223855
STU_004,ECON400_07805,2.845811637099237
STU_004,BIO100_07814,3.4471791756020314
STU_004,BIO300_07824,3.737696718894072
STU_004,ENGR400_07833,3.2380948291635816
STU_004,ECON300_07868,1.9206311105887668
STU_004,BIO500_07908,3.759599513975293
STU_004,CS400_07915,3.513175486033952
STU_004,BIO200_07930,2.667205520657312
STU_004,ENGL100_07948,3.5841889585242828
STU_004,CS100_07952,2.8381506316365166
STU_004,ENGL200_08066,3.0140494187887015
STU_004,ECON300_08103,2.500378112157258
STU_004,ENGR400_08115,2.453838168016737
STU_004,CHEM200_08166,3.639721354610593
STU_004,MATH500_08206,2.6325622387343572
STU_004,STAT200_08216,3.176620620371879
STU_004,ENGR200_08237,3.1722885299330033
STU_004,ECON200_08254,2.67081382691212
STU_004,CHEM400_08262,1.7356322970812013
STU_004,PSYCH500_08265,2.890615948589111
STU_004,STAT200_08275,3.4387983023593294
STU_004,ENGR100_08277,3.1118534878529993
STU_004,BIO300_08280,2.867755613668544
STU_004,CS300_08308,2.8784717067355188
STU_004,ENGR400_08314,2.136546563506561
STU_004,BIO200_08318,3.270519578759028
STU_004,CHEM100_08321,2.465474499719826
STU_004,PHYS300_08345,2.28564551470878
STU_004,ENGR300_08378,3.1004207182912253
STU_004,CS300_08403,2.7070067764654153
STU_004,STAT400_08414,3.7520005027752337
STU_004,ECON100_08433,2.9824475306487823
STU_004,ECON100_08434,3.152275821041254
STU_004,STAT100_08482,2.430562360927997
STU_004,BIO300_08491,3.5221762938783616
STU_004,PSYCH400_08493,2.819601868504736
STU_004,BIO300_08521,3.3559816631776878
STU_004,ENGR300_08536,3.155160959259801
STU_004,ECON200_08560,2.5336801990975526
STU_004,STAT100_08590,3.2912077159040347
STU_004,PSYCH500_08605,3.0956320385825706
STU_004,ECON500_08609,2.9014618849181475
STU_004,CS500_08651,3.0518082508568014
STU_004,ENGR200_08671,3.1867783705617163
STU_004,STAT100_08694,2.12941451620842
STU_004,PSYCH200_08716,3.114525478286868
STU_004,PSYCH400_08733,2.8509002277789164
STU_004,PSYCH500_08746,3.8417835602691075
STU_004,BIO100_08778,2.3765099583895504
STU_004,CS500_08789,3.490934840677938
STU_004,CHEM300_08830,3.1673670659350033
STU_004,ENGR200_08864,1.661098831034351
STU_004,ENGL300_08878,4.043285272225768
STU_004,ECON200_08880,3.2597221523122153
STU_004,PHYS500_08895,2.964006965769909
STU_004,PSYCH100_08899,2.8205999139947613
STU_004,MATH500_08964,2.4860998436388613
STU_004,MATH200_08997,2.352870407380082
STU_004,ENGL500_09065,2.4552209433052274
STU_004,PHYS200_09076,3.1640756319756225
STU_004,BIO100_09087,2.9730970929785254
STU_004,PHYS100_09092,2.9004207417565184
STU_004,STAT400_09093,2.9460611948954547
STU_004,ENGL100_09115,2.8639301716999332
STU_004,CHEM300_09122,3.9710091990497416
STU_004,CHEM300_09125,2.794591671135049
STU_004,ECON500_09140,2.323723020913781
STU_004,ENGL100_09162,3.5012850749688504
STU_004,ENGL100_09198,2.796095143920164
STU_004,PHYS500_09233,2.732359443529377
STU_004,CS300_09301,3.189446431630055
STU_004,ENGR100_09332,2.8421335343265213
STU_004,PSYCH200_09437,3.97497825556549
STU_004,CS200_09458,1.950983136544873
STU_004,PHYS100_09469,2.7989383046568737
STU_004,PHYS200_09471,3.3634284487113297
STU_004,ENGL200_09497,3.401387486715267
STU_004,STAT300_09532,1.7525078511566572
STU_004,CHEM400_09533,1.7183807170647762
STU_004,MATH100_09581,3.3184844420364783
STU_004,ECON200_09590,3.1409506017854563
STU_004,ENGL100_09606,3.145469922825109
STU_004,MATH400_09628,1.8969528703206113
STU_004,CHEM400_09687,2.2734334224516046
STU_004,ENGR400_09702,3.316501588065972
STU_004,STAT300_09721,3.1352153952752295
STU_004,STAT300_09728,2.8146648379126633
STU_004,PHYS200_09752,3.285304889102089
STU_004,ECON100_09754,3.3856398438846194
STU_004,CHEM400_09787,2.4050642497329506
STU_004,PHYS500_09801,3.173875636721855
STU_004,PSYCH200_09817,2.4794359536064863
STU_004,MATH400_09827,2.8393028078208764
STU_004,ECON200_09843,2.8785644795316294
STU_004,CS100_09851,3.3052390136411387
STU_004,ECON200_09853,2.9497587255634987
STU_004,MATH400_09854,3.4043684184710585
STU_004,PSYCH500_09859,2.6342759914500187
STU_004,PSYCH100_09867,3.553065469119614
STU_004,STAT100_09891,2.8536897853123997
STU_004,BIO400_09914,2.2972078810198466
STU_004,ECON500_09934,3.0682296676854683
STU_004,CS400_09939,2.6489111790294593
STU_004,ECON300_09943,2.785708675029245
STU_004,PSYCH400_09963,2.3369282514836995
STU_004,ENGR200_09999,2.1867516149210626
STU_005,STAT500_00007,3.854279802797462
STU_005,MATH500_00034,2.687820082060866
STU_005,PSYCH200_00081,3.3974445819520684
STU_005,ENGR300_00210,2.603871862931561
STU_005,BIO300_00225,3.184069619649187
STU_005,ENGR200_00229,3.5049386563703218
STU_005,PSYCH400_00251,2.8724865380090323
STU_005,CHEM100_00259,3.987778230064448
STU_005,ENGL400_00265,3.062274339426991
STU_005,CHEM400_00292,3.468078603778852
STU_005,PHYS300_00297,2.5810146016539806
STU_005,PHYS200_00298,3.518559144627745
STU_005,BIO400_00317,2.638347360636543
STU_005,MATH300_00345,3.5977585315012455
STU_005,PHYS100_00383,2.932114614187125
STU_005,PSYCH100_00395,1.8498667223777359
STU_005,CS400_00412,3.252324028677237
STU_005,CS100_00438,3.5001211154612415
STU_005,CS200_00451,3.465568669116123
STU_005,ENGR300_00490,2.467674026716033
STU_005,ENGL200_00510,3.2281744893045325
STU_005,ECON100_00538,2.9073212050651653
STU_005,MATH200_00545,3.7601793646635215
STU_005,PHYS200_00585,2.303468520572912
STU_005,STAT400_00603,3.417652017604194
STU_005,STAT500_00621,3.2438584421337273
STU_005,ENGL400_00680,3.0343862369766006
STU_005,ENGR300_00683,3.5912627041740137
STU_005,ECON200_00704,3.038862840638139
STU_005,PHYS500_00725,3.3328419380247056
STU_005,CHEM100_00740,3.3904594107193624
STU_005,PHYS500_00751,3.0852682268522154
STU_005,MATH100_00764,2.559416792659597
STU_005,CHEM500_00825,3.0778666067102494
STU_005,STAT400_00849,2.635187965020794
STU_005,CS200_00858,2.486962394969977
STU_005,PSYCH100_00872,4.693063723184618
STU_005,PHYS400_00876,2.3857331815707647
STU_005,ECON400_00897,3.4808301347367414
STU_005,STAT500_00900,3.2158900514699362
STU_005,PSYCH300_00931,4.325829729616557
STU_005,PSYCH300_00937,3.473303426379792
STU_005,MATH200_01010,2.3814916031764137
STU_005,ENGL100_01021,2.8966236664839324
STU_005,ENGR400_01041,2.6103970304365998
STU_005,ENGL500_01055,2.208315580720562
STU_005,CS200_01056,3.591081538114296
STU_005,MATH200_01057,2.7300168592141416
STU_005,STAT300_01066,3.5894929126913104
STU_005,PHYS100_01092,3.4351387564134956
STU_005,MATH300_01121,2.390504997449912
STU_005,STAT300_01174,3.3915691469340996
STU_005,BIO100_01228,3.6831462642517963
STU_005,CS100_01236,3.9361455224823096
STU_005,MATH400_01243,3.3883713560856927
STU_005,MATH500_01250,2.2545553873622404
STU_005,CS500_01262,3.8956792115559966
STU_005,STAT200_01263,3.468295539338372
STU_005,CS200_01267,2.8395957139595547
STU_005,CS400_01269,2.7596182854138354
STU_005,CHEM100_01279,3.106696223712493
STU_005,PHYS400_01282,3.149235079831786
STU_005,ENGR400_01286,3.001706105394063
STU_005,MATH400_01302,2.983115115636093
STU_005,ENGL200_01318,2.8837650999950393
STU_005,PHYS500_01327,2.5621722693872355
STU_005,ENGR500_01344,3.2303268373355527
STU_005,BIO200_01345,3.097628658080789
STU_005,STAT100_01361,2.537467535635762
STU_005,STAT500_01401,2.0311534086774086
STU_005,PHYS200_01413,2.7215328557511937
STU_005,ENGL200_01435,3.8882250126095896
STU_005,PSYCH300_01444,3.1611143892504296
STU_005,ECON300_01452,3.6442924139269794
STU_005,PHYS400_01457,2.6903827872432755
STU_005,ENGL300_01463,2.332307345279833
STU_005,ENGL400_01469,2.0839144513045933
STU_005,MATH200_01520,2.4677507667963585
STU_005,ECON400_01523,2.636599277169469
STU_005,PHYS300_01524,3.11762224496042
STU_005,PSYCH100_01565,1.8404087800718476
STU_005,CHEM300_01583,3.2891139183735567
STU_005,ENGR200_01585,3.0401058043380873
STU_005,ENGR100_01623,1.4445226980608288
STU_005,BIO100_01746,3.2599256809753525
STU_005,ENGL400_01790,2.7513625852423975
STU_005,CS500_01802,2.482312162319751
STU_005,ECON300_01837,2.7306699716955225
STU_005,ENGL400_01844,2.454422328630535
STU_005,ECON200_01845,3.6287225431277896
STU_005,ECON100_01870,3.3364357742139767
STU_005,CHEM100_01894,2.9040971391501706
STU_005,PHYS400_01895,2.2644827950447066
STU_005,CHEM300_01902,3.11163973510992
STU_005,PSYCH100_01926,3.4222923485593926
STU_005,PHYS300_01942,2.057650604996041
STU_005,CHEM400_01947,2.415348540228999
STU_005,MATH300_01977,3.5230569285842286
STU_005,CS200_01980,2.346291275269682
STU_005,MATH100_01984,2.3419463384369004
STU_005,ECON300_01985,3.2447437981673444
STU_005,PSYCH400_02010,3.056386140639112
STU_005,PHYS200_02017,2.9067913395855105
STU_005,STAT100_02099,2.2078555626469303
STU_005,STAT200_02154,2.3577598656620355
STU_005,PHYS400_02165,2.4714359212949093
STU_005,CHEM200_02190,2.927626616019334
STU_005,ENGL200_02223,3.751116881793576
STU_005,CS300_02273,2.3391439129857554
STU_005,CS100_02291,3.285302665061047
STU_005,PSYCH400_02295,2.817651182076469
STU_005,CHEM200_02351,2.2822053904259887
STU_005,ENGL400_02365,3.7319382629589004
STU_005,CHEM400_02378,3.162140133642425
STU_005,CHEM100_02400,3.3975832745808896
STU_005,PSYCH400_02410,3.776086968560249
STU_005,PSYCH200_02434,3.283415729590418
STU_005,ECON400_02458,2.440972957880486
STU_005,CHEM300_02519,2.8750778052535537
STU_005,MATH300_02548,3.628290306670678
STU_005,CS500_02549,4.08532917756122
STU_005,ENGL400_02552,2.8696935848686103
STU_005,CHEM400_02588,4.020480014250395
STU_005,BIO100_02592,2.76510784426237
STU_005,CS300_02601,3.783454684388106
STU_005,CS100_02650,1.9939067302841562
STU_005,CHEM300_02664,2.4935930800551485
STU_005,PSYCH400_02688,3.63006493596424
STU_005,CS500_02693,2.941626916254262
STU_005,PSYCH300_02697,4.345958072490614
STU_005,ECON200_02711,3.1443954100787894
STU_005,PHYS400_02725,2.8634769733799854
STU_005,STAT400_02734,3.743046517166007
STU_005,PHYS100_02745,2.6011359791892885
STU_005,CHEM500_02779,3.616221740585501
STU_005,CHEM200_02788,3.168401307821677
STU_005,ENGL400_02789,3.199090034250566
STU_005,ECON200_02793,2.47934560152383
STU_005,CS200_02839,2.8711591398244707
STU_005,PHYS400_02853,2.8596694773296605
STU_005,CHEM200_02854,3.2206301850022343
STU_005,CHEM100_02865,2.9078032472257704
STU_005,STAT100_02876,3.6439900878183917
STU_005,BIO100_02879,3.7614342602701205
STU_005,CHEM500_02908,2.745382755691482
STU_005,MATH500_02931,2.273147290294606
STU_005,ECON100_02986,2.7985291474167564
STU_005,BIO200_03002,2.983902394764882
STU_005,BIO300_03004,2.35442206261454
STU_005,CHEM100_03026,2.5672778792017175
STU_005,STAT200_03045,3.321239751870391
STU_005,ENGL500_03065,2.824284704112917
STU_005,ENGR200_03070,3.6446992618562204
STU_005,STAT200_03090,3.289283416018481
STU_005,ENGR200_03132,3.6562600906753935
STU_005,STAT300_03155,2.303160589564169
STU_005,PHYS200_03172,2.915342052415859
STU_005,STAT400_03175,3.0562438473686275
STU_005,PSYCH400_03183,3.21165013419784
STU_005,ENGL200_03188,3.4779207188229697
STU_005,ENGR500_03201,3.1023943550940976
STU_005,ECON200_03221,2.8947179041911704
STU_005,ECON200_03222,2.0810823602856017
STU_005,ENGL500_03264,2.3491588336962477
STU_005,CS200_03266,3.4710054191093658
STU_005,CHEM400_03268,4.07916761792208
STU_005,MATH200_03269,2.6938700970145195
STU_005,PHYS100_03282,2.2932380195543765
STU_005,ENGR500_03288,2.6251407015848707
STU_005,MATH200_03318,3.9157856014204246
STU_005,CS200_03326,3.3116279133679436
STU_005,BIO100_03341,2.457717099444596
STU_005,PHYS100_03360,3.058352792870157
STU_005,ENGL500_03367,3.7239137842214594
STU_005,STAT100_03386,3.831475912541264
STU_005,BIO400_03422,3.1782174866468784
STU_005,STAT300_03441,3.4449830709641382
STU_005,CHEM300_03465,3.0397935382881656
STU_005,MATH500_03507,2.6396450876585016
STU_005,CS200_03545,3.135804166833047
STU_005,ENGR200_03603,2.1503055136358586
STU_005,CS300_03665,3.2957190159584933
STU_005,STAT300_03708,2.5839591965034674
STU_005,ECON500_03733,2.695017413970882
STU_005,ENGR300_03745,2.7436013992496
STU_005,CS500_03811,1.7875046794543894
STU_005,ECON200_03812,3.9843945900350057
STU_005,ECON500_03815,3.6393590946007395
STU_005,PHYS300_03836,3.2629200675833983
STU_005,MATH100_03859,3.4732389198807727
STU_005,CHEM400_03881,3.545903551120038
STU_005,CHEM500_03889,3.6685594339416916
STU_005,ENGR200_03974,2.6794457404986267
STU_005,CHEM300_04005,3.0678334533998823
STU_005,ECON300_04020,2.778716519149987
STU_005,CHEM300_04039,2.721046060856463
STU_005,PHYS200_04082,2.583476399203838
STU_005,CHEM500_04104,2.999304820476107
STU_005,MATH500_04133,2.446085564453118
STU_005,ECON200_04144,3.8739843783275045
STU_005,PSYCH200_04167,3.0770328455473046
STU_005,ECON300_04206,3.471424744976177
STU_005,PHYS100_04211,3.2318825089096506
STU_005,ENGR500_04231,2.988997810009606
STU_005,STAT100_04254,3.4456215525365237
STU_005,PHYS500_04265,3.0892750078479185
STU_005,PHYS300_04269,3.62520018507063
STU_005,ENGL300_04302,2.898544088121037
STU_005,ENGL100_04360,2.8247101000557966
STU_005,ECON300_04389,2.297112446347763
STU_005,MATH300_04458,2.9997967921366455
STU_005,PHYS200_04465,1.495741417174459
STU_005,MATH400_04474,3.203799753979502
STU_005,PSYCH100_04475,2.4685399113478774
STU_005,ENGR100_04495,2.6316796877892665
STU_005,CS300_04511,3.5973696487646656
STU_005,STAT300_04517,3.2418159816429464
STU_005,CHEM100_04577,4.1007401660472285
STU_005,ECON400_04579,3.663020569324987
STU_005,ECON500_04586,3.452765413559058
STU_005,PHYS100_04601,2.766418099308594
STU_005,ENGL400_04612,3.1919127879545783
STU_005,ENGL100_04621,4.853701322274857
STU_005,CS200_04645,3.03114079756984
STU_005,STAT200_04674,3.4141637795712145
STU_005,PHYS500_04678,3.552754317351029
STU_005,PHYS200_04695,3.59221196412522
STU_005,ENGL300_04722,1.9429503819694431
STU_005,ENGL500_04724,3.047552827239031
STU_005,PHYS100_04727,3.3605098584989563
STU_005,PSYCH500_04800,2.476441831230144
STU_005,CHEM500_04813,2.7639903870317024
STU_005,ENGR500_04839,2.9267516622778196
STU_005,MATH200_04872,2.3006050856717652
STU_005,BIO200_04884,2.692844442979399
STU_005,ENGL200_04893,3.053910400002673
STU_005,PHYS400_04906,2.7345165235542024
STU_005,STAT300_04917,2.9797354520918957
STU_005,STAT500_04934,4.817835746929037
STU_005,CHEM300_04972,3.086086584246541
STU_005,ENGR300_04975,1.9579604707674494
STU_005,BIO400_04978,3.0998977344745833
STU_005,PSYCH200_04982,3.187575254586188
STU_005,ENGL200_04984,2.9987506382442577
STU_005,MATH300_04987,2.4674313930753553
STU_005,ENGR200_04997,3.806470110699604
STU_005,CS300_05000,1.7921629694671577
STU_005,PSYCH500_05014,3.3349824179820886
STU_005,PHYS100_05019,3.0237346317989906
STU_005,STAT300_05034,2.309267353218173
STU_005,ENGR400_05038,2.9150985684823105
STU_005,ENGL300_05047,3.081643474805273
STU_005,ENGR300_05048,3.471070112851689
STU_005,ENGR400_05050,3.5489771123708085
STU_005,CS300_05064,3.010214467581954
STU_005,BIO400_05065,2.4965635257878245
STU_005,PHYS300_05124,4.034767269682583
STU_005,BIO100_05156,3.7139302576822777
STU_005,BIO200_05184,3.14339201680562
STU_005,BIO500_05204,2.884515065123062
STU_005,PSYCH300_05209,3.348715089813134
STU_005,MATH300_05221,3.2559444111406894
STU_005,ENGL500_05243,3.3790833814433316
STU_005,ENGL500_05270,3.182962523114763
STU_005,CHEM300_05292,3.9061788565575046
STU_005,MATH200_05334,2.38596245138504
STU_005,MATH300_05391,3.596707759236268
STU_005,CS300_05393,2.1600593844805225
STU_005,BIO400_05463,3.326440645550382
STU_005,CS400_05479,2.5710416352696623
STU_005,CHEM100_05508,3.3767971906649294
STU_005,STAT100_05543,4.209901835440087
STU_005,CHEM400_05546,4.053639539730669
STU_005,PHYS300_05569,3.015983380602726
STU_005,CS400_05644,2.833902169750012
STU_005,PSYCH400_05711,3.1858895515483225
STU_005,ENGL100_05719,2.2458840960579547
STU_005,ECON500_05735,3.6573702168860684
STU_005,PSYCH400_05779,3.3114307664548153
STU_005,PHYS400_05780,2.27620847773865
STU_005,PSYCH100_05825,2.915093262444448
STU_005,ENGL300_05883,3.1493436382144977
STU_005,ECON400_05909,3.073749565224661
STU_005,CS400_05924,2.790157133551548
STU_005,STAT400_05927,2.307081537424234
STU_005,ENGL100_05954,2.3206547523973966
STU_005,BIO200_05963,3.825136043859068
STU_005,ENGR100_06023,3.0991946547745295
STU_005,STAT100_06053,1.7853948839265135
STU_005,MATH500_06055,1.9190711342319788
STU_005,ENGR100_06066,2.6019106284931173
STU_005,PHYS500_06067,2.350466137047026
STU_005,ECON200_06094,2.4757189610387433
STU_005,CS100_06151,2.5058602714872373
STU_005,BIO500_06173,2.2243514491836702
STU_005,ECON500_06247,1.7074804558331231
STU_005,BIO200_06269,2.888886861115247
STU_005,BIO200_06295,4.18633689446375
STU_005,MATH400_06305,2.1578732707187167
STU_005,STAT300_06320,2.600370508137503
STU_005,CHEM400_06337,2.983631735616239
STU_005,ECON200_06376,3.0828056356831732
STU_005,ECON100_06386,3.363807854164712
STU_005,STAT100_06396,3.2407000944427513
STU_005,CHEM200_06429,2.3945451433038945
STU_005,STAT400_06482,2.9072952027120746
STU_005,ENGL200_06494,3.247767630718849
STU_005,CS500_06520,3.247512316228745
STU_005,PSYCH200_06530,2.5388120839348502
STU_005,ENGR300_06553,2.4420933640290503
STU_005,CHEM100_06578,2.568122160958022
STU_005,CS300_06606,3.7075543483390634
STU_005,CHEM200_06621,2.7360897184918893
STU_005,ENGR500_06640,1.9905756784507678
STU_005,STAT500_06671,2.9519432724099595
STU_005,ENGR400_06676,3.4044945833520703
STU_005,PSYCH300_06685,3.191981107491182
STU_005,STAT200_06689,2.920920950883295
STU_005,ECON400_06691,3.6828588570106424
STU_005,PHYS400_06730,3.6682944642807764
STU_005,ECON500_06776,1.9436887114667871
STU_005,CHEM500_06779,2.7545250109111445
STU_005,PHYS200_06786,3.094334235103692
STU_005,CHEM500_06788,3.153280589622425
STU_005,ENGR100_06818,3.550404108128921
STU_005,CHEM300_06830,2.742854079886783
STU_005,PHYS300_06838,3.0615211936524527
STU_005,ECON400_06849,2.7988118810203235
STU_005,STAT500_06888,3.663010561483558
STU_005,CS500_06898,2.8324189493445386
STU_005,PHYS500_06942,2.120114501231136
STU_005,ENGR400_07006,2.2415368813889662
STU_005,STAT400_07049,2.4320266211502855
STU_005,ENGR100_07055,2.4385764129737186
STU_005,CS200_07072,2.8656117757258963
STU_005,ENGR500_07096,4.253554918359109
STU_005,PHYS200_07131,3.825208458191558
STU_005,BIO100_07134,2.389364507013864
STU_005,MATH500_07142,3.6669281222244527
STU_005,BIO200_07182,3.0983723652543897
STU_005,ENGL100_07220,2.5352665270412453
STU_005,MATH500_07259,3.0465541229446083
STU_005,BIO200_07269,3.168544528077385
STU_005,PHYS500_07286,2.725466665512049
STU_005,PSYCH500_07288,2.0119151517141605
STU_005,PHYS100_07293,2.9098328390347765
STU_005,PHYS300_07361,2.426044878183382
STU_005,ENGR100_07371,2.797002596910538
STU_005,ENGL100_07379,3.443040721599191
STU_005,PSYCH500_07410,2.652021115845395
STU_005,MATH100_07416,3.4375386322712314
STU_005,ENGL500_07430,3.2095475782229066
STU_005,ENGR100_07434,1.893877086909019
STU_005,STAT200_07437,2.883662411803547
STU_005,STAT300_07441,2.3345564516944783
STU_005,MATH300_07450,2.8039844114869323
STU_005,PHYS400_07468,3.4511846078345276
STU_005,ENGR500_07478,3.3059538097559416
STU_005,ENGL300_07492,2.36183990830543
STU_005,ENGR300_07517,3.394003112814243
STU_005,PSYCH400_07540,3.4172152703207628
STU_005,MATH500_07555,3.6986212388077293
STU_005,ECON500_07557,3.377824906785859
STU_005,STAT400_07569,2.7338586778633776
STU_005,STAT300_07597,2.256102062576527
STU_005,MATH400_07604,2.835270980666352
STU_005,PSYCH100_07618,3.7122576532855565
STU_005,ENGL500_07620,3.241125964343089
STU_005,ENGL400_07644,2.8972543552163703
STU_005,STAT400_07661,2.7969200589753007
STU_005,MATH400_07675,3.0778072279523285
STU_005,ENGR100_07799,3.994839812206351
STU_005,ENGR300_07811,3.5200472006717587
STU_005,STAT400_07844,2.790302279696034
STU_005,ECON300_07885,3.372863131196227
STU_005,PHYS500_07911,1.1317401109643181
STU_005,ENGL300_07925,3.088967552628842
STU_005,CHEM300_07928,2.9292802057255374
STU_005,ECON500_07960,2.6904721358025383
STU_005,ECON100_07962,3.3975627141753204
STU_005,ECON200_07974,2.9760371369683893
STU_005,PSYCH500_08003,2.5417972136064555
STU_005,BIO400_08011,3.627923031403943
STU_005,BIO300_08028,2.562400602846521
STU_005,ENGL200_08066,2.3950063862334017
STU_005,ENGR500_08080,3.0686889943225295
STU_005,BIO400_08092,2.8714325727973096
STU_005,ENGR400_08131,3.0264846424472016
STU_005,ENGR500_08146,2.995117956845554
STU_005,PSYCH200_08160,2.628787938752339
STU_005,CHEM100_08169,3.011193627530283
STU_005,CHEM100_08179,2.4805838401968368
STU_005,ENGR500_08207,3.0626973866548703
STU_005,PSYCH400_08224,3.5708453349430567
STU_005,ENGR200_08237,3.2905971287921503
STU_005,PSYCH400_08253,2.539705818297011
STU_005,BIO300_08264,2.972027927037953
STU_005,ECON500_08270,3.58691341837965
STU_005,PHYS200_08281,3.450514285900234
STU_005,PSYCH100_08300,3.7492675431636244
STU_005,MATH400_08326,3.303530751147556
STU_005,BIO300_08333,2.6257871893921654
STU_005,STAT500_08342,3.7009221984252623
STU_005,PHYS300_08345,2.8526283416599094
STU_005,MATH400_08368,3.3711930322022567
STU_005,PSYCH400_08381,2.985093186231524
STU_005,PSYCH400_08383,3.497112273059121
STU_005,STAT100_08427,2.9726533162019266
STU_005,PHYS400_08460,3.262105704941697
STU_005,STAT400_08478,2.358420168844705
STU_005,BIO300_08480,2.3968264433744153
STU_005,PSYCH400_08493,2.822846431429631
STU_005,ENGL300_08508,2.5531114393671985
STU_005,BIO300_08526,3.3261531188108178
STU_005,STAT400_08527,2.6709230588813675
STU_005,CHEM100_08538,2.5892415952486645
STU_005,BIO200_08550,2.9092052931421044
STU_005,BIO200_08551,1.348171893471682
STU_005,STAT100_08559,3.255281351070968
STU_005,ECON500_08577,1.813497979496645
STU_005,CS200_08608,2.503566550821152
STU_005,CHEM400_08665,2.2187587530184043
STU_005,CHEM400_08687,2.9255440865208557
STU_005,CS300_08698,3.8147583839745822
STU_005,STAT100_08701,3.277089425688509
STU_005,ENGL500_08705,4.076439411340214
STU_005,MATH500_08752,2.917461732494774
STU_005,STAT300_08815,4.802089478987152
STU_005,ECON100_08829,3.3131220759529514
STU_005,PHYS300_08855,3.3630755553028537
STU_005,STAT500_08870,2.8893279124040836
STU_005,PHYS300_08877,3.128809110044859
STU_005,PSYCH400_08882,2.218552168151593
STU_005,BIO200_08888,2.8600313165611646
STU_005,PSYCH400_08891,3.6314510431451916
STU_005,ENGR100_08893,3.1595644950563884
STU_005,STAT400_08897,2.7781227495070167
STU_005,CHEM400_08907,2.986586740365877
STU_005,CHEM400_08949,3.6256790634209435
STU_005,ENGR300_08955,3.0935442169118192
STU_005,ENGR500_08972,3.050898106138534
STU_005,STAT100_08984,4.0525262592921445
STU_005,CHEM300_09002,3.3088650105779287
STU_005,STAT200_09036,2.754669614767437
STU_005,ENGR200_09045,2.343130704152582
STU_005,PSYCH200_09056,3.196636938046956
STU_005,ENGL100_09132,4.235453071340596
STU_005,CS200_09153,2.3277770563945195
STU_005,CHEM200_09158,1.9561189599852606
STU_005,MATH400_09170,3.1552907288609298
STU_005,ENGL400_09179,3.251992757739786
STU_005,CS400_09187,2.4088987444647976
STU_005,PHYS500_09227,2.5285693426097504
STU_005,ECON100_09230,3.357341950524053
STU_005,ECON400_09235,2.973612838401615
STU_005,CHEM500_09239,3.8102133772829694
STU_005,MATH200_09254,3.0289584442744935
STU_005,ENGL400_09264,2.2214816182505244
STU_005,ENGR100_09296,2.071071416509505
STU_005,ENGR100_09345,3.7846771989158414
STU_005,ECON200_09360,3.3051305293275597
STU_005,CHEM300_09367,1.2285795318898758
STU_005,ECON300_09384,2.550246976741253
STU_005,ENGR300_09434,3.4697720284399503
STU_005,STAT100_09435,3.401111378534257
STU_005,CHEM500_09442,3.483048397182545
STU_005,PHYS300_09457,2.507738390357406
STU_005,PHYS200_09471,3.737184157977031
STU_005,ECON200_09498,4.066435348959166
STU_005,CS100_09499,3.0483281278568204
STU_005,ECON100_09519,3.80730604006564
STU_005,ECON500_09527,2.578499460837499
STU_005,ECON200_09546,2.5372154660271735
STU_005,MATH300_09556,3.657865558280981
STU_005,PHYS400_09599,2.8758360855594867
STU_005,MATH200_09613,2.835634716762382
STU_005,CS200_09635,3.283023654312827
STU_005,ECON300_09648,2.404932396445501
STU_005,CHEM200_09718,3.1303785090041703
STU_005,ENGL200_09730,3.1726330129466036
STU_005,ENGR500_09731,2.021126826063344
STU_005,MATH400_09732,3.2610465103758886
STU_005,CS400_09773,2.4572860587107934
STU_005,STAT200_09796,2.255073770796482
STU_005,ECON100_09865,2.970408533273114
STU_005,ECON300_09872,3.896890029659736
STU_005,BIO200_09880,2.738302803108206
STU_005,MATH300_09885,2.648924637326698
STU_005,BIO400_09922,3.7447275970217366
STU_005,BIO100_09932,3.044714273078943
STU_005,ENGR400_09983,2.2587792382897836
STU_005,CS500_09990,3.699533405210218
STU_006,PSYCH100_00044,2.4523538503080244
STU_006,MATH500_00047,3.449802174012147
STU_006,ENGL400_00054,2.8874215886944903
STU_006,PSYCH400_00059,2.857196886515095
STU_006,PHYS200_00071,2.204706985879437
STU_006,PHYS500_00091,3.4183966852559013
STU_006,MATH300_00092,2.6925809901919626
STU_006,PSYCH400_00105,3.1749439253459917
STU_006,ENGL500_00110,2.7221042998837475
STU_006,ENGR400_00144,3.8643262686496156
STU_006,PSYCH100_00183,2.435007438475445
STU_006,ECON300_00199,3.0390140932228005
STU_006,CS200_00205,3.1264435172310456
STU_006,BIO500_00208,3.2178806137994562
STU_006,ECON300_00258,3.0464643079547726
STU_006,ENGL400_00265,3.490802714902061
STU_006,CHEM200_00278,2.9135151796187904
STU_006,STAT500_00281,2.2701463443898944
STU_006,MATH200_00285,3.972575168416237
STU_006,ENGL300_00296,3.558497165218151
STU_006,BIO100_00322,2.8221370161495694
STU_006,CS500_00365,3.2477871926216726
STU_006,CHEM500_00379,2.976694280859464
STU_006,ENGR500_00392,3.322462975480763
STU_006,CHEM500_00403,3.6431169132138144
STU_006,ENGL100_00409,2.528003640957146
STU_006,CS500_00418,2.104091333468648
STU_006,ENGL100_00424,3.339632214350683
STU_006,MATH500_00427,2.267820028315656
STU_006,PHYS100_00434,2.43230610525193
STU_006,CHEM300_00437,2.992950327887574
STU_006,ECON300_00461,2.948411034541465
STU_006,MATH500_00470,3.126253819428882
STU_006,CHEM300_00497,3.1490773016097795
STU_006,BIO400_00509,3.2893856342512673
STU_006,PHYS200_00516,2.4682122608352084
STU_006,ENGL200_00522,3.004031530097393
STU_006,STAT500_00523,2.222808812653003
STU_006,CHEM100_00525,2.9538026313595513
STU_006,CHEM500_00529,2.657007150681117
STU_006,CS200_00552,3.627119500983713
STU_006,STAT500_00568,3.3548981034299716
STU_006,CS100_00569,2.8833038806700353
STU_006,MATH300_00579,2.337099972845793
STU_006,STAT100_00593,3.9477076053814093
STU_006,PHYS100_00597,2.0798852366865197
STU_006,BIO400_00631,2.051194851847122
STU_006,PHYS300_00647,2.119304403067802
STU_006,STAT200_00675,3.154118164611652
STU_006,PSYCH400_00691,1.3183107785409143
STU_006,BIO100_00743,3.1181943128833924
STU_006,MATH400_00754,1.8735696677973432
STU_006,ENGR200_00761,3.308407804335351
STU_006,PSYCH100_00769,3.80655687643746
STU_006,ECON100_00788,3.2058882847743515
STU_006,PSYCH300_00827,3.2108049369697125
STU_006,STAT200_00873,3.163588879589109
STU_006,CS400_00892,3.005175145123228
STU_006,PHYS300_00908,3.252132826804571
STU_006,ENGR400_00920,3.3323128433272444
STU_006,PSYCH500_00941,3.4678688353506084
STU_006,PHYS500_00946,2.8615387651242377
STU_006,ENGR300_00969,1.447418065929162
STU_006,MATH100_01048,4.184188442346731
STU_006,STAT400_01051,3.3111789056580463
STU_006,MATH200_01057,2.43062857835906
STU_006,STAT300_01069,2.9197558750633856
STU_006,CHEM300_01080,3.381212146504366
STU_006,CS200_01084,2.7779570355854877
STU_006,STAT500_01091,3.5169353922784947
STU_006,STAT300_01113,2.359504322275844
STU_006,ENGR300_01170,3.938496892568656
STU_006,PSYCH100_01237,3.2755599644906273
STU_006,ECON400_01245,4.484483476494629
STU_006,PHYS500_01254,2.9178556697715456
STU_006,ENGR500_01270,2.9601705075554023
STU_006,ENGL500_01276,3.7414112626068188
STU_006,ENGR100_01278,3.3551913300373992
STU_006,PSYCH200_01307,2.808228892619648
STU_006,ENGL500_01322,3.779691953356192
STU_006,PHYS500_01327,2.757994707024794
STU_006,CHEM500_01331,2.469916355248041
STU_006,ENGL200_01354,3.5883248764420936
STU_006,PSYCH100_01362,3.374061560252065
STU_006,BIO200_01373,3.754374395330905
STU_006,ENGR100_01403,2.3760453559964985
STU_006,PSYCH100_01415,3.452140517049407
STU_006,CHEM200_01419,2.9948820948372368
STU_006,MATH400_01421,2.5114587685019503
STU_006,PHYS300_01448,2.6006479917248164
STU_006,PHYS500_01494,3.091396759801366
STU_006,ENGL400_01547,2.928494076325774
STU_006,CHEM400_01552,3.378407054639118
STU_006,PHYS100_01563,2.590637089668589
STU_006,MATH100_01578,2.749337386311108
STU_006,PSYCH400_01605,3.5665875335653903
STU_006,CHEM200_01610,2.3249974434965868
STU_006,STAT400_01652,4.21555017387504
STU_006,PSYCH200_01681,3.171279195001632
STU_006,STAT500_01715,2.6903319049343506
STU_006,PSYCH300_01724,2.016743471380347
STU_006,CS400_01740,3.2926432392867593
STU_006,CS200_01782,4.028393663311579
STU_006,CHEM300_01807,3.8173063611513514
STU_006,PHYS500_01863,2.574923975739101
STU_006,BIO400_01914,3.6574988739048027
STU_006,PHYS500_01922,3.5062727609758233
STU_006,PHYS300_01937,2.554614301198901
STU_006,PHYS400_01941,2.851509052222615
STU_006,BIO500_01954,2.7450986111614624
STU_006,ENGR300_01998,3.5487461485443044
STU_006,STAT300_02037,3.27558052594535
STU_006,CHEM300_02078,2.210330900866225
STU_006,PSYCH100_02087,2.201148113579736
STU_006,ENGL400_02116,3.0262083045006403
STU_006,CS300_02129,3.6202727443124787
STU_006,PHYS500_02130,2.869361083128693
STU_006,PHYS200_02144,3.2299970721180054
STU_006,STAT200_02154,2.9489632500477283
STU_006,STAT300_02209,2.6924201168943607
STU_006,ENGR200_02222,3.225656109235466
STU_006,CHEM200_02250,3.2276817749238482
STU_006,ENGL300_02258,3.4285657386382766
STU_006,CHEM200_02260,3.891178101576174
STU_006,MATH300_02318,3.9643449439493956
STU_006,ECON400_02403,3.407694630365352
STU_006,PSYCH200_02426,3.085939485615155
STU_006,PSYCH100_02445,2.814620026877858
STU_006,ENGL500_02461,2.133949598817158
STU_006,ENGL300_02466,3.138110478680275
STU_006,BIO300_02472,2.619595956526285
STU_006,ENGL300_02497,2.7830579715307304
STU_006,ENGL100_02543,3.2927898479860866
STU_006,CHEM100_02557,2.392125758444209
STU_006,ENGL400_02573,2.1530159783329075
STU_006,ENGL400_02576,2.3197901862945898
STU_006,MATH300_02578,3.3890734379704006
STU_006,MATH400_02582,2.799692789598966
STU_006,ENGL400_02590,4.406851791559754
STU_006,CS300_02601,4.832361202368843
STU_006,CHEM100_02616,3.3339881492161467
STU_006,ENGR100_02648,1.754793401751885
STU_006,CS200_02695,2.245978922459186
STU_006,PSYCH300_02721,3.3625130676053243
STU_006,ECON400_02743,3.5714635684338902
STU_006,STAT100_02774,1.8961225337894065
STU_006,STAT200_02802,4.07891998521084
STU_006,ECON100_02849,3.883673375278353
STU_006,ENGL500_02866,3.120617010306616
STU_006,STAT200_02887,3.481822455460916
STU_006,PHYS100_02913,3.447134445007574
STU_006,ECON100_02914,2.368435237174383
STU_006,CHEM400_02953,2.442249399046876
STU_006,STAT400_02964,3.6596777583520868
STU_006,ECON400_02972,2.682860677934088
STU_006,STAT200_02983,3.3850742168410957
STU_006,CHEM100_03026,3.1262889574236086
STU_006,ENGL200_03027,3.4597353525508168
STU_006,BIO100_03080,2.7366032033478414
STU_006,PSYCH400_03083,2.790692362618177
STU_006,CS100_03121,3.7111573869393037
STU_006,ENGR400_03125,2.7795241100436336
STU_006,PHYS100_03141,2.620696403577032
STU_006,BIO500_03146,3.3314705147917203
STU_006,CS300_03161,1.9836054785413961
STU_006,ECON400_03162,2.808279215333343
STU_006,ENGR500_03163,3.5048113832949293
STU_006,CS500_03166,2.5392673460273665
STU_006,ENGR200_03193,2.804841164769887
STU_006,ECON200_03194,3.514201744370863
STU_006,ENGR200_03244,2.3524614386088003
STU_006,ENGR400_03253,2.7089509523292796
STU_006,CHEM100_03263,3.0202998012583673
STU_006,ENGL500_03264,2.745303527907787
STU_006,MATH200_03269,1.8410910947061767
STU_006,ENGR100_03294,3.4681955209427007
STU_006,PSYCH200_03375,4.037225022244787
STU_006,ENGR500_03388,3.197164589212715
STU_006,PHYS500_03390,2.684366456904337
STU_006,CHEM500_03409,3.074233972203434
STU_006,ENGL200_03412,3.2068392064633464
STU_006,CS300_03472,3.1698774685944624
STU_006,CHEM100_03476,2.5292798886371815
STU_006,CHEM100_03484,1.7692047707502423
STU_006,CHEM100_03493,2.850960189289472
STU_006,ENGL500_03497,2.923572346493763
STU_006,MATH500_03507,2.5604391281992314
STU_006,MATH500_03518,3.771540573654162
STU_006,ENGL300_03525,3.352715608584828
STU_006,BIO500_03543,3.346026593750141
STU_006,PHYS100_03553,2.7525157205979367
STU_006,ENGL200_03555,3.440819708062183
STU_006,STAT100_03600,3.091591219737701
STU_006,BIO500_03610,2.8525868420639853
STU_006,ECON500_03643,3.4944129629778278
STU_006,PSYCH200_03651,2.901722981292703
STU_006,CS200_03652,2.538843463043458
STU_006,PHYS400_03653,2.6292810319465127
STU_006,STAT300_03654,1.2545874463711357
STU_006,CS300_03665,2.6887842742557577
STU_006,CS300_03702,2.6917150475990836
STU_006,ECON500_03722,2.4808863830207355
STU_006,ECON500_03733,2.9838268727090176
STU_006,STAT500_03748,2.0868185661765657
STU_006,PSYCH500_03805,2.0452215798328406
STU_006,CS500_03811,3.1891214100406664
STU_006,ENGL400_03846,1.9917192009420983
STU_006,ECON500_03864,3.5604382659667646
STU_006,STAT100_03866,2.6327559572122925
STU_006,CS300_03871,3.1130400485846925
STU_006,CS100_03891,2.7675405245988105
STU_006,MATH500_03922,3.257501535158923
STU_006,ENGL200_03924,3.860551468730135
STU_006,MATH200_03985,2.1568304282273214
STU_006,ENGR500_04000,3.4144868394172914
STU_006,ECON300_04099,2.468406077410057
STU_006,ECON100_04157,3.7840854177812813
STU_006,ENGR300_04189,3.019573133739225
STU_006,STAT100_04260,3.5695561706485197
STU_006,CHEM100_04277,2.3028092107759095
STU_006,ENGL200_04281,2.248616520381887
STU_006,PSYCH200_04292,2.6722602445551136
STU_006,CHEM300_04330,1.9188730760817334
STU_006,BIO100_04370,2.379201442351391
STU_006,PSYCH200_04410,2.698102679519597
STU_006,STAT300_04428,3.0892576913656735
STU_006,STAT200_04468,3.1824314082721052
STU_006,PSYCH400_04472,3.8911657951856187
STU_006,BIO200_04496,3.0829465495302735
STU_006,PHYS200_04594,3.286134719331798
STU_006,STAT200_04615,3.441332721620126
STU_006,MATH200_04644,2.8196835759864913
STU_006,ENGR400_04653,2.2761753989956706
STU_006,CS200_04655,3.0799172357187112
STU_006,CS400_04672,3.035914777438009
STU_006,MATH400_04707,1.255037171484184
STU_006,PSYCH200_04712,2.613262723484335
STU_006,ENGR100_04734,2.8960761805841613
STU_006,PSYCH100_04741,3.4760609440218238
STU_006,ENGR400_04748,2.6270997905414584
STU_006,ENGR400_04763,1.9874325517051397
STU_006,PHYS200_04774,2.863014568432167
STU_006,MATH500_04822,3.2076614599955207
STU_006,CS500_04832,2.860234793992579
STU_006,ECON400_04853,1.8384840767595225
STU_006,CHEM400_04869,3.247472965024652
STU_006,ECON100_04911,2.4626867970358566
STU_006,ENGL300_04923,3.4164327961281953
STU_006,ENGL400_04938,2.8943060853714893
STU_006,CHEM300_04981,3.7175912876164086
STU_006,PSYCH500_05014,2.765829446505193
STU_006,PSYCH100_05072,3.7505169442153856
STU_006,CHEM500_05081,3.6817077013158137
STU_006,STAT300_05091,3.6656241411124904
STU_006,ENGR400_05099,2.839968241668439
STU_006,CHEM300_05121,3.1207582869060366
STU_006,PHYS500_05123,3.2108135486177916
STU_006,PHYS500_05161,2.3778226141224974
STU_006,PHYS100_05186,3.1674202502091884
STU_006,ENGL400_05216,3.9011135529391767
STU_006,ENGL400_05222,2.8884548548074283
STU_006,ENGL200_05245,3.4718170398442734
STU_006,CHEM300_05320,3.267760088682495
STU_006,PSYCH400_05342,2.9115814590436333
STU_006,ENGR100_05361,2.5485824539593596
STU_006,CHEM500_05370,1.8461288357151435
STU_006,STAT300_05376,2.991468563049331
STU_006,ENGL100_05382,2.559137418867476
STU_006,BIO100_05385,3.757779647833135
STU_006,STAT300_05386,3.729535771528851
STU_006,PSYCH300_05403,2.8742253886614924
STU_006,STAT500_05440,2.333581099461894
STU_006,PHYS400_05441,3.0853300842833655
STU_006,CS300_05450,2.818485139975529
STU_006,CS100_05467,3.2741616823495647
STU_006,ECON300_05473,2.8712021687497304
STU_006,ENGL100_05475,3.0256028067555936
STU_006,BIO100_05488,2.8588109298538833
STU_006,MATH400_05519,4.312808540098273
STU_006,PSYCH200_05568,4.1659072991019075
STU_006,CS300_05593,1.862176269027874
STU_006,PHYS200_05596,2.9647272384283423
STU_006,ENGR200_05601,3.5042456935994064
STU_006,CHEM100_05648,3.181926958081178
STU_006,ENGR300_05694,3.047773120956139
STU_006,MATH100_05701,2.684790710450427
STU_006,CS300_05712,2.9320802717760426
STU_006,PSYCH400_05723,4.054606341955125
STU_006,MATH300_05733,2.4565279097758292
STU_006,ENGL200_05737,2.60689708355551
STU_006,ENGL400_05743,2.657945430046298
STU_006,CHEM300_05758,3.02665850239423
STU_006,STAT400_05809,2.274698519126398
STU_006,CS100_05810,2.9310054948476947
STU_006,ECON300_05811,2.3803852707375994
STU_006,PSYCH100_05825,4.224838425613306
STU_006,MATH500_05826,1.99068390522581
STU_006,MATH200_05842,1.8291920787265847
STU_006,BIO500_05872,2.2842471844288785
STU_006,CS500_05894,1.9208774224475713
STU_006,PSYCH400_05897,3.534077579149501
STU_006,MATH300_05976,1.590733745170287
STU_006,ECON300_05985,1.868240146166281
STU_006,ENGL300_06006,2.3058645430085645
STU_006,ENGL200_06013,2.964877273202911
STU_006,ECON100_06081,3.5777574713851132
STU_006,PHYS300_06086,4.4967778542639545
STU_006,MATH100_06119,3.8420509471342092
STU_006,CS100_06121,2.9010452170174807
STU_006,ECON300_06181,3.6707981909375555
STU_006,PHYS100_06183,2.7838376899262283
STU_006,PSYCH300_06184,2.92131859340735
STU_006,ECON500_06212,3.2128358818882314
STU_006,STAT400_06217,3.0718057233944593
STU_006,CHEM200_06241,3.3730669079007134
STU_006,STAT400_06242,3.4093434614947835
STU_006,PSYCH100_06273,2.5828833413951737
STU_006,BIO400_06293,3.1133174746669927
STU_006,CS100_06308,3.2090548432533264
STU_006,PSYCH400_06312,3.044217527409921
STU_006,ENGR100_06353,2.5236071986125834
STU_006,BIO100_06358,2.6661137794146557
STU_006,ECON300_06368,3.2230242403193405
STU_006,PSYCH300_06380,3.2006795143948743
STU_006,CHEM400_06445,2.44486890687184
STU_006,STAT100_06471,2.005590754122365
STU_006,PSYCH500_06490,3.6225123137348176
STU_006,ECON400_06533,3.6386016213938497
STU_006,PSYCH200_06545,2.7062375526665576
STU_006,CHEM400_06547,3.220201189962473
STU_006,ENGR400_06555,4.149859518757447
STU_006,PSYCH400_06556,4.213776904473726
STU_006,PSYCH500_06562,3.829748023347539
STU_006,MATH100_06565,2.1578575731692204
STU_006,ECON300_06599,2.4085543267945075
STU_006,CS200_06603,3.0851713144640147
STU_006,ENGL500_06644,2.568367658142604
STU_006,STAT100_06680,2.9290550434655653
STU_006,BIO300_06717,3.8018216528027984
STU_006,CS400_06733,3.427617339502819
STU_006,PSYCH200_06757,3.3143456780587894
STU_006,BIO300_06763,4.067106159452867
STU_006,CS300_06798,3.019285490117919
STU_006,STAT400_06819,2.5732771894276016
STU_006,PHYS200_06820,1.1568136310051413
STU_006,BIO400_06854,2.974816618357513
STU_006,STAT200_06858,2.181364733049751
STU_006,CHEM500_06861,2.5092004672470853
STU_006,ECON300_06947,3.8559307122907116
STU_006,ENGL500_06996,2.4784950428460952
STU_006,PSYCH200_07016,4.167077550910186
STU_006,PSYCH100_07023,2.834703543675088
STU_006,BIO400_07054,3.0778430239457832
STU_006,ENGL300_07075,2.3059040905736405
STU_006,MATH300_07080,3.923642361559525
STU_006,MATH300_07087,3.0470983232428126
STU_006,PHYS500_07088,2.089962859539521
STU_006,BIO100_07094,3.701749242436277
STU_006,CS100_07132,2.689387584774411
STU_006,ECON100_07150,3.1234198440527425
STU_006,BIO400_07175,3.546609328969267
STU_006,BIO200_07177,2.5022333479623224
STU_006,BIO300_07179,2.87181636045378
STU_006,BIO100_07199,3.009817280494474
STU_006,PHYS100_07202,2.1552035095583406
STU_006,STAT300_07208,2.9567979652155225
STU_006,ENGR300_07216,2.663189344626987
STU_006,MATH300_07222,2.2106082939244613
STU_006,CS400_07251,3.5956265963262806
STU_006,PHYS100_07264,3.114593207695606
STU_006,PSYCH400_07276,1.6776547852438104
STU_006,MATH200_07304,3.5189121847545506
STU_006,BIO200_07315,2.7863198646126315
STU_006,MATH400_07322,4.53277600623562
STU_006,CHEM100_07339,1.8501957764842083
STU_006,MATH500_07345,3.111707536912308
STU_006,STAT200_07377,2.603167089284177
STU_006,MATH200_07470,3.1206264396237313
STU_006,CS500_07472,2.667838572459433
STU_006,ECON100_07475,3.1029433763840846
STU_006,BIO100_07491,2.3510695972959863
STU_006,STAT200_07508,2.6471734598696623
STU_006,STAT200_07518,4.105244800261747
STU_006,ECON500_07557,2.1065724737316245
STU_006,STAT400_07569,3.4578129341771557
STU_006,ENGR500_07590,3.645759319792557
STU_006,ENGR500_07594,3.3368627626709255
STU_006,CHEM500_07631,2.0686516032437408
STU_006,BIO400_07634,2.9954238073177635
STU_006,PSYCH400_07648,2.574043463952329
STU_006,MATH500_07695,3.179690227548824
STU_006,PHYS100_07697,2.652579109107625
STU_006,STAT100_07701,3.0435778518267878
STU_006,ECON200_07706,2.771513610034959
STU_006,PSYCH500_07785,2.3864889388043653
STU_006,BIO100_07814,3.469269581194042
STU_006,ENGR200_07835,2.7168534704610963
STU_006,ENGR200_07839,2.6021340219231983
STU_006,MATH300_07876,3.242804184377473
STU_006,BIO200_07930,2.2393006137768134
STU_006,ENGR100_07936,4.589094668457093
STU_006,PHYS300_07975,2.355581941784695
STU_006,BIO500_07977,2.739105500203043
STU_006,CS100_07979,3.008412631856957
STU_006,PHYS300_07980,2.85525127719377
STU_006,MATH200_08030,3.150519282752594
STU_006,ECON100_08043,3.068248092347439
STU_006,STAT100_08082,2.610009507183406
STU_006,PSYCH500_08100,3.871078803037118
STU_006,ENGR300_08118,3.174446272086883
STU_006,STAT300_08122,1.5277987118910694
STU_006,ENGL200_08229,2.7564482681660802
STU_006,CS200_08242,2.118182224174724
STU_006,ENGR300_08259,2.0754621715983066
STU_006,ENGR400_08261,3.1247563312622626
STU_006,CS500_08310,2.800932043663938
STU_006,MATH500_08312,2.5181935922628407
STU_006,BIO200_08318,3.420366017155045
STU_006,CS200_08356,2.967008171466672
STU_006,ENGL500_08372,3.11163238412796
STU_006,ENGR100_08388,2.8219452448143887
STU_006,ENGR500_08409,3.2695618754958513
STU_006,ENGL200_08410,2.7616106029493945
STU_006,STAT300_08439,3.6004042282092166
STU_006,CHEM200_08444,2.8324907365309597
STU_006,BIO300_08526,3.263837035452688
STU_006,ECON500_08577,2.6260451622092225
STU_006,STAT100_08590,3.132166102524299
STU_006,CS200_08608,3.8997185308276183
STU_006,PSYCH500_08619,3.5866256371176126
STU_006,PSYCH300_08630,3.2472231362214794
STU_006,ENGR100_08642,3.471333521084255
STU_006,PSYCH100_08679,3.4871814008229167
STU_006,CHEM100_08683,2.8935694080347254
STU_006,PSYCH200_08745,3.459866967688475
STU_006,CHEM200_08748,2.791267090634289
STU_006,CHEM300_08751,3.1671613274202666
STU_006,ECON200_08788,2.753336754106599
STU_006,PHYS300_08821,3.236655328449091
STU_006,STAT500_08845,3.4304374143043557
STU_006,CS200_08846,2.739132141318267
STU_006,PHYS300_08877,3.4440892180234504
STU_006,ECON200_08880,3.1308633748161796
STU_006,MATH500_08906,2.8725685573870408
STU_006,PSYCH200_08911,3.782294032871989
STU_006,ECON200_08953,2.6700136812910995
STU_006,ENGR300_08955,4.178370984909441
STU_006,ENGL500_08956,3.1294826321902467
STU_006,ENGR200_08959,2.817854393437421
STU_006,ENGR300_09041,2.353688028325637
STU_006,MATH500_09069,3.6132322157992145
STU_006,BIO400_09085,2.291332647802263
STU_006,CS500_09124,2.9423769456463558
STU_006,CHEM300_09125,3.0605777134522203
STU_006,PSYCH500_09135,2.4934133083979653
STU_006,ECON500_09140,2.8838724143028043
STU_006,ENGR400_09171,3.237442550181738
STU_006,CS400_09187,2.6147057700321383
STU_006,PSYCH400_09199,2.996592563419577
STU_006,BIO500_09208,2.289711991957572
STU_006,PSYCH400_09214,2.3326014032228657
STU_006,CHEM200_09225,3.083898084269508
STU_006,BIO100_09243,3.1547598445562604
STU_006,CHEM400_09262,2.5665448647780997
STU_006,STAT300_09272,3.0239683898836036
STU_006,PHYS200_09273,3.120142750423074
STU_006,BIO300_09295,1.9276018298213686
STU_006,ECON100_09305,3.1668336509522694
STU_006,CS500_09324,3.5368473461108767
STU_006,PHYS500_09344,2.4995505900435093
STU_006,STAT400_09365,3.705855067558387
STU_006,MATH400_09374,2.688483650904892
STU_006,MATH500_09379,4.01878804156558
STU_006,PSYCH200_09412,3.7762397359233884
STU_006,ECON100_09419,2.592507284492845
STU_006,STAT500_09430,3.8659036718487854
STU_006,ENGR400_09481,3.2617160122367497
STU_006,CS100_09499,3.7944849376531993
STU_006,ECON200_09503,3.1057400148832848
STU_006,ENGL300_09506,3.1652382533307577
STU_006,ECON200_09521,3.7304114325758038
STU_006,ECON400_09528,2.4924707985621604
STU_006,PHYS200_09529,2.7321673944571567
STU_006,PHYS400_09542,3.869753404022833
STU_006,PSYCH200_09545,3.1674494830473234
STU_006,PSYCH200_09553,4.126555957458319
STU_006,ENGR100_09576,3.7666384471329666
STU_006,CHEM500_09593,2.5876840391926685
STU_006,CS200_09633,1.1929495497706954
STU_006,PHYS500_09637,3.419549568455837
STU_006,ENGL300_09642,2.7997606110110853
STU_006,ENGL100_09694,3.9141452802079217
STU_006,ENGL500_09711,2.221509235381638
STU_006,PHYS400_09734,3.4601555735873593
STU_006,MATH500_09737,2.8632258593783537
STU_006,ECON400_09790,3.0457156590669583
STU_006,BIO200_09792,2.7443096408117293
STU_006,BIO100_09810,3.5393542139370657
STU_006,ENGR200_09818,3.245273734486518
STU_006,ENGL100_09833,3.104294179780003
STU_006,CS200_09858,4.626897189465256
STU_006,CHEM400_09888,3.659329670690619
STU_006,ENGR400_09894,2.5777183971346567
STU_006,CS100_09895,2.5042419777841554
STU_006,CHEM500_09925,2.3375070083175307
STU_006,ENGL200_09987,2.081626078700133
STU_007,ENGR300_00031,2.7688779055599007
STU_007,MATH400_00076,1.904884268171583
STU_007,PHYS100_00130,3.0867857529636034
STU_007,PHYS300_00138,2.9009747813888214
STU_007,PHYS300_00173,3.6327111406718426
STU_007,CS400_00189,3.2164409417972113
STU_007,PSYCH400_00232,2.9366849128047776
STU_007,BIO400_00268,4.203877999262195
STU_007,PSYCH200_00283,3.702939794101718
STU_007,PSYCH500_00305,3.4300221828416517
STU_007,ECON500_00319,3.5780486811648773
STU_007,ENGR100_00337,2.1366111690498384
STU_007,MATH400_00344,3.870694041561339
STU_007,PSYCH200_00350,1.7336298293856007
STU_007,MATH100_00358,2.9286281573256536
STU_007,CHEM200_00371,3.050251213521038
STU_007,ENGL300_00378,4.051894627876089
STU_007,ECON300_00393,3.077802243860704
STU_007,BIO100_00415,2.9707698243471388
STU_007,STAT400_00435,2.3016212329319856
STU_007,STAT100_00454,3.712664198849642
STU_007,CHEM500_00529,2.331852228065527
STU_007,MATH200_00545,2.8713922995015313
STU_007,CS100_00569,2.5752420713957824
STU_007,PHYS400_00578,3.194701632709999
STU_007,PSYCH400_00595,3.6436501112782156
STU_007,PHYS400_00600,2.5579495679354474
STU_007,STAT400_00603,2.537500545645106
STU_007,STAT400_00612,3.052050808373302
STU_007,STAT300_00625,2.433752269216698
STU_007,ECON300_00633,3.374346067098335
STU_007,ECON400_00649,2.374492808127515
STU_007,ECON300_00665,2.4791465943030278
STU_007,CS400_00673,2.822013452832536
STU_007,MATH100_00688,3.6434213255382093
STU_007,ECON200_00704,2.700213197038578
STU_007,STAT500_00716,2.1753396904533173
STU_007,BIO300_00775,3.280023767189203
STU_007,ENGL200_00784,3.3686848975244015
STU_007,PSYCH500_00800,2.616231574850314
STU_007,ENGR400_00809,3.740261317604843
STU_007,ECON200_00810,2.5702129554255704
STU_007,STAT500_00820,3.309233298343996
STU_007,PSYCH300_00830,3.0411821784722846
STU_007,STAT200_00875,3.7515053663688134
STU_007,PSYCH400_00932,2.609520521856349
STU_007,CS100_00954,2.3674558454769525
STU_007,ECON100_00960,3.1118206606277994
STU_007,CS300_00992,3.065084112591977
STU_007,STAT100_01061,2.6768786267322087
STU_007,ENGL500_01078,3.373784622429988
STU_007,CS300_01106,2.889300562294823
STU_007,STAT200_01110,2.169172356372064
STU_007,STAT300_01120,2.3428400994214993
STU_007,PHYS300_01132,2.0607259782285436
STU_007,STAT100_01181,2.6308590604564257
STU_007,BIO100_01190,2.554905426562731
STU_007,CS200_01197,2.412531399885272
STU_007,MATH400_01207,3.7567752951565665
STU_007,ECON500_01231,2.3006785830823158
STU_007,PHYS500_01253,2.995127348338211
STU_007,MATH400_01274,2.8002680007011684
STU_007,ENGL500_01276,1.8612950960698225
STU_007,ENGL300_01296,2.3332883355643173
STU_007,MATH300_01311,3.187283296968146
STU_007,CS100_01334,2.0652017011789936
STU_007,BIO200_01373,3.293385777777637
STU_007,CHEM500_01376,2.9004869689519555
STU_007,ENGR100_01383,3.9598795677192298
STU_007,ENGL300_01458,3.412139759249811
STU_007,ENGL300_01463,3.862890938790902
STU_007,PHYS200_01500,3.5719069358365023
STU_007,BIO200_01506,2.160360854773563
STU_007,CS300_01582,2.7161561570292223
STU_007,CS400_01616,1.9158107659967727
STU_007,PSYCH100_01617,3.621061069439811
STU_007,PSYCH200_01681,2.6352505154264385
STU_007,STAT200_01688,2.6575260221582058
STU_007,PSYCH100_01692,2.9669883588971526
STU_007,CHEM400_01705,3.672186724457616
STU_007,CHEM400_01710,3.1346474721513307
STU_007,STAT300_01720,3.1853146936092784
STU_007,ENGL100_01727,2.373817718094929
STU_007,PSYCH200_01735,2.51507876024658
STU_007,PSYCH200_01776,2.310701181578923
STU_007,ENGL300_01778,2.5007886706299143
STU_007,STAT300_01792,4.02053050326994
STU_007,CS100_01796,3.4949773549821237
STU_007,ENGL300_01811,3.44161186990249
STU_007,CHEM300_01814,2.4182882541418307
STU_007,ENGR500_01827,3.4721145844872976
STU_007,STAT300_01828,2.2246220657197386
STU_007,STAT100_01881,2.9239683239852874
STU_007,MATH200_01886,2.4702929806711906
STU_007,CHEM200_01913,3.5469883600839673
STU_007,BIO500_01918,3.5713245106989286
STU_007,PHYS300_01939,2.7624227456789776
STU_007,PSYCH400_01940,3.0288542682393054
STU_007,BIO400_01988,2.738962007591362
STU_007,PSYCH100_02006,2.547401780739192
STU_007,PSYCH100_02048,3.514776038949042
STU_007,PSYCH400_02077,2.5767104523810156
STU_007,PHYS100_02131,2.717034322698133
STU_007,PSYCH400_02136,2.8114819796481316
STU_007,ECON200_02156,2.3314179343770944
STU_007,STAT400_02181,2.8827520992867313
STU_007,PSYCH300_02201,2.5937973838233246
STU_007,CS500_02248,3.195495268422713
STU_007,MATH400_02259,3.0184669761769203
STU_007,PHYS300_02264,3.2524483825573522
STU_007,CHEM500_02288,2.9632366225580555
STU_007,ENGR300_02293,3.1259333579201387
STU_007,ENGR500_02299,2.355308107415315
STU_007,PHYS400_02330,3.0403545640555345
STU_007,BIO200_02366,3.083289940112236
STU_007,CS200_02367,3.139400514829686
STU_007,PSYCH200_02381,3.5415541946526385
STU_007,CS100_02411,1.4441433965443173
STU_007,BIO400_02416,4.15561678831525
STU_007,STAT500_02432,3.069468879642139
STU_007,STAT100_02435,2.511905236559975
STU_007,PSYCH100_02445,3.1474691494601226
STU_007,CS300_02451,3.525943191921276
STU_007,PSYCH100_02453,2.0147065191129627
STU_007,PSYCH300_02455,2.8946347084416595
STU_007,PSYCH500_02457,2.904126170067107
STU_007,ENGL300_02459,2.8685165233527203
STU_007,CHEM200_02482,2.344534319207035
STU_007,CHEM300_02526,3.1931845315924616
STU_007,ENGL400_02576,3.1411525918129133
STU_007,ENGR100_02583,2.7374408835559367
STU_007,STAT500_02599,3.048175185442956
STU_007,ENGL500_02610,2.940672214450507
STU_007,ENGR300_02611,3.3175544938147974
STU_007,ECON200_02652,3.3360275357161147
STU_007,ENGL200_02680,3.729770519781469
STU_007,CHEM400_02696,3.8279139616509683
STU_007,ECON100_02796,3.026449559673572
STU_007,MATH500_02803,3.6635163138225275
STU_007,CS200_02810,3.389526688721024
STU_007,CHEM400_02871,2.0961021796448818
STU_007,BIO500_02891,2.8496221598515543
STU_007,ECON100_02892,3.391386958162041
STU_007,ECON500_02906,3.757936152464249
STU_007,ENGL300_02941,3.8893305013630615
STU_007,CS500_02965,2.398921698327387
STU_007,PHYS300_02989,2.63550576898068
STU_007,MATH200_03053,2.8562717298514793
STU_007,BIO200_03116,2.793833409767864
STU_007,PSYCH300_03119,2.5801884817696505
STU_007,ENGR400_03125,2.404667903673959
STU_007,MATH100_03139,2.6372332301323156
STU_007,CS300_03145,2.528070144580241
STU_007,BIO500_03146,3.701414227668533
STU_007,ENGR400_03150,2.67929974637988
STU_007,ENGL200_03171,2.9526119919012546
STU_007,PHYS400_03212,3.6153856536368174
STU_007,CHEM300_03217,2.1642962400629315
STU_007,MATH300_03236,2.596121507853841
STU_007,CS300_03289,3.0378424481652746
STU_007,MATH400_03303,2.321918810141403
STU_007,ECON400_03336,2.7084271226007566
STU_007,ECON200_03348,3.3822416636827883
STU_007,MATH400_03370,3.3568266929155475
STU_007,STAT400_03391,2.361411338044364
STU_007,CHEM500_03409,2.91295917651416
STU_007,ECON100_03416,3.045296993396933
STU_007,STAT100_03417,2.498812175032661
STU_007,CS500_03468,3.0396684360017483
STU_007,CHEM100_03493,2.1851237097126797
STU_007,PSYCH500_03540,3.0272508752653264
STU_007,ENGR500_03566,2.339176758479464
STU_007,PHYS500_03584,2.593798554546232
STU_007,ENGR400_03589,2.96612085848542
STU_007,CHEM300_03637,1.8522436485280855
STU_007,STAT300_03708,2.0464197609018706
STU_007,ENGL100_03711,2.921403627876326
STU_007,ECON200_03738,2.8410200471768428
STU_007,STAT100_03762,3.2680939252985834
STU_007,CHEM400_03825,3.0708259304765444
STU_007,PHYS300_03836,2.6020101119059555
STU_007,PHYS100_03847,3.1999317778857885
STU_007,PSYCH500_03850,3.23767323452501
STU_007,ENGL500_03851,2.726277487475519
STU_007,PSYCH500_03863,2.0464689512300853
STU_007,ENGR400_03954,2.4812887626331057
STU_007,PSYCH200_03984,2.4966956627686336
STU_007,CS500_03998,2.9552287614934594
STU_007,CHEM100_04004,3.1050714186502515
STU_007,ECON300_04020,2.7258483667317948
STU_007,ENGL100_04024,2.1961017442181543
STU_007,PSYCH400_04052,2.9679550522607583
STU_007,ENGL100_04085,3.320608454564225
STU_007,MATH500_04139,3.4214036512445176
STU_007,PSYCH300_04222,2.033421337858037
STU_007,PSYCH200_04223,2.9583907549382378
STU_007,BIO500_04252,3.055485069776807
STU_007,CHEM300_04314,3.702435039941627
STU_007,PSYCH200_04315,3.024673669789158
STU_007,STAT500_04321,3.2536323219268404
STU_007,ENGR200_04341,3.1336510521245953
STU_007,BIO200_04349,3.257471048523882
STU_007,CHEM400_04354,3.564835995328225
STU_007,PHYS500_04373,3.2532419106930326
STU_007,STAT400_04395,2.8431044061752644
STU_007,PHYS500_04404,2.989721483218671
STU_007,BIO100_04413,3.729503152610143
STU_007,PHYS500_04464,3.24831979361261
STU_007,PSYCH100_04475,3.9702176474037314
STU_007,CS100_04493,2.2198901166137213
STU_007,PSYCH200_04510,2.8330810291191666
STU_007,CHEM300_04551,1.9271709445489746
STU_007,ENGL400_04560,3.803043733527592
STU_007,ENGL500_04565,2.9066489120398304
STU_007,PSYCH200_04591,3.114152823516952
STU_007,ENGL500_04651,3.1033854286640503
STU_007,ENGR200_04659,3.719489116227009
STU_007,PHYS500_04678,1.743299395920424
STU_007,ECON400_04743,2.6268032127409673
STU_007,PSYCH200_04751,2.835348224595545
STU_007,CHEM200_04754,3.816349797756281
STU_007,PHYS500_04762,2.449805395625
STU_007,MATH400_04796,4.209566013422165
STU_007,PHYS300_04812,3.2247877151725364
STU_007,MATH400_04820,2.130917044938815
STU_007,BIO100_04826,2.139037001029898
STU_007,MATH200_04829,3.511379809637739
STU_007,MATH100_04835,2.7575965984312005
STU_007,STAT100_04841,2.9786265394749627
STU_007,MATH100_04856,3.719113046848205
STU_007,CHEM400_04860,3.0049599807955336
STU_007,ENGL100_04861,2.0485960781971464
STU_007,STAT200_04864,3.373847246466413
STU_007,ENGR400_04876,3.744772650404032
STU_007,PHYS300_04918,2.9203157360883703
STU_007,CS400_04974,2.174166123421867
STU_007,CS300_05064,1.4957748858199031
STU_007,BIO400_05070,2.8922209122276423
STU_007,CHEM200_05110,2.857616681775216
STU_007,BIO100_05112,3.38689309934583
STU_007,ECON500_05136,3.3133354680214264
STU_007,ENGL300_05159,2.9408011809339647
STU_007,CS400_05174,2.418257654065838
STU_007,PSYCH100_05190,2.351628514544041
STU_007,ENGR400_05213,4.0367672176008815
STU_007,STAT200_05214,4.328468855183613
STU_007,MATH500_05225,3.2260576487133092
STU_007,CS200_05276,2.6280496893905445
STU_007,CS500_05322,1.9334560905089084
STU_007,ENGL300_05336,2.9640918258515234
STU_007,STAT200_05344,2.579850670442329
STU_007,BIO200_05359,2.777904916025786
STU_007,BIO500_05367,3.3584879912448455
STU_007,ECON500_05405,3.072079819520567
STU_007,ECON300_05414,2.7723037713924006
STU_007,BIO200_05419,3.10719530440339
STU_007,BIO500_05437,3.662974826772974
STU_007,CHEM200_05494,2.9097636460580705
STU_007,CHEM100_05508,2.7766048282263913
STU_007,ENGR200_05522,3.247038272090395
STU_007,MATH400_05599,3.380033110916963
STU_007,CHEM500_05613,1.805299218602005
STU_007,ENGR500_05616,3.5574945466939534
STU_007,PHYS500_05619,4.108254636283508
STU_007,CS300_05672,2.7587026071441083
STU_007,ENGR300_05698,3.262232696316678
STU_007,MATH200_05710,3.2532142877678254
STU_007,CS200_05770,2.7229372037832387
STU_007,ECON100_05785,2.7703886244571976
STU_007,STAT300_05788,2.8619576756379717
STU_007,CHEM300_05797,2.151447531541384
STU_007,ENGL400_05798,3.0710877086667168
STU_007,STAT400_05809,2.739300891633318
STU_007,ENGL300_05818,2.5962416625198714
STU_007,ECON200_05827,3.20778006028909
STU_007,PHYS400_05844,2.446020359301187
STU_007,STAT500_05856,2.908033035791344
STU_007,CHEM300_05878,3.2241529901615
STU_007,ENGR100_05884,3.0023280574641413
STU_007,CS200_05887,3.627964028308278
STU_007,PSYCH400_05893,2.635775069065281
STU_007,CS400_05905,3.250143310832675
STU_007,BIO500_05986,2.6997461105362284
STU_007,ENGL100_06007,2.874117054756164
STU_007,STAT400_06029,2.628213385746524
STU_007,STAT500_06032,3.2434099689207807
STU_007,MATH200_06056,1.813469499117437
STU_007,MATH100_06057,2.23551576419977
STU_007,PHYS400_06065,3.3371809024096644
STU_007,PHYS200_06116,3.573346263576129
STU_007,STAT400_06126,3.515994518942632
STU_007,CS200_06171,3.5095348014526073
STU_007,CS500_06174,3.019058222488436
STU_007,STAT500_06201,1.836965063261096
STU_007,ENGL500_06215,3.5240224117465115
STU_007,BIO400_06226,2.538977786712557
STU_007,ENGL500_06311,2.4457526975295667
STU_007,ECON100_06313,3.107245129869578
STU_007,STAT400_06325,3.360927109595513
STU_007,CS200_06347,3.127789583222116
STU_007,PHYS200_06390,3.721541950553853
STU_007,MATH500_06397,3.945680541421916
STU_007,ENGL200_06405,2.205555378065399
STU_007,PSYCH200_06406,2.7903744683893033
STU_007,ENGL500_06417,4.301500611474769
STU_007,ECON100_06426,1.6218927055760926
STU_007,CS400_06433,2.1156007892231203
STU_007,ENGR100_06437,1.8020798809693028
STU_007,ENGL200_06442,2.832413611058184
STU_007,MATH300_06446,3.1653714599787355
STU_007,PHYS400_06458,3.2532627299002983
STU_007,STAT500_06460,2.786821059510886
STU_007,ECON400_06465,3.1248402494433116
STU_007,CHEM100_06495,2.4425372450050475
STU_007,STAT200_06519,3.52697639429977
STU_007,BIO300_06539,3.058544305023487
STU_007,CS400_06560,2.5553981074044607
STU_007,ENGR400_06566,3.290309276789177
STU_007,MATH200_06611,1.6895948945584272
STU_007,ECON200_06657,3.3991825362838175
STU_007,PHYS300_06663,3.081295696082516
STU_007,BIO400_06679,3.9419607264277468
STU_007,PHYS300_06699,1.923864014871745
STU_007,CHEM300_06724,2.824755289771958
STU_007,ENGL100_06734,2.7411600576306263
STU_007,MATH400_06743,3.485036895058078
STU_007,CHEM400_06746,2.680548824377714
STU_007,PSYCH100_06756,4.047869260274226
STU_007,ENGR300_06778,2.7718447154971546
STU_007,CS300_06780,4.145600355682536
STU_007,PHYS400_06825,4.188240217856554
STU_007,BIO400_06854,2.395208832384378
STU_007,MATH500_06870,3.014757736175613
STU_007,PHYS300_06911,3.5787899653727377
STU_007,STAT200_06936,1.9806670329389957
STU_007,MATH200_06940,3.0160482402326623
STU_007,PHYS100_06974,2.4873529306734508
STU_007,ENGR300_06999,3.780683064383706
STU_007,ENGL400_07003,3.7317863423187148
STU_007,PSYCH100_07023,1.8328015642712958
STU_007,CHEM200_07058,3.0867430648913627
STU_007,CS200_07072,2.9441432753948886
STU_007,CHEM500_07102,3.4658941372131418
STU_007,PSYCH300_07105,2.4099069781234035
STU_007,PHYS500_07122,2.716945662659451
STU_007,ECON100_07123,2.842181574497343
STU_007,CS400_07133,2.4851534339454644
STU_007,ECON100_07150,3.196924165203521
STU_007,ENGL100_07220,3.206950674229382
STU_007,BIO100_07237,2.2195155533387
STU_007,MATH300_07262,3.2866245710496824
STU_007,BIO200_07269,2.6604476025244024
STU_007,CHEM400_07280,2.875302601658902
STU_007,MATH300_07281,2.968786397936774
STU_007,MATH200_07304,2.9178810659570384
STU_007,BIO300_07305,3.5454776817647913
STU_007,BIO100_07306,2.832445379030659
STU_007,MATH300_07307,2.9481416237132856
STU_007,PSYCH300_07328,2.8352687747630827
STU_007,CS100_07331,3.9328105507750166
STU_007,ENGL400_07368,3.341463552751645
STU_007,ECON300_07409,3.443142880089116
STU_007,PHYS200_07417,2.871853904166066
STU_007,BIO400_07497,3.1966275850941304
STU_007,PHYS400_07537,3.378024155584746
STU_007,PSYCH400_07540,2.7945930834141426
STU_007,CS100_07562,3.2762419065436212
STU_007,CS100_07565,2.4981369401673854
STU_007,MATH200_07603,2.373960634758807
STU_007,PSYCH400_07648,2.305000555991393
STU_007,BIO300_07672,2.862795750886028
STU_007,CS100_07741,1.7098155517237843
STU_007,ENGR500_07742,2.778491873445214
STU_007,PSYCH200_07748,3.8364483397794853
STU_007,PHYS200_07759,1.6814867499061983
STU_007,PHYS400_07765,3.0201947218403173
STU_007,ECON500_07775,2.269443331792444
STU_007,ENGL200_07790,3.459627076300142
STU_007,ENGR200_07797,3.507595427276553
STU_007,BIO100_07814,3.5286219763896782
STU_007,ECON500_07848,3.1952893499156376
STU_007,BIO500_07856,2.3129944974760344
STU_007,ECON500_07858,2.430100274195446
STU_007,PSYCH200_07870,3.070251500057025
STU_007,BIO500_07908,2.837538586639114
STU_007,ECON300_07957,2.5562132997080456
STU_007,PSYCH500_08021,3.0647698548296516
STU_007,BIO400_08033,3.0347602119462382
STU_007,CHEM500_08046,3.209580659373798
STU_007,BIO300_08047,2.5199819639291983
STU_007,ENGL400_08064,1.45381984983646
STU_007,STAT100_08082,3.2381053870950907
STU_007,ENGR100_08083,3.625968432145442
STU_007,PHYS500_08114,3.0311284966520122
STU_007,ENGR300_08118,1.7801088390885138
STU_007,CS400_08244,2.245895626050728
STU_007,ENGL300_08266,2.9263647913369275
STU_007,MATH100_08286,3.91364543886215
STU_007,ENGL400_08287,2.154950374787635
STU_007,CS400_08289,3.2852017162679408
STU_007,ENGL100_08296,2.178805025425137
STU_007,CS200_08298,2.8522427918331577
STU_007,MATH300_08305,3.17849665155549
STU_007,ENGL100_08329,3.407296494249673
STU_007,BIO300_08337,3.3332749409378244
STU_007,BIO100_08384,3.1064153298754036
STU_007,PSYCH100_08401,3.2036854030199162
STU_007,ENGR200_08440,2.1944629027928704
STU_007,MATH200_08475,3.5707637446756655
STU_007,ENGL400_08506,4.185897778066559
STU_007,ENGL500_08515,1.9584451881874676
STU_007,ENGL400_08518,2.942463403032561
STU_007,ENGR300_08536,3.179185647068556
STU_007,PSYCH500_08619,3.59908197769425
STU_007,BIO300_08637,3.2257144477083934
STU_007,ENGR200_08654,3.7133604354753755
STU_007,ENGR200_08657,2.738430110913155
STU_007,CHEM400_08687,3.135517887972738
STU_007,MATH100_08697,3.604203898195202
STU_007,CHEM500_08706,2.1462616981949663
STU_007,CS300_08766,3.2281859332041543
STU_007,ECON200_08788,2.742348228974272
STU_007,STAT100_08791,3.399429089182766
STU_007,ENGR400_08801,2.884754102874597
STU_007,MATH100_08804,2.686860607520602
STU_007,PHYS300_08821,2.7071435761946145
STU_007,CHEM100_08879,1.913129640390291
STU_007,PSYCH400_08882,3.004592215519356
STU_007,CHEM500_08929,2.4151077226982953
STU_007,CS500_08970,3.3939844596345923
STU_007,ENGR500_08972,2.208565372714732
STU_007,PSYCH300_09003,2.675577028368321
STU_007,ENGR400_09037,3.6098833033463578
STU_007,PSYCH100_09048,3.244877153057299
STU_007,PSYCH500_09079,2.623639601314026
STU_007,BIO100_09087,2.6703132426800624
STU_007,PHYS500_09090,3.4272053014960586
STU_007,CS200_09097,3.108098512003968
STU_007,ECON100_09108,3.483701887635358
STU_007,CHEM200_09116,3.366062709026959
STU_007,ECON100_09121,2.3809975299048216
STU_007,STAT500_09133,3.537547002396243
STU_007,PSYCH300_09141,4.080029601049788
STU_007,BIO300_09176,3.857169884065748
STU_007,ENGL400_09181,1.8820264058021254
STU_007,PSYCH100_09200,3.422006019347842
STU_007,PHYS500_09233,2.625600705654471
STU_007,MATH200_09254,2.0761853920694513
STU_007,ENGR300_09306,2.9651162235887747
STU_007,ENGR100_09309,3.212977921381062
STU_007,ENGR300_09351,1.5079374666030698
STU_007,ENGL100_09352,3.1963927541621286
STU_007,BIO100_09383,2.9746495155883554
STU_007,CHEM200_09386,3.5265648575576694
STU_007,STAT300_09388,3.4724704755766487
STU_007,MATH200_09389,2.9111910521941637
STU_007,MATH100_09402,3.1557843202979003
STU_007,ECON200_09403,2.9174577333392087
STU_007,ENGL300_09414,2.7565566181871435
STU_007,ENGR100_09416,4.056942183107022
STU_007,ENGL200_09418,2.8509714003464146
STU_007,MATH100_09446,3.594018098719408
STU_007,PHYS100_09463,2.389151669308068
STU_007,MATH500_09464,3.1321720828064725
STU_007,ECON200_09498,3.249114557957751
STU_007,ECON200_09521,3.433879798909165
STU_007,ECON300_09530,2.0611580497531876
STU_007,STAT300_09532,2.7836772935740663
STU_007,ECON300_09549,3.468433053069167
STU_007,ENGL200_09561,2.653575626931097
STU_007,PHYS100_09562,3.4117811916627456
STU_007,PSYCH400_09574,2.9548290421036985
STU_007,BIO200_09582,3.2893163754212096
STU_007,STAT300_09588,2.9604353256743963
STU_007,CS400_09598,4.3001195926790405
STU_007,STAT100_09619,3.682977712658842
STU_007,ENGR500_09639,2.961634599515847
STU_007,STAT400_09650,3.5756584567302427
STU_007,PSYCH200_09663,2.6537242462952415
STU_007,PHYS200_09695,2.6332047510818692
STU_007,CHEM200_09718,2.8331520228889104
STU_007,ECON500_09747,3.3740699236811778
STU_007,ENGL500_09762,3.247358168448986
STU_007,ENGL400_09808,2.649748931228804
STU_007,ENGL500_09821,3.979424537358286
STU_007,PHYS500_09838,2.3278262561664236
STU_007,ENGR300_09840,3.301420378148177
STU_007,PHYS100_09845,3.6958290181932973
STU_007,PHYS300_09870,3.1790529175725544
STU_007,ECON300_09873,2.9647853214336104
STU_007,ECON400_09883,3.055079279216402
STU_007,ENGR500_09897,3.1745503858608717
STU_007,PSYCH300_09921,3.0519737513964826
STU_007,ENGR400_09926,3.0709578716069745
STU_007,CHEM500_09945,2.881238556262138
STU_007,BIO100_09953,3.669375379788394
STU_007,CS400_09986,2.5072081065736005
STU_008,PSYCH400_00012,3.335897377606831
STU_008,PHYS100_00014,2.389018199075539
STU_008,ECON200_00062,3.0843115299769988
STU_008,ECON500_00073,3.4997322537405666
STU_008,BIO400_00078,2.1476160182093795
STU_008,BIO400_00094,3.4938401340131215
STU_008,PSYCH500_00113,2.533109873429719
STU_008,PHYS300_00138,2.739478028973283
STU_008,PHYS300_00173,3.530355021834021
STU_008,BIO400_00194,3.5474943387634887
STU_008,ECON500_00197,2.86587179466302
STU_008,STAT200_00233,2.44130285089311
STU_008,STAT500_00249,3.5056222666991026
STU_008,ENGR200_00307,2.8837183956891566
STU_008,STAT500_00351,3.724829117590337
STU_008,ECON500_00352,2.133717475624082
STU_008,BIO200_00382,2.266585582126739
STU_008,ENGR100_00404,1.2928118735160061
STU_008,PHYS200_00422,2.8831125566384523
STU_008,PSYCH300_00469,2.22917463299314
STU_008,ENGR500_00495,3.3641182156407186
STU_008,STAT100_00508,3.238373556388817
STU_008,ECON500_00517,4.434279988353861
STU_008,ENGR100_00555,1.6297647244179978
STU_008,ECON100_00563,3.52814524903644
STU_008,STAT100_00570,2.5272258372376175
STU_008,BIO400_00617,2.804532743745733
STU_008,ENGL400_00651,2.8195487808022035
STU_008,BIO200_00662,3.086622534635504
STU_008,MATH300_00679,3.429951732584025
STU_008,STAT400_00693,2.8172632292753867
STU_008,STAT500_00716,3.4225572605286
STU_008,STAT400_00718,1.7214076017197477
STU_008,CHEM100_00729,3.3880810694516272
STU_008,ENGR200_00733,3.7055699119204264
STU_008,CS100_00741,3.033774274262755
STU_008,PSYCH100_00755,3.4769118175782587
STU_008,PHYS100_00759,2.0050396563107418
STU_008,BIO100_00773,3.71234122746192
STU_008,MATH100_00805,2.1347073534393064
STU_008,PSYCH300_00827,3.5047789243964056
STU_008,ECON400_00833,2.4120776270445603
STU_008,PSYCH100_00872,3.120787308797757
STU_008,ENGL200_00885,2.1851468662443314
STU_008,CHEM200_00915,1.7854672222308987
STU_008,BIO500_00940,3.093931646590681
STU_008,CS400_00965,2.2944807055640646
STU_008,ENGR200_00980,2.6421861947376675
STU_008,CHEM200_01058,1.2201136118613718
STU_008,STAT300_01066,3.2095137637089524
STU_008,ECON500_01076,2.776087833429461
STU_008,STAT300_01145,2.8842682659131054
STU_008,ECON500_01164,2.8080541304293667
STU_008,STAT300_01174,3.7932600371225726
STU_008,CS200_01184,3.618060451437825
STU_008,BIO100_01190,3.8447093182153087
STU_008,PSYCH400_01192,2.3510064536794073
STU_008,STAT200_01196,2.148322943456905
STU_008,MATH400_01211,2.8409743785762744
STU_008,ENGL100_01217,1.136511338781995
STU_008,CHEM300_01220,3.6207757038873876
STU_008,CHEM500_01241,2.862899635099599
STU_008,CS500_01249,3.4505225536232675
STU_008,PHYS400_01272,2.8617190168232827
STU_008,ENGR100_01332,1.9543246946487955
STU_008,PSYCH300_01372,2.4445743974378815
STU_008,ECON300_01402,2.640344907985336
STU_008,ECON300_01426,3.74024366336827
STU_008,CS400_01429,2.1527936350021672
STU_008,ENGL300_01458,3.003410859364569
STU_008,ENGR400_01483,2.4132866979121546
STU_008,PHYS200_01500,2.4007462165811773
STU_008,ENGR500_01504,1.7661504280266118
STU_008,PHYS400_01526,3.0433267216788065
STU_008,CHEM400_01552,2.614766004837449
STU_008,ENGR200_01554,3.088829488144935
STU_008,MATH300_01594,3.544056243713723
STU_008,PHYS400_01618,2.2530554227234543
STU_008,PSYCH100_01631,4.0808606582012645
STU_008,ECON100_01633,2.7636486387320636
STU_008,STAT100_01656,3.2157530751367287
STU_008,ENGR200_01659,3.0948799355785326
STU_008,PSYCH100_01660,3.9407046087712025
STU_008,BIO300_01684,3.797025100831589
STU_008,ECON500_01689,3.3368094297383983
STU_008,ENGR200_01808,2.6111447538850587
STU_008,STAT500_01853,3.1256927005661486
STU_008,ENGL100_01905,2.8094946487869503
STU_008,BIO100_01924,2.2872766040952537
STU_008,CHEM400_01944,1.9702139720024265
STU_008,PSYCH100_02009,2.297845921848752
STU_008,ENGR500_02014,3.096281816188781
STU_008,ENGR100_02018,2.8678357777239634
STU_008,PHYS300_02094,2.681706175886907
STU_008,CHEM200_02095,2.939306467532575
STU_008,ECON400_02143,2.071412961665232
STU_008,PSYCH500_02176,3.476921434631615
STU_008,MATH100_02186,3.1713870763997893
STU_008,MATH300_02194,2.8499200247765124
STU_008,BIO100_02195,1.9742122232852028
STU_008,ENGL200_02223,2.4848923418492195
STU_008,CHEM200_02225,2.963445376748139
STU_008,BIO500_02233,2.875428637616561
STU_008,CS200_02251,4.314928398132045
STU_008,PHYS500_02308,3.0889141921347876
STU_008,ENGR200_02333,3.410436608191907
STU_008,PSYCH300_02353,3.1292485769506477
STU_008,CS200_02367,2.422089519622789
STU_008,ENGR400_02436,3.3174173613344453
STU_008,STAT500_02438,2.4360527947294752
STU_008,PHYS300_02474,3.367953816880221
STU_008,PSYCH200_02520,3.3206507299294015
STU_008,ENGL400_02524,2.074113548750411
STU_008,MATH200_02534,2.8677299475809006
STU_008,ENGR200_02538,2.6772900871032945
STU_008,ENGR100_02539,3.9691858813915255
STU_008,ENGL100_02543,3.456648997396863
STU_008,ENGL200_02556,3.414330810773033
STU_008,ENGR100_02584,2.140408266264455
STU_008,PSYCH400_02586,2.5901159007290797
STU_008,CS100_02594,2.5546853328986607
STU_008,CS400_02636,2.6030876683160282
STU_008,ENGR100_02648,3.4789360863618826
STU_008,PHYS200_02672,2.522205601568815
STU_008,ECON400_02692,2.4250137569458463
STU_008,ECON200_02711,2.7086929714124115
STU_008,BIO400_02715,3.3955266083513345
STU_008,ENGR300_02741,3.44967646653363
STU_008,PSYCH500_02762,1.6456026087874203
STU_008,BIO500_02804,3.142579651835574
STU_008,CHEM100_02806,2.254618241031673
STU_008,CHEM500_02814,2.6669945803297437
STU_008,STAT300_02833,3.7504534960699507
STU_008,BIO400_02835,3.5146530650174155
STU_008,CHEM300_02858,4.093179703244679
STU_008,CHEM400_02880,2.863247253631164
STU_008,PHYS300_02920,2.6177824739834956
STU_008,ENGL400_02942,3.6810014119296697
STU_008,MATH400_02954,2.2488575607118513
STU_008,CS300_02966,3.3730152907117477
STU_008,STAT400_02974,2.125871021657293
STU_008,BIO300_03038,3.044522932043015
STU_008,CHEM200_03073,4.050997245155702
STU_008,BIO300_03102,4.361042857217789
STU_008,STAT500_03115,3.733475151972148
STU_008,ENGL100_03140,2.561325116523032
STU_008,CS400_03160,3.1988266622960237
STU_008,ENGR500_03163,3.775983628731697
STU_008,ENGR200_03208,1.996218336155177
STU_008,MATH300_03209,2.3632067084499186
STU_008,PHYS500_03219,2.386088595464159
STU_008,CHEM500_03237,2.870549048684881
STU_008,ENGL300_03267,3.9814502844919044
STU_008,ENGR200_03283,3.0456316765650535
STU_008,MATH400_03303,2.1624684471378104
STU_008,BIO500_03307,2.941122945217554
STU_008,ENGL300_03314,2.6338261614583796
STU_008,ENGR300_03317,1.5602654113073218
STU_008,ECON100_03363,2.957454966806217
STU_008,ENGR300_03378,1.478716995445346
STU_008,PSYCH200_03383,2.8280993245469155
STU_008,STAT200_03436,3.5376327988103755
STU_008,CHEM100_03484,3.4749044147838144
STU_008,STAT400_03487,3.1236262328020583
STU_008,STAT300_03494,2.760298041554842
STU_008,CHEM400_03559,2.2480095898409673
STU_008,PSYCH200_03587,2.4521655110998672
STU_008,CS500_03617,3.346261826205412
STU_008,ECON500_03631,3.3686405087198463
STU_008,CS100_03649,4.089488847933898
STU_008,ECON300_03655,3.360242951383186
STU_008,BIO500_03669,3.6687652686464007
STU_008,ENGL100_03711,1.8539133098890352
STU_008,STAT100_03720,2.347365938728095
STU_008,CHEM300_03723,2.9389664844684065
STU_008,PHYS500_03726,1.2987903816497661
STU_008,ENGL100_03736,2.732831571808767
STU_008,ENGR300_03745,3.1992815284081386
STU_008,BIO200_03753,3.6921101284216555
STU_008,ENGR500_03765,2.2733161372163977
STU_008,STAT500_03789,3.260017756876614
STU_008,ENGR500_03842,3.5460333029892213
STU_008,ENGL100_03879,3.7413935807680727
STU_008,PSYCH500_03898,2.3640515778056725
STU_008,STAT200_03914,2.716647212662868
STU_008,MATH100_03959,3.604597916668685
STU_008,CHEM200_03969,3.7447843541101316
STU_008,ENGL200_03973,3.740612119137138
STU_008,ENGR200_04021,2.998370704102837
STU_008,CS100_04028,3.321480108606271
STU_008,MATH200_04045,1.1093864522379082
STU_008,ENGR300_04064,3.2071257344099227
STU_008,PSYCH200_04067,3.174559297503494
STU_008,BIO100_04073,4.650756434929203
STU_008,ENGR500_04129,3.0299652041734007
STU_008,PHYS100_04132,2.5911820954498843
STU_008,BIO200_04135,4.251303913501712
STU_008,PHYS300_04142,2.1881377135263227
STU_008,CS200_04153,2.8610341869759015
STU_008,STAT500_04158,3.530020595723462
STU_008,ENGR500_04166,2.971964434538729
STU_008,BIO100_04250,3.146438404575027
STU_008,CHEM100_04271,3.1940721972133232
STU_008,ENGR100_04274,3.7682210644100214
STU_008,PSYCH200_04292,3.669988014073007
STU_008,CHEM300_04314,2.2146330161856365
STU_008,STAT500_04321,4.237861122206575
STU_008,STAT100_04325,3.367069715752035
STU_008,CHEM300_04330,3.8937399923370277
STU_008,ENGL100_04359,2.955479254221692
STU_008,MATH100_04361,2.563497857845494
STU_008,PSYCH100_04376,3.9235641607905203
STU_008,PSYCH300_04381,2.8462364488298153
STU_008,BIO500_04397,3.658093468226187
STU_008,MATH200_04401,3.6219212580407842
STU_008,CHEM200_04429,3.3256019005017583
STU_008,PSYCH500_04433,2.257420098430237
STU_008,CHEM100_04538,2.156067031971209
STU_008,ECON500_04607,4.3429081217504795
STU_008,ECON300_04635,1.8202968318889106
STU_008,ENGR100_04668,3.092451689137856
STU_008,PSYCH100_04691,3.3452496189896803
STU_008,PSYCH200_04712,4.239235996428704
STU_008,CHEM300_04739,3.6885533927606775
STU_008,ENGR100_04742,2.7143645600423967
STU_008,CHEM200_04758,4.403563090802478
STU_008,PHYS200_04768,2.200960186199924
STU_008,STAT300_04788,3.1323219236880724
STU_008,ENGR200_04790,2.739737808153879
STU_008,CS500_04795,2.693980491775177
STU_008,CHEM200_04798,3.5373656230284625
STU_008,STAT500_04896,1.7554760600192254
STU_008,CHEM400_04900,3.3214466861349545
STU_008,ENGL100_04961,2.7485166473524734
STU_008,PSYCH200_04982,3.5801590673087462
STU_008,CHEM300_04993,3.0911362072786863
STU_008,PSYCH300_05010,1.9048978486394414
STU_008,PHYS200_05015,3.675521069070969
STU_008,MATH200_05027,3.73607896429895
STU_008,ENGL300_05029,2.8637115741890233
STU_008,ENGL500_05046,4.106914076057001
STU_008,MATH300_05063,3.39333966370942
STU_008,ECON500_05067,1.5411797960341151
STU_008,MATH200_05083,4.151760321970565
STU_008,ENGR300_05097,2.432382144799314
STU_008,PHYS500_05126,3.063835757922371
STU_008,CS200_05131,3.6675540845216235
STU_008,CS500_05132,2.095064219202517
STU_008,ECON500_05136,3.763181368395912
STU_008,ECON100_05169,2.96333251387225
STU_008,ENGR100_05171,3.3881224488900985
STU_008,ENGR200_05196,2.736323848364053
STU_008,MATH300_05221,2.3461069043233707
STU_008,BIO500_05234,3.825166599867239
STU_008,ENGL500_05243,3.6813231740939107
STU_008,STAT100_05267,1.9902613262924005
STU_008,ECON300_05283,1.8152161197781247
STU_008,MATH100_05289,3.8130089865555874
STU_008,CHEM100_05314,2.4132470470887424
STU_008,CS500_05322,2.2573174106099523
STU_008,STAT100_05348,2.0173489800643507
STU_008,BIO200_05371,3.920870366694126
STU_008,ECON100_05390,3.7623445194255916
STU_008,CHEM100_05415,3.37199984899068
STU_008,STAT100_05420,3.2833474552779065
STU_008,BIO300_05431,3.0128826814881817
STU_008,PHYS500_05481,3.6000507603760874
STU_008,ENGR300_05490,1.8402267964350694
STU_008,ENGR100_05497,2.480340049528319
STU_008,BIO200_05499,3.181880623727865
STU_008,CHEM200_05511,2.85533304195464
STU_008,ENGL400_05561,2.892120365841529
STU_008,CS300_05580,4.8616750675997356
STU_008,MATH400_05599,3.8478577741498583
STU_008,PHYS500_05611,3.2552547234520173
STU_008,BIO500_05630,1.8961183245649218
STU_008,BIO500_05641,2.8694980313897958
STU_008,PSYCH300_05647,2.870594790371614
STU_008,MATH300_05662,2.7282665074075028
STU_008,MATH500_05666,3.1956256046074403
STU_008,PHYS500_05696,2.870624335683876
STU_008,ENGL500_05718,2.2852603154847406
STU_008,BIO200_05745,3.0907827677791664
STU_008,PHYS200_05755,1.9936165834082062
STU_008,ECON300_05762,3.456740021722378
STU_008,ECON400_05806,3.3569369415218366
STU_008,ECON300_05811,1.0
STU_008,MATH200_05842,4.0591084737400385
STU_008,STAT100_05886,2.7580680400440674
STU_008,PSYCH200_05903,3.5177349552068975
STU_008,ENGL500_05934,2.620786273146029
STU_008,STAT400_05945,2.4864898127169845
STU_008,PSYCH300_06015,1.9357251705454006
STU_008,CHEM100_06058,2.4675811323714756
STU_008,PSYCH300_06075,2.27178128481862
STU_008,PHYS300_06082,3.2491510158651438
STU_008,CS400_06098,3.2472997430895636
STU_008,ENGL100_06099,2.992361269344067
STU_008,CS200_06111,2.45105910572094
STU_008,PHYS500_06134,3.5470210691930277
STU_008,PSYCH200_06142,2.5611372177024108
STU_008,CS200_06165,2.690670922434255
STU_008,PSYCH500_06186,2.7581325528751286
STU_008,CHEM200_06211,3.0372366112141376
STU_008,STAT400_06219,3.2437845114497117
STU_008,CHEM400_06236,4.133377859527477
STU_008,ENGL300_06238,2.3121619413100447
STU_008,PSYCH400_06274,2.490385135189451
STU_008,MATH500_06276,2.572037332171374
STU_008,CHEM300_06284,1.9255198370945594
STU_008,CS500_06294,2.426818568751875
STU_008,PHYS400_06324,2.1961033279444013
STU_008,ENGR300_06326,1.8166741555921413
STU_008,CS200_06360,1.5475296766000597
STU_008,ECON300_06364,3.655316712052572
STU_008,ENGR400_06389,2.9070394871005836
STU_008,ENGL500_06401,3.4456605686678254
STU_008,ENGL100_06440,4.257590394907268
STU_008,BIO500_06441,2.6328571823857545
STU_008,ENGL400_06449,2.959657416129142
STU_008,BIO100_06475,1.66683746850683
STU_008,PSYCH200_06530,3.2210372095489745
STU_008,BIO100_06549,2.171993838134389
STU_008,PSYCH400_06552,2.5395051246094225
STU_008,STAT200_06574,2.000825495004449
STU_008,ENGR400_06607,2.927660215432311
STU_008,MATH100_06647,2.9483145766593424
STU_008,CHEM500_06667,3.292459536308136
STU_008,BIO300_06717,2.553314846102194
STU_008,CHEM200_06741,3.3443837414055917
STU_008,ECON300_06745,2.0638196024916473
STU_008,CS200_06748,2.591485384505879
STU_008,PHYS500_06766,3.48967602504537
STU_008,MATH400_06793,3.8888440749599607
STU_008,ECON200_06795,3.219149817188353
STU_008,ENGL300_06816,2.0892867191276636
STU_008,BIO500_06842,2.6107643815646107
STU_008,ENGL100_06855,2.2045488628124517
STU_008,ECON100_06874,2.8092550344647673
STU_008,CHEM400_06878,1.6024596085152834
STU_008,STAT200_06887,3.19152365610494
STU_008,ECON200_06903,2.875317452998943
STU_008,MATH500_06915,3.165365908255968
STU_008,CS200_06923,3.0366156964605207
STU_008,PSYCH400_06939,3.2959892175773313
STU_008,ECON200_07000,2.132145453875929
STU_008,PSYCH100_07023,2.941020973518544
STU_008,CHEM500_07030,3.2825408284085102
STU_008,CHEM500_07044,3.4328737320727014
STU_008,BIO300_07047,2.269835469157418
STU_008,STAT100_07062,4.258265456610113
STU_008,ENGR100_07068,2.444112508146449
STU_008,CHEM500_07102,2.1427009110627324
STU_008,ECON100_07123,2.7362783097745216
STU_008,CS100_07127,3.5135141785819073
STU_008,MATH100_07137,3.354473267903945
STU_008,PSYCH400_07145,2.5831806204968215
STU_008,STAT400_07167,3.790842603316567
STU_008,MATH500_07172,2.2220498976752627
STU_008,BIO200_07177,2.654165913765259
STU_008,ENGL400_07198,4.7060832708948865
STU_008,CS200_07200,1.9872438665526149
STU_008,PHYS300_07204,2.772152135524254
STU_008,ECON500_07230,3.4912594516943143
STU_008,ENGR100_07250,1.905184392712279
STU_008,MATH200_07274,2.0388839664334717
STU_008,STAT100_07295,1.9659893970594893
STU_008,MATH100_07311,3.0090891736076455
STU_008,STAT300_07318,2.0177833446578113
STU_008,BIO100_07340,2.630694615869873
STU_008,BIO200_07348,2.2343546627431397
STU_008,ECON500_07359,3.5188458571409584
STU_008,ENGR100_07369,1.9792946578795256
STU_008,PSYCH500_07501,2.5122250535574375
STU_008,STAT200_07516,3.6203519723482724
STU_008,STAT400_07544,3.5188788972576943
STU_008,ECON300_07643,3.677366496973793
STU_008,PSYCH500_07659,3.8355109348042395
STU_008,ENGL400_07674,2.697916697809416
STU_008,PSYCH100_07689,3.2068841392907252
STU_008,ENGL300_07698,3.969432315919431
STU_008,PSYCH300_07710,2.669794591139639
STU_008,CS500_07711,3.039412549985469
STU_008,MATH500_07716,2.84136075974491
STU_008,STAT100_07766,2.593340269916876
STU_008,MATH200_07767,2.4166136984017883
STU_008,PSYCH200_07794,3.362694852995329
STU_008,STAT500_07808,2.583549609874709
STU_008,ENGR300_07811,2.4232013438681514
STU_008,STAT200_07813,2.140286048086206
STU_008,STAT200_07827,2.019561463575824
STU_008,PSYCH100_07837,3.0180800978041527
STU_008,ECON200_07861,2.1814250396144432
STU_008,PSYCH300_07899,2.4840602437056103
STU_008,MATH300_07903,3.7568389017501547
STU_008,BIO500_07920,3.325246569629877
STU_008,ENGL100_07938,2.8703183697537518
STU_008,PSYCH500_07949,3.199492146359944
STU_008,ENGR500_07970,3.544113525445198
STU_008,CHEM400_07972,2.9719326119690526
STU_008,CS300_08006,2.946375071959099
STU_008,CS100_08040,3.4119623167118065
STU_008,MATH100_08053,2.891065895308232
STU_008,ECON300_08060,4.787523988887397
STU_008,STAT500_08065,3.913855309678996
STU_008,ENGL400_08070,2.4491932969865244
STU_008,CHEM200_08079,3.034369222568794
STU_008,BIO400_08092,3.967760928065187
STU_008,ENGL100_08109,2.8702233806303474
STU_008,ENGR400_08115,3.3827428048491024
STU_008,ENGR500_08148,3.1801924757787607
STU_008,PSYCH200_08167,2.343396796265991
STU_008,MATH400_08197,3.777775916607947
STU_008,CS200_08242,3.434995237930887
STU_008,CS400_08244,3.0468740178075633
STU_008,PSYCH500_08328,2.1684358859365283
STU_008,ENGL100_08329,3.2163716068087234
STU_008,STAT200_08341,3.053856000985214
STU_008,ENGL100_08374,3.059094800943911
STU_008,CS500_08424,3.4764764101135817
STU_008,CHEM300_08435,2.846177803172106
STU_008,PSYCH400_08443,2.5476662936410164
STU_008,PHYS500_08448,2.8941682462409184
STU_008,CS100_08464,3.0462900252086595
STU_008,ECON300_08488,2.0060684008529353
STU_008,PHYS100_08504,3.012883249118719
STU_008,PSYCH400_08513,2.871894042230915
STU_008,CHEM300_08535,3.570061183489607
STU_008,BIO200_08556,4.184836463787362
STU_008,CS300_08564,2.101556782841582
STU_008,PSYCH200_08585,1.7682395891623996
STU_008,ENGL100_08598,2.8302028766257927
STU_008,CS400_08614,2.648041254906625
STU_008,MATH300_08622,4.314095842183481
STU_008,ENGR400_08662,1.9517842671964083
STU_008,PHYS200_08667,3.506515337882643
STU_008,ENGL200_08691,1.9140690317766054
STU_008,STAT400_08693,2.2537117981346357
STU_008,MATH100_08697,2.8631617890923695
STU_008,CS300_08698,2.7390916964180985
STU_008,PHYS200_08704,2.6381580888208234
STU_008,ENGR400_08713,3.3549273193582243
STU_008,PSYCH500_08746,3.0565686662053535
STU_008,CS300_08769,1.961910942205347
STU_008,CS500_08800,3.1184638832423417
STU_008,CHEM200_08823,2.7050253827799065
STU_008,ECON100_08829,3.2576623589862748
STU_008,CHEM500_08838,3.2379198006189105
STU_008,PSYCH300_08848,2.5738628080951935
STU_008,ENGL100_08889,2.7269566628445614
STU_008,BIO100_08890,3.617402753006159
STU_008,ENGL300_08913,3.528106573703318
STU_008,ENGR400_08919,1.3561880647866946
STU_008,MATH400_08926,2.7992629930470168
STU_008,ENGL200_08952,3.623090741754732
STU_008,ENGL500_08956,2.6139466359847594
STU_008,STAT200_08958,1.9981269638446737
STU_008,PHYS100_08975,3.3023393543706314
STU_008,MATH500_08982,2.577736793051801
STU_008,PSYCH500_09011,2.1930307253828163
STU_008,PSYCH100_09048,3.796387386256976
STU_008,ENGL100_09115,2.4938225331212998
STU_008,ENGR400_09127,2.6837624845595083
STU_008,ENGL400_09143,3.6427292360359727
STU_008,ENGR200_09178,3.342399548995496
STU_008,STAT300_09188,2.473414312033791
STU_008,ECON200_09201,3.0854987489851045
STU_008,CHEM100_09219,2.0669980066127334
STU_008,MATH200_09223,2.580137102307964
STU_008,ECON100_09230,2.6743959741897614
STU_008,PSYCH400_09282,2.2919062423696643
STU_008,ECON300_09287,3.5885768192693885
STU_008,ECON300_09303,3.388393366320278
STU_008,STAT200_09304,1.9487391853577596
STU_008,ECON300_09315,2.6284325891976725
STU_008,ECON400_09317,3.698811964989636
STU_008,ECON300_09394,3.0380435566435215
STU_008,BIO500_09429,2.499236405941386
STU_008,MATH100_09446,2.4170926670261936
STU_008,ENGR500_09461,2.434527468842168
STU_008,PHYS300_09495,4.139232060367998
STU_008,BIO400_09508,3.2230287986389277
STU_008,ECON200_09517,3.5066581749556733
STU_008,STAT300_09532,3.1886359417844052
STU_008,PSYCH200_09545,2.4356549815304853
STU_008,ENGR200_09550,1.8036969328786148
STU_008,PSYCH200_09553,3.0424350569070215
STU_008,BIO500_09616,3.757449512455252
STU_008,ENGR300_09626,1.8555171439192946
STU_008,ENGR500_09639,3.5620618856503907
STU_008,PSYCH200_09663,3.018430045051235
STU_008,ENGR200_09681,3.3507229483230785
STU_008,ECON400_09710,2.9226250231993744
STU_008,PHYS500_09743,3.607361529395719
STU_008,MATH400_09748,2.3549703870662335
STU_008,PHYS200_09752,3.249205681705333
STU_008,ECON100_09754,2.597569320228914
STU_008,CHEM500_09756,3.503280440058012
STU_008,ECON100_09772,3.236658981360359
STU_008,ENGR500_09775,3.6329558112851608
STU_008,ENGL300_09776,3.5486384397718242
STU_008,ENGR500_09777,3.6569429147113484
STU_008,CHEM400_09787,2.332011591982757
STU_008,PSYCH500_09788,3.346938189710888
STU_008,ENGR300_09840,2.487658560143921
STU_008,PHYS300_09870,1.8996845146361152
STU_008,ECON300_09872,3.6159574630379483
STU_008,MATH200_09890,3.0377532866739565
STU_008,CHEM300_09909,3.268670354943888
STU_008,ECON300_09943,2.2639150958522123
STU_008,ENGR300_09982,3.632599298020633
STU_008,CS400_09984,2.811938271295255
STU_009,PSYCH400_00004,2.9169122076694345
STU_009,MATH500_00034,3.840241550679881
STU_009,PSYCH400_00059,2.7444939648847364
STU_009,ECON500_00073,3.5081096134357126
STU_009,ENGL200_00075,3.64165429641187
STU_009,ECON500_00080,2.3473611276891595
STU_009,PSYCH500_00129,2.992624176393208
STU_009,PHYS300_00138,2.744615125259269
STU_009,ENGR400_00144,2.929225621863516
STU_009,BIO200_00148,2.089431301458066
STU_009,CHEM400_00165,3.294696669726825
STU_009,ENGL400_00170,3.671025139274866
STU_009,BIO400_00194,3.189167653341878
STU_009,CS300_00239,2.85136855157269
STU_009,CHEM300_00247,4.082650948309797
STU_009,PHYS400_00274,3.8996338077902273
STU_009,STAT200_00302,2.378801002369593
STU_009,ECON100_00321,2.448280347991759
STU_009,BIO400_00329,2.300870400526707
STU_009,ECON200_00330,2.9869855853517424
STU_009,CS400_00332,3.136212202070585
STU_009,CHEM200_00364,2.7397270562632534
STU_009,BIO200_00382,2.653367837937863
STU_009,PHYS200_00386,4.134500505489433
STU_009,CS500_00387,2.531175585356669
STU_009,CS200_00451,2.245417464484297
STU_009,CHEM200_00458,2.8921759044506676
STU_009,MATH100_00463,2.937003604421796
STU_009,STAT500_00475,2.612864449040523
STU_009,CHEM300_00497,3.2415278179741076
STU_009,ENGR500_00515,2.511387651855051
STU_009,PHYS200_00516,3.3572910828827593
STU_009,STAT500_00523,2.7278209148039823
STU_009,ENGL300_00531,2.460523013285272
STU_009,PHYS300_00553,3.2143876322465363
STU_009,STAT400_00612,3.2345091928062386
STU_009,CS200_00638,2.1441632842041614
STU_009,PHYS400_00670,2.781336470928995
STU_009,ENGR300_00678,3.0336026342214284
STU_009,PHYS400_00701,2.5705427492430077
STU_009,CHEM400_00703,3.6006138044730402
STU_009,PSYCH200_00717,3.4037791418200687
STU_009,CHEM500_00726,2.6403279161246385
STU_009,BIO500_00744,3.3927432799100554
STU_009,PSYCH100_00755,3.5812271363028176
STU_009,ECON400_00756,4.566517282152642
STU_009,BIO100_00773,2.214843841684545
STU_009,CS300_00786,2.3152456299320345
STU_009,ENGR400_00793,3.6005288397628554
STU_009,PSYCH100_00818,3.966440102775862
STU_009,ENGL100_00828,2.530906800123022
STU_009,CS300_00829,2.960319054168744
STU_009,CHEM400_00841,1.7037633348175083
STU_009,MATH300_00866,3.524640316622365
STU_009,BIO200_00893,2.6900053099354415
STU_009,CS500_00903,2.666761583273041
STU_009,ENGL500_00957,3.088911004614975
STU_009,CS200_00990,2.847672927955089
STU_009,PHYS400_00996,2.8832808823264537
STU_009,PHYS400_01015,4.475395241209153
STU_009,PHYS500_01023,3.0845416034967714
STU_009,STAT200_01085,3.2702756919864533
STU_009,STAT100_01137,3.0264083368978145
STU_009,STAT300_01145,3.1091905665757773
STU_009,ENGR500_01155,3.6098500917254643
STU_009,ENGR400_01157,2.1628196899299073
STU_009,ECON400_01166,2.841178798452426
STU_009,ECON200_01167,4.121589238636655
STU_009,STAT300_01174,1.7948077571228236
STU_009,STAT400_01209,2.908460013307765
STU_009,CHEM300_01220,2.9704602210349345
STU_009,STAT400_01230,2.8475176726509983
STU_009,ENGR200_01258,3.6579841003328766
STU_009,ENGR500_01270,2.2591870461558266
STU_009,PHYS400_01282,3.9079158652718338
STU_009,ECON500_01283,3.073766196209636
STU_009,PHYS300_01290,2.468619915606769
STU_009,ENGR100_01352,2.67484414225224
STU_009,ENGL500_01381,3.23690464361661
STU_009,PHYS500_01397,3.2766869657784006
STU_009,CHEM300_01405,2.5062784246399277
STU_009,STAT300_01433,3.3846631962118865
STU_009,ENGL200_01435,2.8703079923737427
STU_009,ECON300_01452,3.559459772848293
STU_009,BIO200_01506,2.4233145899766106
STU_009,ECON100_01517,3.924886906980944
STU_009,ENGR200_01554,2.579136847301254
STU_009,CS300_01577,3.4507706119649364
STU_009,ENGR200_01585,2.5537370507089374
STU_009,ENGL300_01615,3.3622954870925152
STU_009,PHYS100_01677,2.2259383165318125
STU_009,STAT200_01688,2.0136009223451197
STU_009,STAT500_01707,3.0790578653804563
STU_009,ENGR200_01743,2.857218039640639
STU_009,ECON100_01810,2.249799147528936
STU_009,PSYCH100_01829,3.1957397022797926
STU_009,MATH300_01856,3.0300933571802404
STU_009,MATH300_01862,3.0448133645305706
STU_009,MATH500_01879,1.2414416431715034
STU_009,ENGL300_01892,3.4508316727712636
STU_009,BIO100_01901,3.327558214209869
STU_009,BIO100_01924,2.5275585885315723
STU_009,PHYS300_01937,2.536406080447899
STU_009,ENGR500_01946,3.512227967738079
STU_009,CHEM300_01991,3.05388582817983
STU_009,ENGL200_02023,2.573690852143728
STU_009,MATH200_02032,2.4098486697665766
STU_009,STAT300_02037,2.8109148763775735
STU_009,BIO400_02038,2.1888809471312687
STU_009,ENGL500_02068,3.43709407689002
STU_009,ENGR300_02071,2.8299108727220466
STU_009,CHEM300_02078,2.2724608871800913
STU_009,CHEM300_02079,3.0705138042655973
STU_009,CS500_02110,2.9480888503803415
STU_009,CHEM500_02111,2.401966842376314
STU_009,CHEM300_02117,2.8174141034382996
STU_009,ENGL100_02142,3.0529875328554295
STU_009,PSYCH400_02145,3.2477778949552008
STU_009,CHEM300_02152,3.5353836440996647
STU_009,CS100_02160,3.4841519303923048
STU_009,ENGR500_02177,2.1045391360176997
STU_009,PHYS200_02221,2.4438680795449312
STU_009,CHEM200_02225,3.8794062392596977
STU_009,MATH400_02242,2.3996912995996436
STU_009,BIO200_02254,3.936786261357167
STU_009,MATH400_02259,2.6329769592740915
STU_009,CS400_02270,2.7301740529767136
STU_009,ENGL400_02279,3.192153167148037
STU_009,CHEM300_02287,4.01995528254443
STU_009,MATH300_02318,1.9304473511450466
STU_009,ENGL500_02340,2.669950061596103
STU_009,CS100_02343,2.2268992825990352
STU_009,ENGL100_02346,3.3600496625726106
STU_009,PHYS400_02360,3.7279221736383596
STU_009,MATH100_02398,3.697746909506221
STU_009,ENGR100_02422,3.832331914808462
STU_009,ENGR400_02436,3.0343229829266907
STU_009,PHYS300_02442,3.7326719306646514
STU_009,CS300_02451,3.2085772407123474
STU_009,ENGL300_02466,3.9261415980161134
STU_009,ENGL200_02484,2.90945129239096
STU_009,BIO200_02528,3.6799447797507785
STU_009,MATH300_02578,2.4460850009775754
STU_009,ECON200_02652,3.91173583236902
STU_009,ENGR200_02684,2.867877371004259
STU_009,CS300_02698,4.108420968200433
STU_009,PSYCH200_02699,3.6267320774816403
STU_009,CHEM500_02757,3.241310350224357
STU_009,CHEM400_02824,3.037938917679629
STU_009,ECON100_02849,2.2662938826388093
STU_009,ECON100_02890,3.5533315113065114
STU_009,BIO100_02895,3.6334195561729663
STU_009,CS200_02897,3.7701820784134363
STU_009,PHYS400_02900,2.305103631273586
STU_009,BIO300_02937,2.539529730626061
STU_009,PHYS100_02939,2.4879598729499475
STU_009,STAT200_02961,3.463099188554193
STU_009,STAT400_02964,2.5826450138067227
STU_009,PSYCH400_02975,3.83567899270362
STU_009,ENGR300_03016,3.2211684707150483
STU_009,ECON400_03047,2.6503110946186075
STU_009,CHEM500_03055,2.875231547825356
STU_009,ENGL200_03071,3.135865181424821
STU_009,MATH400_03120,2.7511410130302982
STU_009,CS100_03121,2.7233230764428944
STU_009,ENGR400_03125,3.3101929315183023
STU_009,PHYS100_03141,2.3794414892449463
STU_009,BIO200_03156,3.0426197277155755
STU_009,ENGR300_03168,2.5938177725182983
STU_009,CS200_03170,3.5773752708596227
STU_009,PHYS200_03172,2.8355941138078147
STU_009,CS400_03200,3.2336297321586067
STU_009,MATH300_03203,4.3244742071269755
STU_009,STAT400_03205,3.0580586845768147
STU_009,CHEM400_03224,3.2005744166014853
STU_009,MATH500_03230,2.595440246126934
STU_009,CHEM500_03237,3.113461513997049
STU_009,PHYS200_03239,2.3145192992815957
STU_009,PSYCH100_03248,2.180258313399083
STU_009,STAT100_03274,3.278158306098892
STU_009,ENGR400_03281,3.2580355647006463
STU_009,ENGL200_03310,2.817591816842742
STU_009,ENGL300_03314,2.6980717861461545
STU_009,CHEM400_03321,3.277889711322559
STU_009,MATH200_03349,3.3939891605876684
STU_009,BIO400_03373,3.878533303640391
STU_009,ECON200_03381,1.9587442877477832
STU_009,MATH200_03384,3.470360630528684
STU_009,ECON400_03398,2.2630970770862584
STU_009,BIO500_03410,2.859617104696403
STU_009,STAT100_03452,2.658175514145352
STU_009,ENGR300_03504,3.247366279482322
STU_009,CHEM100_03552,3.246102945300508
STU_009,ENGR300_03564,1.952451228501838
STU_009,PHYS100_03581,2.3921869168459633
STU_009,PHYS300_03596,1.9263930013473518
STU_009,ECON100_03675,4.297699723507631
STU_009,ENGL100_03711,2.750649573982354
STU_009,ENGR100_03712,2.576521358126433
STU_009,MATH500_03758,3.6266579539989197
STU_009,PSYCH300_03787,3.232795655077381
STU_009,STAT500_03789,3.5500614560552735
STU_009,BIO300_03804,2.5025671411100356
STU_009,PSYCH400_03820,3.3898605388235246
STU_009,CHEM100_03855,2.97645758964309
STU_009,CS200_03868,2.74935470765258
STU_009,CS300_03871,2.699508959488155
STU_009,STAT300_03880,3.283415541974476
STU_009,ENGL100_03884,3.494133991296001
STU_009,ECON200_03901,2.27812506945266
STU_009,CS200_03993,3.0660553776310904
STU_009,CHEM200_04008,3.0192218511043496
STU_009,PSYCH300_04013,2.799548295879376
STU_009,ENGL500_04036,3.140598520255154
STU_009,MATH400_04113,2.9447545111580937
STU_009,ENGL300_04116,4.1380631538895605
STU_009,CS100_04125,2.496804511402423
STU_009,MATH200_04140,3.99676297137066
STU_009,STAT400_04143,2.932235421591423
STU_009,CS400_04201,3.3885933660216105
STU_009,STAT200_04207,3.350867854203841
STU_009,BIO200_04216,3.0649490353643603
STU_009,STAT100_04243,2.7066710843998836
STU_009,CHEM100_04271,3.0911579156345352
STU_009,ENGL300_04302,2.7881881706480334
STU_009,CHEM400_04312,2.3251355709466135
STU_009,STAT500_04321,2.2302008766364554
STU_009,CHEM200_04324,3.0190021562252225
STU_009,PSYCH100_04340,3.4299395123546317
STU_009,CHEM300_04363,3.592974479378894
STU_009,MATH200_04371,4.068579861310424
STU_009,ENGR400_04374,2.003037497434728
STU_009,ECON300_04389,3.701565450633546
STU_009,STAT400_04398,1.846782370665939
STU_009,ENGL100_04416,1.8525133698753473
STU_009,ECON300_04424,3.2987833180534407
STU_009,MATH200_04425,2.003763382138126
STU_009,CHEM200_04429,4.494647135874349
STU_009,CHEM300_04476,2.972223945429826
STU_009,CS100_04493,3.133504535796915
STU_009,BIO500_04500,2.4663342835564386
STU_009,CHEM100_04531,2.685529874037832
STU_009,MATH300_04563,2.970033589056427
STU_009,MATH400_04567,3.3254145150429757
STU_009,BIO200_04572,1.5565407675584029
STU_009,CS400_04583,3.1524613465576183
STU_009,ECON300_04587,2.823350161381494
STU_009,PSYCH300_04589,3.4405354546662177
STU_009,ENGL200_04597,2.1567094903716613
STU_009,PHYS400_04617,2.8902082153056625
STU_009,ENGR400_04629,3.41829951752873
STU_009,CS400_04632,3.3396866706642525
STU_009,MATH200_04644,3.263234312596317
STU_009,STAT200_04674,3.127582538781954
STU_009,PHYS200_04695,3.06482094509989
STU_009,CS400_04711,3.092874608451987
STU_009,CHEM300_04735,2.523216546106254
STU_009,MATH400_04737,2.3408155609293164
STU_009,CHEM300_04739,2.561465585309677
STU_009,CHEM200_04754,3.054528843887076
STU_009,PHYS200_04768,3.2727884419624274
STU_009,CHEM300_04769,3.197824253102868
STU_009,MATH500_04822,2.7249481183115187
STU_009,CHEM300_04843,3.8845439539459425
STU_009,ENGL400_04938,3.7310583751445154
STU_009,PHYS400_04949,3.054855906793107
STU_009,ENGL100_04953,2.547496491922791
STU_009,CS100_04969,3.48035005489356
STU_009,STAT300_05034,3.0792270664777495
STU_009,BIO200_05035,2.353313186466584
STU_009,ECON500_05160,2.161042701362136
STU_009,BIO200_05184,3.8902668177084503
STU_009,PSYCH400_05185,3.2942649615377078
STU_009,MATH500_05217,3.114669813038469
STU_009,PHYS300_05264,2.2902319152497945
STU_009,STAT400_05268,3.408935160658437
STU_009,ECON200_05282,3.050850800314475
STU_009,ENGL400_05326,2.737979425808475
STU_009,PSYCH300_05366,2.9394332691433767
STU_009,ENGL100_05382,3.3491255471904706
STU_009,CHEM100_05458,2.9281377594748452
STU_009,ENGR200_05487,2.318007221904448
STU_009,CS200_05496,3.890420294054294
STU_009,ECON500_05521,2.4142241848098553
STU_009,ENGR200_05522,2.619923258646902
STU_009,CHEM400_05546,2.085516514918565
STU_009,MATH500_05603,2.7010390639571864
STU_009,BIO400_05608,3.651906988144298
STU_009,PSYCH300_05610,3.132788291388823
STU_009,ENGL100_05668,3.4802364419784078
STU_009,CS100_05671,3.600631528643123
STU_009,PHYS500_05696,2.214510613504145
STU_009,MATH100_05701,2.892480827575364
STU_009,CS300_05712,2.1274085830241134
STU_009,BIO200_05745,2.49893763690233
STU_009,CHEM400_05775,3.417617565527824
STU_009,PHYS400_05780,2.552189669545695
STU_009,ECON400_05807,3.016592816982936
STU_009,ECON500_05814,2.896889916432919
STU_009,CHEM200_05831,3.2007310268630396
STU_009,BIO500_05866,1.856729232255352
STU_009,PSYCH500_05875,1.8757823133391387
STU_009,PSYCH400_05893,2.2891743666204043
STU_009,ECON300_05912,3.6132406125570853
STU_009,PSYCH200_05914,3.4874546978726837
STU_009,PHYS300_05916,2.0430696625110842
STU_009,PHYS100_05939,3.8762132497932855
STU_009,ENGR200_05940,3.378770877604638
STU_009,CS200_05942,3.8833874743142682
STU_009,BIO200_05971,2.9130554231275463
STU_009,ECON500_05978,2.8256768750491705
STU_009,STAT200_06002,2.851216810682925
STU_009,STAT400_06029,3.322910047204104
STU_009,CS300_06037,2.9131294946674027
STU_009,MATH100_06057,2.810705377861618
STU_009,PHYS400_06069,2.2862084027240557
STU_009,ECON100_06081,2.8641567726839585
STU_009,CHEM100_06101,3.6796957644005666
STU_009,ENGR300_06103,3.5122757441608163
STU_009,STAT200_06153,3.471105284074759
STU_009,ECON400_06169,3.355460728502959
STU_009,ENGR300_06180,2.9663025828874905
STU_009,ECON400_06194,3.2555620819103503
STU_009,PSYCH100_06196,3.3807492898150713
STU_009,BIO100_06198,3.1786459887764003
STU_009,CHEM200_06223,3.1332241387295103
STU_009,ENGL100_06230,2.9902541478951323
STU_009,PHYS200_06235,3.124271828683016
STU_009,BIO200_06269,1.5227412911478972
STU_009,CHEM400_06270,3.129671033110781
STU_009,ECON300_06272,3.053960071134868
STU_009,ENGR300_06282,3.7175636181657343
STU_009,ENGR500_06292,2.813013554316194
STU_009,ECON100_06385,3.1299181328211407
STU_009,MATH300_06393,3.3572185137656962
STU_009,STAT200_06450,2.3849277992275293
STU_009,ECON300_06451,3.177280771261291
STU_009,PHYS400_06468,2.4699472485379395
STU_009,ENGR200_06507,2.6958766334894464
STU_009,PHYS300_06521,3.4572346617530174
STU_009,CHEM100_06523,3.9709002582464294
STU_009,ENGR300_06553,3.477790587114346
STU_009,PSYCH500_06562,3.0292106321206234
STU_009,BIO100_06568,2.784950439701825
STU_009,STAT200_06574,3.0753395569405253
STU_009,CHEM500_06589,2.267909119439876
STU_009,PHYS300_06613,3.6313934736684965
STU_009,CHEM100_06625,2.15709515425151
STU_009,ECON200_06675,1.899227080087206
STU_009,MATH200_06702,3.058387561020993
STU_009,CS200_06723,1.794516548953881
STU_009,MATH300_06735,2.7452883349500827
STU_009,CHEM400_06797,3.5684762250189994
STU_009,CS100_06832,3.009698099137379
STU_009,MATH400_06834,3.3106232418874457
STU_009,ENGL100_06855,3.3097001779494675
STU_009,CHEM400_06895,2.7320664836907453
STU_009,ENGL200_06906,4.291186589800319
STU_009,STAT100_06933,3.4522854836388306
STU_009,ENGL500_06967,2.2052386306424503
STU_009,PSYCH500_06970,2.9434962612212887
STU_009,STAT400_06989,2.3967283271191673
STU_009,ECON200_07009,2.1941812131280845
STU_009,CS100_07017,2.4617456501374013
STU_009,CS100_07019,3.609399821037011
STU_009,CHEM300_07021,2.3156015214577246
STU_009,STAT200_07036,2.7332916617329204
STU_009,ECON400_07043,1.6990164256721045
STU_009,ECON300_07046,3.312904907052913
STU_009,STAT100_07062,3.8512452570258175
STU_009,ENGL300_07075,2.351897406575517
STU_009,PSYCH400_07076,2.3812284783362183
STU_009,PSYCH500_07079,2.9452376374225633
STU_009,BIO200_07097,3.0117761697031344
STU_009,CHEM400_07098,3.4149006040864673
STU_009,BIO400_07107,2.8405118486481866
STU_009,ECON200_07156,3.089315070578061
STU_009,CHEM300_07157,2.48990322127971
STU_009,CS300_07194,3.309562736917553
STU_009,BIO300_07226,2.160523276837321
STU_009,BIO100_07237,3.357850486800441
STU_009,PHYS400_07247,1.6171243191131848
STU_009,PHYS300_07285,2.8214716503149937
STU_009,CHEM300_07297,3.247770061035065
STU_009,PHYS100_07343,3.1507738710827065
STU_009,BIO200_07348,2.3651791246800693
STU_009,MATH200_07351,2.910856423907494
STU_009,BIO300_07362,3.0868493758096314
STU_009,MATH100_07387,3.169857209688754
STU_009,STAT100_07473,3.636467989716982
STU_009,ENGL300_07492,3.0422493387703917
STU_009,PHYS200_07529,3.1484261878336617
STU_009,STAT400_07559,3.01039675990636
STU_009,BIO100_07561,3.167741847561074
STU_009,BIO500_07563,2.7675287451231996
STU_009,BIO300_07570,2.4569694469173244
STU_009,MATH300_07593,2.4944588243503487
STU_009,PHYS300_07623,3.1797566847610654
STU_009,BIO100_07657,2.4188704113804644
STU_009,ECON200_07663,4.244950724102448
STU_009,MATH400_07675,2.605991889216509
STU_009,MATH300_07680,3.076319489116636
STU_009,BIO300_07735,3.3046448014093346
STU_009,CHEM400_07738,2.883153602763372
STU_009,CS300_07780,3.3271844016944905
STU_009,ECON500_07784,3.0100742057715966
STU_009,ENGR100_07801,2.9898034275423155
STU_009,PHYS200_07830,3.344307795941862
STU_009,STAT100_07863,2.112534699831095
STU_009,CHEM300_07928,2.905491100259667
STU_009,ENGL100_07948,4.063849043372478
STU_009,ECON300_07957,2.6142640374751616
STU_009,ECON200_07974,2.692519280626236
STU_009,ECON200_07988,3.230079628687748
STU_009,PSYCH500_08003,3.012121451267516
STU_009,BIO200_08036,3.3289401274083583
STU_009,ECON300_08052,2.2139819512439196
STU_009,ENGL400_08067,3.147195826427834
STU_009,PSYCH300_08073,3.0462617248940087
STU_009,STAT300_08075,2.723623045740861
STU_009,CS200_08076,2.6901033209679506
STU_009,ENGR400_08115,2.6943146002495943
STU_009,ENGR500_08119,3.35884719715542
STU_009,BIO300_08139,2.8433551186690456
STU_009,ENGR500_08146,2.7441872916177066
STU_009,ENGR500_08148,2.1845150973591148
STU_009,ECON300_08150,3.6991230789008176
STU_009,MATH200_08164,3.001022595083139
STU_009,PSYCH200_08167,3.815438200755099
STU_009,MATH300_08175,3.374081749973838
STU_009,PHYS500_08202,3.5648641550815587
STU_009,MATH400_08221,3.597162486581833
STU_009,STAT200_08222,2.286921886433929
STU_009,PSYCH400_08224,3.5244802813639096
STU_009,ENGL300_08258,2.909907492202014
STU_009,BIO200_08282,3.181313660339474
STU_009,STAT500_08294,3.0263676771697003
STU_009,ENGR200_08306,3.1549042826083644
STU_009,CS400_08315,1.8764853159091885
STU_009,MATH400_08326,2.6056899017978
STU_009,PHYS200_08347,2.2393043127550927
STU_009,ENGR500_08366,3.5077614943701807
STU_009,ENGR100_08388,2.9817869858911785
STU_009,ECON100_08433,2.4813751715891907
STU_009,ENGL200_08462,3.1451187536625755
STU_009,ENGR300_08494,3.0618192698199045
STU_009,CHEM100_08538,3.241484741858808
STU_009,BIO200_08574,3.692615414153045
STU_009,PSYCH200_08580,2.786797402638718
STU_009,MATH400_08582,3.4795589983832667
STU_009,ENGR300_08601,2.2328576376122884
STU_009,MATH300_08612,2.5672776120960794
STU_009,MATH300_08622,3.081123197410286
STU_009,ECON300_08624,3.5300824580863788
STU_009,STAT500_08658,2.738209777321562
STU_009,PHYS200_08667,3.077620326440735
STU_009,ENGR200_08671,3.388219581420134
STU_009,STAT500_08684,2.848893401567012
STU_009,ECON100_08692,3.896372629647595
STU_009,PSYCH400_08727,2.840340574726489
STU_009,CS400_08729,2.333908920679417
STU_009,MATH300_08786,2.877300408028952
STU_009,ENGL100_08799,1.612754206873652
STU_009,ENGR400_08860,1.4815018356356169
STU_009,ECON200_08863,3.7156098596863574
STU_009,CHEM400_08907,4.047236705627579
STU_009,ENGR300_08955,3.270619420876445
STU_009,ENGR400_08963,3.087473000782141
STU_009,ENGL300_08981,3.7445297918874525
STU_009,STAT100_08984,2.83731663134497
STU_009,MATH200_08997,3.767607351826599
STU_009,CHEM400_09063,2.9447307804265845
STU_009,CHEM400_09104,2.258405194905212
STU_009,ECON300_09114,1.4081668886985368
STU_009,PHYS400_09151,1.3890881477785932
STU_009,ENGR300_09261,2.4200987413225232
STU_009,PHYS400_09298,2.644788176685013
STU_009,STAT300_09312,2.2129888748576367
STU_009,ECON300_09340,2.4659558230144896
STU_009,ECON500_09366,3.1434063246134323
STU_009,ENGL300_09391,2.8318271883382744
STU_009,PSYCH200_09396,2.636810078795489
STU_009,ENGL500_09411,2.5943110289794267
STU_009,STAT200_09413,3.2029234064483063
STU_009,ECON400_09440,2.564970870165629
STU_009,STAT200_09453,2.607912587650249
STU_009,BIO500_09456,3.419801099521528
STU_009,ENGR500_09461,2.527903985175837
STU_009,STAT300_09467,3.213710573913711
STU_009,CHEM100_09479,3.3114358371907744
STU_009,CS400_09485,2.061481175297463
STU_009,ENGR100_09514,2.783468686916467
STU_009,ENGR200_09550,3.054153561732187
STU_009,ENGR100_09558,2.544685370461467
STU_009,BIO100_09575,3.2425396843174346
STU_009,CS300_09641,2.764141564344128
STU_009,MATH100_09671,2.142123676605264
STU_009,PSYCH400_09682,1.837792565742172
STU_009,ENGR400_09722,3.562398118990589
STU_009,ENGL200_09730,3.2884723708089147
STU_009,ENGL200_09736,2.550107925014304
STU_009,ENGR100_09740,2.3428502980972974
STU_009,BIO300_09744,1.769384665745946
STU_009,ENGR300_09804,3.6226307522824284
STU_009,ENGR300_09840,2.842776243915388
STU_009,PSYCH300_09875,3.2012171096556488
STU_009,BIO300_09892,3.4922298923336372
STU_009,ENGL500_09915,3.830516752316913
STU_010,PHYS500_00009,2.4522627065687352
STU_010,PHYS200_00015,2.0637459810006638
STU_010,PHYS400_00032,3.032165564129927
STU_010,BIO100_00048,2.797838660908348
STU_010,PSYCH200_00081,3.2110300070151636
STU_010,ENGR400_00144,3.0382346468028216
STU_010,BIO200_00162,2.5676813426158147
STU_010,CS400_00192,1.7880259564840943
STU_010,MATH300_00195,3.3496140486508814
STU_010,CS300_00243,3.4670386824922095
STU_010,ECON300_00258,2.9702429307918563
STU_010,PHYS200_00261,2.2255872850763216
STU_010,BIO400_00271,2.5766030269265023
STU_010,CHEM200_00289,3.0023602904962514
STU_010,ENGL300_00296,3.6883329702541703
STU_010,ENGR500_00306,3.389121936828402
STU_010,ECON400_00312,2.8936538214919305
STU_010,CS100_00315,3.7829042525017202
STU_010,STAT300_00328,2.9862602607093875
STU_010,ENGL200_00370,2.3066942352274067
STU_010,PSYCH100_00426,3.0737094607518434
STU_010,CHEM200_00458,2.4860712505968325
STU_010,CS300_00481,3.4799221217003318
STU_010,ENGR500_00515,3.5207147508213756
STU_010,ECON300_00533,2.707777615462311
STU_010,ECON500_00566,3.5730480479299516
STU_010,MATH300_00571,3.1399717475618663
STU_010,CS400_00587,3.434812944418233
STU_010,STAT100_00604,3.142018962832641
STU_010,ECON500_00606,3.9197015381250067
STU_010,MATH100_00630,2.8076816180841013
STU_010,STAT300_00663,3.1555961509261854
STU_010,ENGR500_00684,3.4148504680532294
STU_010,PSYCH200_00706,2.8222635731059467
STU_010,PHYS500_00725,3.180017902543431
STU_010,ENGR500_00728,2.2736150686626933
STU_010,ECON400_00756,1.2612707210410454
STU_010,ECON500_00782,2.48786640186214
STU_010,PSYCH100_00799,2.025372105738094
STU_010,BIO500_00801,3.6724123442390626
STU_010,PSYCH300_00826,2.9027125043430098
STU_010,STAT100_00850,3.314573956161909
STU_010,CHEM300_00889,1.802831970853406
STU_010,STAT500_00900,3.336689997904528
STU_010,CHEM500_00905,2.583532041959807
STU_010,MATH200_00939,4.741354881882151
STU_010,ECON300_00948,2.6678205253893315
STU_010,BIO400_00949,4.470619976576029
STU_010,BIO200_00956,1.5494930448259825
STU_010,ENGL500_00986,2.438335869366884
STU_010,ENGR300_00989,2.452942307754726
STU_010,CS300_01032,2.549813443185543
STU_010,CHEM400_01040,3.7262763511339334
STU_010,PHYS500_01044,3.0483204820218663
STU_010,ENGL500_01078,3.86288107230941
STU_010,CHEM300_01080,2.710535843742932
STU_010,ECON200_01107,3.049139463950531
STU_010,ENGR500_01139,3.389068267228006
STU_010,ENGL500_01147,3.1606450469314993
STU_010,PHYS100_01156,3.4405115404877895
STU_010,PSYCH400_01162,3.0360724677907247
STU_010,ENGL300_01171,2.4089546247775755
STU_010,PHYS400_01177,3.390248334492988
STU_010,ECON100_01188,3.6343295174832297
STU_010,CS200_01197,3.3367249756678388
STU_010,STAT400_01209,2.9032123546410324
STU_010,CS500_01262,2.4001034991092087
STU_010,ECON200_01268,2.477557079211994
STU_010,PHYS200_01271,4.0690448722123955
STU_010,CHEM500_01287,2.2080649436777047
STU_010,ENGR500_01310,3.2433174684836708
STU_010,STAT200_01317,3.51254712649982
STU_010,BIO500_01321,2.106150180457587
STU_010,ECON100_01336,2.97888741817363
STU_010,CHEM100_01379,4.56316039441373
STU_010,CS100_01431,3.3357072947965496
STU_010,CS100_01437,3.5990951435598864
STU_010,PSYCH300_01444,3.4759570458550417
STU_010,ECON300_01452,1.8171726103395955
STU_010,MATH100_01480,3.381518919427087
STU_010,PHYS500_01494,2.887318941070948
STU_010,ENGR100_01502,3.376520441191386
STU_010,ECON100_01517,2.1311273836576157
STU_010,ECON500_01534,2.56355097565162
STU_010,BIO200_01542,3.315959024054576
STU_010,PHYS500_01546,3.3833281201066123
STU_010,PHYS100_01563,2.594689143282982
STU_010,CHEM300_01583,3.162831568466761
STU_010,PSYCH100_01631,2.7658423892670823
STU_010,STAT300_01672,3.364171606190584
STU_010,BIO300_01684,2.728238404375855
STU_010,STAT200_01722,2.7587520679835476
STU_010,STAT300_01723,3.5243340327220487
STU_010,ENGL400_01749,3.2298341711235143
STU_010,MATH300_01754,3.1412945927087286
STU_010,ECON400_01772,3.144237462437528
STU_010,CHEM300_01795,3.6501372047486034
STU_010,CS400_01799,2.924399268328035
STU_010,STAT400_01803,3.7531128220623082
STU_010,CHEM300_01807,3.163569224314305
STU_010,CHEM400_01818,2.9482946739350955
STU_010,PHYS400_01859,2.6851520895122936
STU_010,CS500_01899,3.4324966179758416
STU_010,ECON100_01951,3.1460385239213577
STU_010,ECON500_01968,2.613877488498277
STU_010,ENGL500_01976,3.4774732686759458
STU_010,ENGR300_01998,2.136467274549979
STU_010,BIO300_02045,3.540305902117428
STU_010,PSYCH100_02098,2.459812750781078
STU_010,CHEM500_02111,2.2492566531380422
STU_010,PHYS200_02144,1.7329793306107373
STU_010,STAT100_02151,3.67776194362871
STU_010,STAT200_02154,3.524979884936974
STU_010,ENGR200_02163,3.1394242380014257
STU_010,PHYS400_02165,3.4361774518382058
STU_010,ECON400_02170,2.911234979920903
STU_010,PHYS500_02171,2.074223877820528
STU_010,CHEM500_02182,3.0655087800279803
STU_010,CHEM200_02190,1.9858497547802472
STU_010,STAT500_02228,2.4896208141150677
STU_010,MATH400_02242,2.002570050367046
STU_010,BIO200_02254,2.6779027306941483
STU_010,STAT500_02301,3.5911605460280227
STU_010,BIO200_02366,2.6575251941356024
STU_010,STAT400_02383,3.2922733011172616
STU_010,ECON400_02403,4.295207313484961
STU_010,PHYS400_02414,1.723218194885323
STU_010,ENGR400_02440,1.7390123818805419
STU_010,MATH300_02441,2.9391616860528003
STU_010,BIO200_02481,2.3972011924756185
STU_010,PHYS200_02486,2.252235498894512
STU_010,MATH300_02496,2.5246875960961424
STU_010,CS100_02523,3.5115211451584094
STU_010,ENGL400_02524,2.9564295596662875
STU_010,ENGL400_02552,4.129750419024629
STU_010,ENGR100_02559,3.4955131222276483
STU_010,PSYCH100_02598,3.372467058738927
STU_010,CHEM100_02616,2.5343338162650535
STU_010,BIO100_02617,3.991073431178955
STU_010,CS400_02618,2.9455078980921643
STU_010,ENGR500_02676,2.5048959263025075
STU_010,ENGL200_02680,2.6194808002247947
STU_010,MATH200_02700,4.740950936782569
STU_010,CHEM100_02707,3.098713331024768
STU_010,ECON200_02711,3.7694526889441446
STU_010,CHEM400_02718,2.4693666392226956
STU_010,ENGR100_02765,4.414005787470328
STU_010,CHEM200_02820,2.241039736912317
STU_010,ECON400_02848,3.1707262711099373
STU_010,PHYS400_02900,3.273172407767561
STU_010,BIO300_02937,3.3258400088806237
STU_010,PHYS100_02939,3.5269656634445035
STU_010,ENGL400_02957,3.350969027976301
STU_010,PSYCH300_03007,4.271341058681105
STU_010,ENGR300_03016,2.9071666620687733
STU_010,ENGL200_03024,3.9851160029172714
STU_010,MATH300_03056,4.074810874933731
STU_010,BIO200_03156,2.872394889860871
STU_010,PSYCH500_03179,2.525511939077484
STU_010,PHYS100_03191,3.529035398034347
STU_010,STAT100_03195,3.101852585151175
STU_010,CS400_03200,2.480392004739513
STU_010,ENGR200_03208,1.9057011877268226
STU_010,STAT500_03216,3.913400145135029
STU_010,CHEM300_03217,3.1316636189602027
STU_010,ENGL100_03256,2.338250903011009
STU_010,PHYS100_03282,3.819504497275107
STU_010,ECON300_03305,2.662599364861839
STU_010,MATH200_03318,2.876882650871248
STU_010,CS200_03326,3.890935829742315
STU_010,CHEM500_03402,3.5140677018314896
STU_010,ENGL300_03403,3.3340003582602105
STU_010,BIO500_03414,3.732781550119351
STU_010,PSYCH500_03431,3.0967835694494936
STU_010,CS300_03462,2.4719165927872995
STU_010,STAT200_03473,3.290758862911598
STU_010,BIO300_03482,2.130949051062788
STU_010,PHYS500_03492,2.637315302357995
STU_010,ENGR400_03499,2.352526513721979
STU_010,STAT200_03509,2.9097439486441536
STU_010,CS200_03534,2.6912253357196727
STU_010,BIO400_03557,3.7574030143427337
STU_010,ENGR500_03566,2.9815565067552026
STU_010,MATH100_03576,2.0414997020179317
STU_010,STAT300_03590,2.711345493465089
STU_010,CHEM400_03616,3.4300056117027027
STU_010,BIO200_03618,3.1664594490428177
STU_010,MATH200_03798,2.2824803604237
STU_010,ECON200_03812,3.073006052088191
STU_010,CS500_03819,2.992644674609368
STU_010,ECON100_03848,2.6992695175662043
STU_010,ENGL500_03865,2.123148571759036
STU_010,PHYS100_03886,3.7424736589305208
STU_010,STAT400_03887,3.8788974646148606
STU_010,MATH400_03925,3.8341680184943012
STU_010,CHEM300_04001,2.9521512736667437
STU_010,CHEM500_04062,4.129641520094806
STU_010,PSYCH200_04095,2.5900394335356913
STU_010,MATH200_04101,3.1403248992062838
STU_010,MATH400_04113,2.214948022798622
STU_010,ECON200_04144,2.595392079883356
STU_010,ENGL300_04146,2.7083465212705926
STU_010,ENGL300_04148,2.5377390361550227
STU_010,ENGR400_04169,2.8138241398419224
STU_010,STAT500_04172,3.8970860173978465
STU_010,CHEM100_04177,2.9543216518603566
STU_010,PHYS100_04211,3.0473541022319823
STU_010,CS300_04241,3.5565716315667375
STU_010,STAT100_04243,4.525425632693484
STU_010,STAT100_04254,3.5019063149086027
STU_010,PHYS300_04269,3.286328494137731
STU_010,ENGL300_04302,2.914013388452662
STU_010,PSYCH100_04340,1.368928639627364
STU_010,ENGL300_04379,3.7278988812164795
STU_010,CHEM300_04385,3.863225674181787
STU_010,ENGR100_04423,3.153082743683862
STU_010,PSYCH500_04433,3.2290633451891364
STU_010,PHYS500_04437,1.7749953155123013
STU_010,ENGR300_04462,2.792898064902371
STU_010,BIO200_04496,3.1127081283255236
STU_010,PHYS400_04548,3.3914997734241537
STU_010,ECON500_04553,2.0591807295077467
STU_010,STAT400_04580,1.5895660731507495
STU_010,STAT500_04614,2.6499818625070963
STU_010,BIO200_04627,2.9379106705761022
STU_010,ENGR400_04628,2.708938392242056
STU_010,PHYS500_04678,3.8576879419121965
STU_010,PSYCH300_04696,2.8174005842030003
STU_010,PSYCH200_04712,2.242885435243333
STU_010,BIO400_04740,4.022978205660369
STU_010,ECON100_04760,3.607908570251297
STU_010,MATH400_04778,2.2976677687627713
STU_010,ECON200_04821,3.167810101529842
STU_010,MATH200_04827,2.846653942275199
STU_010,BIO300_04838,3.1873750782895294
STU_010,ECON200_04854,3.319666222804182
STU_010,BIO200_04863,2.8473497086061785
STU_010,STAT200_04864,2.3785993432090606
STU_010,PSYCH400_04882,4.023464572357554
STU_010,ENGR100_04889,3.3984958718801277
STU_010,BIO100_04907,3.875359577943203
STU_010,PSYCH500_04933,3.057215855327084
STU_010,STAT300_04943,3.2162096148501567
STU_010,ENGL400_04954,2.747616608012903
STU_010,CS400_04963,2.569255797862509
STU_010,ENGL200_04984,4.537337165485831
STU_010,ENGL200_04996,3.361945487372692
STU_010,ENGR300_05051,3.4121838896498318
STU_010,MATH300_05063,1.9934353319041884
STU_010,MATH100_05100,3.262916417091336
STU_010,PSYCH300_05103,2.7872431239583264
STU_010,PHYS500_05123,2.7804911889678565
STU_010,MATH200_05220,3.5690031401515068
STU_010,BIO500_05234,4.086184661983351
STU_010,PSYCH100_05248,2.8541379647085887
STU_010,ENGR200_05250,3.4816574121564905
STU_010,ENGR200_05271,3.6571199831830716
STU_010,ENGL200_05288,4.396024659388158
STU_010,CHEM300_05320,4.237264814698696
STU_010,ENGL300_05328,4.159759993442708
STU_010,ENGL200_05352,3.205597773673632
STU_010,PSYCH400_05356,2.821094054204408
STU_010,ENGL400_05417,2.8314334894562423
STU_010,MATH200_05448,3.361383334700103
STU_010,CS300_05465,3.0274659842966716
STU_010,ENGL100_05475,3.2181518680505623
STU_010,ENGR100_05502,3.8142474223274374
STU_010,ENGR200_05522,2.4159516146999347
STU_010,PHYS300_05526,2.7846002382493102
STU_010,CS300_05580,2.4970303199722483
STU_010,PSYCH300_05610,2.7340255536387614
STU_010,CHEM200_05620,2.236942273992418
STU_010,ENGR100_05661,2.8739958330150372
STU_010,ENGL100_05668,3.377505711677824
STU_010,PSYCH400_05723,2.9098808929527955
STU_010,CHEM300_05797,3.0815347076447517
STU_010,STAT100_05804,3.3166851893261033
STU_010,ECON400_05807,3.1985939930928406
STU_010,PSYCH100_05825,3.2875152552981186
STU_010,PHYS400_05844,3.1918263990482227
STU_010,CS500_05846,3.4889373498213394
STU_010,BIO400_05859,2.689199529034381
STU_010,PSYCH400_05867,3.6988935032013814
STU_010,PSYCH400_05893,3.6973156510343754
STU_010,PSYCH200_05903,4.19790394393352
STU_010,MATH400_05906,2.4193498379471463
STU_010,STAT500_05907,3.0362510482777783
STU_010,PSYCH300_05908,2.829399024593218
STU_010,STAT300_05917,2.618164184159743
STU_010,PSYCH100_05920,2.9236852260292796
STU_010,CS400_05924,1.8643758013734992
STU_010,MATH500_05928,2.0319405800976016
STU_010,STAT200_05936,2.852215060011094
STU_010,ECON200_05943,4.2280745555862085
STU_010,CS100_05970,2.6207090552243173
STU_010,ECON400_05977,2.604027658168617
STU_010,ECON300_05985,3.1153103193283433
STU_010,CHEM100_05987,3.075732839287965
STU_010,CHEM300_06041,3.3473804703012915
STU_010,ECON200_06043,3.196357493050301
STU_010,CHEM100_06058,3.7205322367655524
STU_010,PSYCH200_06092,2.810557310800232
STU_010,CS400_06114,1.9400506682747434
STU_010,ENGR300_06179,3.193016397048309
STU_010,ECON400_06182,2.4121023041413308
STU_010,ENGL300_06189,2.7229047474537635
STU_010,PHYS200_06235,1.9482569801834
STU_010,PSYCH300_06252,3.2647914559524813
STU_010,CHEM500_06255,3.2301733211096293
STU_010,ENGR400_06263,3.285458472850606
STU_010,PSYCH100_06273,2.9380663321183764
STU_010,CS500_06301,3.601673365796416
STU_010,MATH400_06332,2.3581220095618667
STU_010,MATH200_06346,3.915098528026885
STU_010,ENGR100_06353,2.897542900085716
STU_010,ECON100_06385,2.4713963356869737
STU_010,MATH500_06397,2.8024047890739086
STU_010,ENGR500_06421,3.154261044757987
STU_010,ENGL100_06440,2.208047009181939
STU_010,STAT200_06472,3.8860625552475057
STU_010,ENGL200_06494,3.4448981966199343
STU_010,BIO500_06505,3.307274795705881
STU_010,STAT500_06513,3.1711827557771204
STU_010,STAT100_06517,3.0332692886894126
STU_010,CHEM100_06523,2.5914743738350943
STU_010,ENGR500_06529,3.4361383091530926
STU_010,ECON400_06533,3.688976651621593
STU_010,BIO300_06539,3.6578974401853617
STU_010,ENGL300_06598,2.623836684904295
STU_010,CS200_06603,2.28645336970209
STU_010,ENGR400_06607,3.6777493688109235
STU_010,ENGR300_06614,2.473289520695113
STU_010,CHEM400_06615,2.461573584013582
STU_010,CHEM200_06621,3.117619544517164
STU_010,CHEM100_06652,3.024679395984111
STU_010,MATH500_06658,3.6361753836327186
STU_010,MATH500_06684,2.641014930012406
STU_010,ENGR500_06722,3.142698418034515
STU_010,PHYS300_06731,1.5738902747469439
STU_010,ENGR500_06740,3.237038544524989
STU_010,MATH400_06743,3.6569197814026695
STU_010,ENGR300_06778,1.459211514874712
STU_010,MATH100_06785,3.410634117199889
STU_010,PHYS200_06786,3.4431757779157577
STU_010,CHEM500_06788,3.3061725237436765
STU_010,MATH400_06793,3.9489172796276826
STU_010,CS300_06798,2.6336585917763036
STU_010,ECON500_06827,2.117455374522993
STU_010,ECON500_06864,2.5678180452495476
STU_010,ECON500_06867,2.353563045461361
STU_010,ENGL500_06876,2.8989355299966806
STU_010,CS400_06932,2.0966912285149064
STU_010,ENGL500_06996,3.9472634407328258
STU_010,STAT200_07001,3.186494575586903
STU_010,PSYCH100_07015,3.7113729123537484
STU_010,ECON200_07052,2.8541474609216246
STU_010,PSYCH100_07053,3.0145978223878953
STU_010,PSYCH100_07063,2.8121326127461876
STU_010,PHYS500_07088,2.225374734583127
STU_010,CS100_07106,3.7823343606122877
STU_010,PHYS200_07110,1.3449275544190613
STU_010,PHYS400_07163,3.0320956976528626
STU_010,ENGR400_07174,2.011842364866195
STU_010,CHEM500_07187,3.116903542426097
STU_010,CHEM200_07189,3.184129872357835
STU_010,BIO500_07210,2.6631900202417875
STU_010,ECON100_07249,4.082839519376214
STU_010,STAT400_07252,3.7597799930708016
STU_010,ENGL200_07267,3.2273531148863106
STU_010,ENGR400_07271,2.030332516928408
STU_010,CS400_07272,3.0701451874299317
STU_010,BIO400_07337,1.8399408766521885
STU_010,MATH200_07360,2.742187308187194
STU_010,ENGL100_07379,3.750243041374855
STU_010,ENGL200_07380,1.8255292987943763
STU_010,PSYCH100_07439,1.992136099710868
STU_010,PHYS500_07443,1.8139661625758485
STU_010,BIO300_07444,2.9943879136714027
STU_010,STAT400_07463,2.312547002406133
STU_010,MATH200_07464,2.519560939795319
STU_010,PHYS400_07466,1.9447055884403541
STU_010,MATH200_07470,2.7595308714771836
STU_010,PHYS100_07482,2.83624092693701
STU_010,ENGL300_07581,3.7578492299661623
STU_010,PSYCH100_07618,3.1789223939125306
STU_010,ENGL400_07629,2.6198459362859827
STU_010,PSYCH400_07633,2.5601090873415875
STU_010,PHYS500_07637,2.499279992957246
STU_010,ECON100_07670,3.4596703389902856
STU_010,PHYS300_07702,3.1270763282508915
STU_010,MATH400_07708,3.295031205051258
STU_010,CS500_07711,2.940297923283475
STU_010,MATH400_07728,2.7500169381148085
STU_010,CS200_07730,3.508659988713633
STU_010,PHYS200_07759,2.200088532579213
STU_010,BIO300_07774,3.3424411534708494
STU_010,CS200_07800,3.474856972733921
STU_010,ENGL300_07825,2.4922436819028997
STU_010,ENGR500_07829,3.28935237201814
STU_010,ENGR200_07835,3.048054774782465
STU_010,PSYCH100_07837,3.6787900158285094
STU_010,PHYS200_07843,4.299944167990448
STU_010,ECON200_07874,1.591799440041651
STU_010,ENGL400_07913,3.6701736705811605
STU_010,STAT500_07929,2.702115200569945
STU_010,ECON300_07945,2.164404847701109
STU_010,ENGR500_07970,4.731465667341125
STU_010,CHEM400_07972,3.60792536598286
STU_010,CS100_07984,3.440706750436321
STU_010,CHEM400_08004,3.2174309372198326
STU_010,ENGR100_08017,2.5024063196369597
STU_010,MATH200_08031,2.3916524390774545
STU_010,BIO400_08033,1.6622132378128385
STU_010,ENGL400_08070,3.0761987448616686
STU_010,ENGR400_08071,2.710972811989412
STU_010,PHYS200_08086,3.4040063282553192
STU_010,STAT500_08088,2.245577741260411
STU_010,ECON100_08097,4.2281258971076605
STU_010,ENGR200_08120,3.72671930739513
STU_010,CS300_08127,3.42284758699388
STU_010,ENGL100_08130,2.9322581438165125
STU_010,STAT400_08135,3.765827138499586
STU_010,ECON300_08150,2.5606934887068835
STU_010,ECON100_08188,3.9975135358367706
STU_010,ENGR400_08200,4.169614517310884
STU_010,ENGL200_08229,2.5059232752806726
STU_010,BIO100_08236,2.5825565386598517
STU_010,ENGR300_08259,3.4825837371531767
STU_010,BIO500_08269,2.756705752169325
STU_010,BIO300_08297,3.8266078186591175
STU_010,CS500_08310,2.794089556942477
STU_010,CS400_08358,2.7419331203414994
STU_010,STAT300_08369,3.0891511366090922
STU_010,MATH500_08377,2.449060408687065
STU_010,ENGL200_08391,2.167361667599587
STU_010,PHYS100_08408,3.218552802192477
STU_010,CS100_08421,2.624651482581367
STU_010,ENGR500_08422,3.559850997282206
STU_010,MATH500_08428,3.2031346807756638
STU_010,ENGL400_08461,3.2805291448550284
STU_010,BIO500_08503,2.5344589360274803
STU_010,ENGR100_08511,3.3013256254840595
STU_010,CHEM100_08522,1.8102055539454724
STU_010,BIO200_08551,2.654250297426189
STU_010,MATH400_08582,2.405712494146451
STU_010,PSYCH200_08585,2.7568010478442218
STU_010,MATH400_08591,3.3439729153732505
STU_010,CHEM300_08607,1.9506088140432136
STU_010,CS400_08614,2.4588328978078757
STU_010,ENGR100_08642,2.7487266077213466
STU_010,STAT500_08658,3.9193913333469546
STU_010,ENGL400_08668,1.6328983190903126
STU_010,BIO500_08681,2.8454217997792117
STU_010,CHEM400_08687,3.0162895257790843
STU_010,STAT300_08696,2.3145039349803884
STU_010,ECON400_08708,2.791769950037269
STU_010,STAT100_08724,3.4137990175245556
STU_010,CS300_08842,3.9587134244047575
STU_010,STAT500_08845,3.128728284632879
STU_010,PSYCH200_08910,2.8526010296492355
STU_010,PHYS100_08930,3.2941161984741227
STU_010,PHYS300_08942,3.2850203646663014
STU_010,PHYS200_08944,3.272604593042188
STU_010,STAT200_08954,2.4452415911745704
STU_010,STAT100_08984,2.43892537851847
STU_010,BIO300_08999,2.8004253453859205
STU_010,PSYCH300_09003,4.1246388852444005
STU_010,ECON300_09031,2.2348752098232567
STU_010,STAT100_09073,2.905986538684885
STU_010,STAT500_09084,2.9521925780244884
STU_010,ENGR500_09094,2.2608414482018038
STU_010,ENGL300_09144,3.347704819321358
STU_010,STAT500_09148,3.846557254058556
STU_010,CS400_09165,3.444748298484308
STU_010,ECON400_09235,3.076980401676695
STU_010,ECON100_09237,2.9110006305134934
STU_010,STAT300_09242,2.812363224451402
STU_010,STAT300_09272,2.7714449207083898
STU_010,ECON300_09287,3.1976555007261607
STU_010,CS200_09297,2.4653941024895714
STU_010,ENGR500_09323,2.8301063617004867
STU_010,STAT200_09327,3.608141302158999
STU_010,MATH400_09339,3.691403383954282
STU_010,ENGR400_09363,3.690534569678471
STU_010,STAT400_09431,3.7809257073021967
STU_010,ECON400_09443,3.5450495315917663
STU_010,ENGR200_09466,2.536644929235015
STU_010,CHEM100_09479,3.9111241713686686
STU_010,CS400_09543,3.1064488094892218
STU_010,ECON200_09568,2.360174885353464
STU_010,ENGL300_09578,1.5215996878883447
STU_010,PSYCH200_09663,3.4271953873854457
STU_010,ENGR200_09665,4.025803056934387
STU_010,STAT300_09669,2.893852182045464
STU_010,MATH100_09671,3.1502453769893584
STU_010,CS400_09677,3.57414034572474
STU_010,CHEM200_09691,2.9675433973159375
STU_010,PHYS200_09752,3.9122632712603345
STU_010,BIO200_09792,2.34070126969753
STU_010,CHEM300_09797,2.224372696083739
STU_010,PSYCH500_09819,4.081281918309936
STU_010,ECON100_09855,3.8227864827443745
STU_010,PSYCH500_09859,2.145272491710373
STU_010,BIO200_09880,3.0317165059775633
STU_010,STAT100_09891,3.0261234676232314
STU_010,ENGL500_09915,2.650263356188744
STU_010,MATH100_09954,2.5352002852513524
STU_010,CHEM500_09966,1.7633547438953352
STU_011,BIO100_00048,2.4169237800067775
STU_011,ENGL500_00087,3.2532315321339
STU_011,CHEM100_00093,3.5890459752145603
STU_011,BIO400_00124,2.9122754874727717
STU_011,BIO200_00137,4.1577043195590315
STU_011,CHEM500_00156,2.679375042956602
STU_011,PHYS200_00159,3.4348993604896436
STU_011,BIO300_00176,1.7514884509973088
STU_011,ENGL300_00198,3.5397019158691876
STU_011,ENGR300_00294,2.343147389592079
STU_011,ENGL300_00296,3.455581776121575
STU_011,BIO200_00301,2.702767979921076
STU_011,STAT300_00328,1.7785115105793647
STU_011,CHEM300_00355,2.8855849062035595
STU_011,ENGL500_00356,3.7376207149934806
STU_011,PSYCH400_00357,3.3366407322011016
STU_011,ENGL200_00370,1.7782037826539647
STU_011,ECON300_00400,2.7720700290576743
STU_011,BIO100_00415,3.0397366284353105
STU_011,MATH300_00419,2.2117172711038133
STU_011,PHYS300_00455,2.073049984998982
STU_011,ENGL300_00489,3.0640283451101884
STU_011,PSYCH300_00493,3.180245037572501
STU_011,PHYS200_00516,2.5425917988493043
STU_011,STAT500_00523,3.3806844497922737
STU_011,PSYCH400_00595,3.616427947189834
STU_011,CS100_00610,3.6793182205295705
STU_011,STAT100_00613,3.516686942051455
STU_011,STAT300_00625,3.5193512365476916
STU_011,ENGR500_00645,3.1543359760149703
STU_011,BIO400_00659,2.3427740970831543
STU_011,PHYS400_00677,3.1816070007677166
STU_011,STAT500_00709,1.9882931546719587
STU_011,STAT200_00719,2.824006691834957
STU_011,PSYCH500_00723,4.375986158424763
STU_011,ENGL300_00736,3.2592631639526948
STU_011,PHYS500_00751,1.8842617758341729
STU_011,PSYCH300_00768,2.821290835329426
STU_011,ENGL100_00791,2.8853699378925874
STU_011,PSYCH100_00799,2.358923838027254
STU_011,PSYCH400_00874,2.306721433282765
STU_011,CHEM500_00884,3.2033276459405
STU_011,PSYCH400_00890,4.003546182574036
STU_011,PSYCH100_00895,2.534188451302569
STU_011,CS500_00896,3.745627046805952
STU_011,PSYCH200_00901,3.8338404154160832
STU_011,CHEM500_00905,3.4895289483920604
STU_011,ECON300_00928,3.2907016960183553
STU_011,MATH400_00930,2.301398034006541
STU_011,PSYCH400_00932,2.846712409338054
STU_011,PSYCH500_00941,2.5263560778373506
STU_011,ECON300_00962,3.5387989709399643
STU_011,PHYS500_00977,3.748401536394383
STU_011,BIO200_00987,2.99129509420955
STU_011,ENGL400_00988,2.996118075016041
STU_011,ENGR200_01011,2.8472732776125893
STU_011,CS400_01033,2.2389446375814344
STU_011,STAT400_01073,2.829641912953484
STU_011,PSYCH100_01081,2.6750340291768135
STU_011,BIO500_01123,2.6145152537186225
STU_011,PHYS500_01142,2.6396287306931407
STU_011,CS100_01176,3.0853853568945433
STU_011,PSYCH300_01201,3.910515284531899
STU_011,CS500_01244,3.725149693869304
STU_011,CS400_01269,2.6714628708286794
STU_011,ENGL500_01276,3.5100332786005817
STU_011,PHYS400_01282,3.173903598659814
STU_011,ENGR400_01286,2.957118066468942
STU_011,PSYCH400_01291,3.963561940655941
STU_011,ECON400_01313,2.4938916643662683
STU_011,ENGL200_01318,3.2327565759490233
STU_011,PSYCH500_01326,3.8972886745776245
STU_011,BIO300_01333,2.8328149435156402
STU_011,CS100_01334,2.576940413890333
STU_011,ENGL200_01353,2.4353257114596722
STU_011,ENGL500_01406,2.6587617307379534
STU_011,STAT500_01407,2.309422154133007
STU_011,CS200_01440,1.6934294666193117
STU_011,ENGR200_01473,3.661854447722229
STU_011,CS200_01488,1.2415009687939818
STU_011,BIO500_01509,3.082988128208286
STU_011,STAT500_01527,2.314577450854333
STU_011,STAT300_01528,3.6828691809377165
STU_011,ECON500_01530,2.570522724024152
STU_011,ENGL100_01535,3.727398128478417
STU_011,CHEM300_01544,3.563638251042967
STU_011,STAT500_01558,2.920603554197657
STU_011,MATH100_01581,2.5451574310091827
STU_011,ENGR200_01585,2.8712380641705515
STU_011,ENGR500_01612,1.4633924102563252
STU_011,PSYCH100_01617,2.557498961270669
STU_011,BIO300_01630,3.219443268529124
STU_011,ENGL100_01642,3.1754634219416116
STU_011,CS400_01657,2.5475048150438093
STU_011,CHEM200_01673,2.8813469441551294
STU_011,PHYS100_01677,3.0295989582043417
STU_011,CHEM300_01687,3.3884454916420683
STU_011,CHEM400_01699,2.341142109790976
STU_011,CHEM300_01704,1.978226906988342
STU_011,CHEM400_01710,1.9073713410194642
STU_011,PHYS200_01716,2.477671943910915
STU_011,BIO400_01791,2.3094164518573246
STU_011,ENGR400_01794,3.4642132262246443
STU_011,STAT500_01853,2.3574573065350175
STU_011,MATH300_01911,3.256721621178148
STU_011,BIO500_01918,1.4171173755563098
STU_011,STAT100_01925,3.4565267302326212
STU_011,MATH300_01977,3.8817442691310924
STU_011,BIO500_01979,3.9779261286317267
STU_011,PHYS200_02017,2.3612641988047085
STU_011,CHEM400_02041,3.2537147131071107
STU_011,ENGR300_02071,1.324313037518578
STU_011,ENGR500_02093,3.5865685250897417
STU_011,ENGR300_02096,2.7163247599381624
STU_011,CHEM400_02109,2.5259264359535147
STU_011,ENGL300_02241,3.121341176018748
STU_011,BIO500_02269,2.989714146573709
STU_011,STAT500_02292,3.118585353575329
STU_011,ECON400_02336,3.538514892423097
STU_011,CHEM300_02359,2.103974754489256
STU_011,ENGL400_02365,1.850579582338259
STU_011,MATH500_02409,2.9734210039806186
STU_011,CS100_02411,3.382132792062081
STU_011,ECON500_02433,2.697976776373282
STU_011,PHYS500_02439,3.2678119055904906
STU_011,PHYS100_02467,1.9070525412635575
STU_011,BIO200_02481,3.1127436603171406
STU_011,BIO200_02528,3.3829062745878797
STU_011,MATH200_02534,2.0134866681225385
STU_011,MATH500_02551,3.2006603976531696
STU_011,ENGR100_02577,2.393352569205238
STU_011,PSYCH400_02581,2.5445818783898364
STU_011,ENGR100_02584,1.1430095964281244
STU_011,PHYS200_02589,2.5625730439617533
STU_011,CS500_02606,2.8698664794267317
STU_011,ENGR300_02611,3.04512617823119
STU_011,CHEM500_02614,3.0317459654269703
STU_011,STAT100_02628,3.596662716494809
STU_011,CS400_02636,4.263296762140447
STU_011,BIO500_02668,1.3158576197696012
STU_011,BIO200_02681,3.536102657814151
STU_011,PSYCH300_02694,2.0958054985614103
STU_011,CS300_02778,3.751242305152952
STU_011,ECON200_02784,1.987173732671698
STU_011,PHYS500_02832,2.572880696128601
STU_011,CHEM300_02870,2.787991055237427
STU_011,CHEM400_02880,2.251721057842437
STU_011,BIO400_02889,2.1394390503663487
STU_011,ECON100_02890,2.4713824514479255
STU_011,CS200_02897,3.256344162763664
STU_011,ENGL500_02903,2.524084361908904
STU_011,BIO200_03002,2.765263704924686
STU_011,CHEM400_03005,2.5609815882692555
STU_011,PHYS200_03052,3.326066043049651
STU_011,CS100_03101,2.3366051803750434
STU_011,CS100_03121,2.4991520695443525
STU_011,STAT500_03135,3.253832648127998
STU_011,ENGL100_03153,3.1798879506285567
STU_011,ENGL300_03185,3.704110092146692
STU_011,PHYS300_03226,3.0105229773737356
STU_011,PSYCH400_03227,3.755098195170904
STU_011,ECON100_03259,1.737227939183927
STU_011,ENGR400_03281,2.7238708457418945
STU_011,PSYCH200_03333,3.825800576796232
STU_011,ENGL100_03359,2.627315160982836
STU_011,ECON400_03401,2.5722651133863783
STU_011,ENGL300_03403,2.945257630448027
STU_011,CS500_03461,3.102022842375985
STU_011,PHYS100_03466,2.4395166517759277
STU_011,MATH300_03470,2.890755610016141
STU_011,CHEM500_03478,3.0302279440772977
STU_011,CHEM100_03493,3.281279519771028
STU_011,MATH300_03503,2.8448021014108056
STU_011,ENGR300_03504,2.4463813983221625
STU_011,PSYCH500_03526,3.0355557029762132
STU_011,BIO500_03536,2.5739663858117967
STU_011,PSYCH100_03560,2.5598593195249855
STU_011,PSYCH200_03587,2.802359437905224
STU_011,BIO500_03610,4.215356785673802
STU_011,CS100_03613,3.3468823198546773
STU_011,BIO200_03679,2.9765289294735946
STU_011,MATH100_03716,3.0150820213545124
STU_011,BIO400_03754,2.2840924252669357
STU_011,PSYCH200_03763,3.4231056445112404
STU_011,PHYS500_03778,2.938263922141239
STU_011,CS300_03796,2.647124663246938
STU_011,CS300_03854,3.034814429414628
STU_011,CS200_03868,3.5562694479590435
STU_011,ECON100_03894,2.641154902408325
STU_011,ECON100_03917,2.55516214509845
STU_011,STAT100_03947,3.1762462582404023
STU_011,PSYCH500_03956,3.5740227691362234
STU_011,PHYS500_04018,2.5076721293986117
STU_011,MATH300_04031,1.6751719755164598
STU_011,ENGL100_04049,3.8386920486298903
STU_011,PHYS200_04124,2.877667563554348
STU_011,ENGR500_04129,2.2118601836006055
STU_011,CS200_04153,2.479251601402026
STU_011,STAT500_04172,2.831489029893089
STU_011,ENGL300_04192,3.2159451333621267
STU_011,ENGR300_04286,2.809865745808219
STU_011,CS500_04288,2.7472736630301533
STU_011,PSYCH400_04311,1.968650799000244
STU_011,BIO100_04365,1.7862596460129097
STU_011,ENGL200_04375,3.179985116643004
STU_011,CHEM300_04385,2.923450442365336
STU_011,PSYCH200_04410,3.39087214952388
STU_011,STAT200_04426,3.037759819607785
STU_011,ENGL300_04438,3.45794312541663
STU_011,CS200_04445,1.9948729757435557
STU_011,ECON400_04456,2.8652495486256218
STU_011,PHYS200_04467,2.9207230921061558
STU_011,CHEM300_04476,2.5212958913415986
STU_011,PHYS200_04479,2.437182313251011
STU_011,ENGL300_04488,3.3508535279581055
STU_011,CS500_04504,3.446760426088945
STU_011,STAT500_04512,2.7110618455276514
STU_011,MATH200_04520,3.365914315544869
STU_011,PHYS100_04573,2.8229865810877204
STU_011,ECON500_04586,2.919372352806671
STU_011,PSYCH100_04606,2.530013644059112
STU_011,ECON100_04623,3.0713948264704305
STU_011,BIO300_04630,1.9121861135427172
STU_011,PSYCH300_04675,2.809146357457683
STU_011,STAT400_04690,4.265861346973921
STU_011,MATH400_04707,2.1774947731794985
STU_011,BIO400_04721,3.4006602826361885
STU_011,CHEM400_04736,1.6970912750278293
STU_011,CHEM300_04739,4.015253967159037
STU_011,MATH100_04750,3.5739012454635994
STU_011,CHEM200_04758,2.5133305756308326
STU_011,BIO100_04773,1.4717345292432973
STU_011,PHYS200_04792,3.3369889705529094
STU_011,PSYCH200_04793,2.2098965414101466
STU_011,ECON200_04821,2.4949190202139477
STU_011,MATH500_04822,2.7331528585307887
STU_011,CS200_04823,3.488975203703924
STU_011,CHEM400_04840,2.646664231987851
STU_011,ENGL400_04852,1.6300009489828033
STU_011,MATH100_04856,3.9147095296892918
STU_011,MATH300_04857,1.9179088385425582
STU_011,BIO100_04865,3.618955735643822
STU_011,ENGR100_04970,3.9813883793812224
STU_011,CS400_04974,2.655770558103399
STU_011,ENGR300_04975,3.0162634428014883
STU_011,ENGL400_05009,3.1939901043084213
STU_011,STAT300_05028,4.515035862055056
STU_011,ENGR100_05033,3.1544821519515804
STU_011,PHYS200_05045,3.440766285270805
STU_011,ENGR300_05048,2.1114583871931756
STU_011,BIO200_05077,3.2263913100377164
STU_011,CHEM500_05081,2.108575317640356
STU_011,CS400_05087,1.9648438055510506
STU_011,ENGR300_05097,1.4973651824117686
STU_011,MATH400_05104,3.3888367537849384
STU_011,PHYS100_05119,2.7113636910254026
STU_011,PSYCH200_05179,2.8754345579975618
STU_011,CS400_05187,2.7196615681885983
STU_011,ENGL200_05215,1.8428480414533066
STU_011,PHYS200_05262,2.303162736554855
STU_011,CS200_05276,2.7668857765027095
STU_011,CHEM400_05284,1.8304177998135263
STU_011,PHYS500_05295,2.2080362279902475
STU_011,ENGR500_05301,2.6503621190058744
STU_011,ECON100_05304,4.068959254854384
STU_011,MATH200_05334,2.061927322969871
STU_011,CS100_05339,2.9398303319797248
STU_011,STAT400_05354,3.012646214447071
STU_011,ECON400_05365,3.2257703201758767
STU_011,BIO100_05385,2.8912226966141468
STU_011,CS100_05397,3.3332151261690597
STU_011,BIO200_05416,1.9952430631691112
STU_011,ENGL300_05434,3.0913059227374933
STU_011,BIO300_05462,4.698695437074183
STU_011,MATH100_05474,3.49946008934523
STU_011,PHYS100_05495,2.654241718122433
STU_011,ENGR100_05497,3.328894691338933
STU_011,PSYCH500_05530,2.8909413459786433
STU_011,MATH400_05594,2.781136763975339
STU_011,PSYCH300_05610,1.8571104308040005
STU_011,ENGR500_05634,3.224821970661207
STU_011,BIO100_05643,3.5733343361345256
STU_011,PSYCH200_05649,3.4987924565848143
STU_011,BIO500_05667,1.8446491206087696
STU_011,ECON200_05669,1.970921690728136
STU_011,ENGR500_05731,2.579673055973032
STU_011,CS200_05739,3.288539855033732
STU_011,BIO100_05782,3.1324164139898074
STU_011,PHYS300_05794,3.1151568890621086
STU_011,MATH300_05835,3.918642922542465
STU_011,BIO100_05849,2.5309738145779934
STU_011,BIO300_05871,2.759635790408651
STU_011,BIO500_05872,3.2076621088219097
STU_011,MATH400_05922,3.1803484727842246
STU_011,CS200_05942,3.1748308294457273
STU_011,CHEM400_05944,3.788116438562026
STU_011,STAT200_05959,2.5307673952266105
STU_011,CS500_05964,2.274664942222925
STU_011,PHYS200_05965,3.2045480758433675
STU_011,MATH300_06021,3.139333619622281
STU_011,ENGR400_06040,3.4934988114515124
STU_011,MATH500_06055,2.7532961648800143
STU_011,ECON300_06080,3.9218678967961136
STU_011,CHEM100_06101,3.2111468446861298
STU_011,ENGL400_06129,3.3819181041552655
STU_011,CS200_06132,3.4848104507513056
STU_011,ENGR300_06160,2.5361971808626174
STU_011,MATH400_06233,2.2967034297330904
STU_011,CS500_06248,3.0331088868006058
STU_011,STAT200_06256,2.126976595856849
STU_011,STAT400_06309,3.010863711861032
STU_011,ENGR400_06333,3.274819150039019
STU_011,CHEM300_06400,2.6086351805749355
STU_011,ECON200_06436,3.407215273060362
STU_011,ENGR300_06444,3.1918032626985093
STU_011,BIO500_06448,3.4457355399163565
STU_011,PHYS300_06456,2.0279877254736616
STU_011,ENGR500_06487,2.2392775718064795
STU_011,ENGR500_06489,2.204572107785262
STU_011,STAT100_06492,3.743902110506022
STU_011,ECON400_06493,1.919239164931434
STU_011,BIO500_06497,3.2107921909118526
STU_011,PSYCH200_06525,1.99280955277673
STU_011,BIO400_06538,2.7560400944057446
STU_011,STAT500_06541,2.654186350351816
STU_011,ECON500_06554,2.3872436372553976
STU_011,MATH500_06581,3.2428190449260095
STU_011,PHYS300_06613,3.164343680044769
STU_011,PHYS200_06630,1.5509547129744305
STU_011,ECON100_06726,3.5927405481881216
STU_011,CS400_06733,2.5390232989303407
STU_011,CHEM500_06737,2.3577613179784134
STU_011,ENGL100_06747,3.2829015418744856
STU_011,BIO400_06765,1.889357704422427
STU_011,CHEM400_06769,2.976311722022103
STU_011,CHEM100_06845,1.9602541991475069
STU_011,CHEM300_06856,3.3026681120360424
STU_011,PSYCH100_06863,1.4369157559824268
STU_011,ECON500_06871,2.8133789828295583
STU_011,CS200_06880,2.6518944912915603
STU_011,MATH400_06934,2.086756065415603
STU_011,MATH200_06940,2.633833295389994
STU_011,PHYS500_06955,1.764756595188592
STU_011,ENGR400_06960,2.93907022753928
STU_011,ECON300_06961,2.1007802851952277
STU_011,STAT300_06981,2.6711937786255584
STU_011,ECON200_06990,2.6229802037841776
STU_011,CHEM500_07030,2.3031092541125746
STU_011,ENGL300_07075,3.0945044011212204
STU_011,PHYS100_07077,4.446239494671207
STU_011,BIO100_07094,1.8414540383612972
STU_011,PHYS200_07131,2.7022199852277202
STU_011,PSYCH100_07135,3.395749287862396
STU_011,PSYCH400_07158,2.4798189302154796
STU_011,PHYS100_07165,2.8419333577155905
STU_011,BIO200_07173,1.8515446971079936
STU_011,PHYS400_07185,2.4186104374910373
STU_011,CHEM200_07189,2.7739388572879484
STU_011,STAT100_07195,1.7422438678528194
STU_011,CS200_07200,2.5371160936715276
STU_011,ENGL100_07205,3.5316713157289663
STU_011,PHYS400_07247,2.708923805349112
STU_011,ENGL200_07289,2.974633325905771
STU_011,ENGL400_07303,2.5423050531745144
STU_011,ENGL200_07352,2.536870830934971
STU_011,MATH500_07353,4.255761972183889
STU_011,ENGR100_07369,1.6748958754411236
STU_011,MATH300_07398,3.981744558835871
STU_011,MATH100_07429,2.564844096062033
STU_011,CHEM200_07433,2.268759204189138
STU_011,ENGR400_07449,3.0985316573755064
STU_011,BIO200_07454,3.1750837923269395
STU_011,ENGR200_07476,2.7794321128929633
STU_011,ENGR500_07478,2.65776294727476
STU_011,MATH100_07488,3.387214925511513
STU_011,STAT200_07522,1.832219986801884
STU_011,PHYS100_07528,2.5236801188640214
STU_011,PSYCH200_07535,3.4401174209798175
STU_011,PHYS200_07536,3.1246674734774516
STU_011,CS100_07565,3.02606968810606
STU_011,PHYS500_07599,2.838092648070916
STU_011,PHYS300_07623,2.7357328390393194
STU_011,ENGL300_07639,3.901061959775423
STU_011,MATH400_07679,2.8827949432130646
STU_011,PSYCH400_07681,3.150927715870489
STU_011,MATH400_07708,2.4684665805460675
STU_011,ENGR500_07720,3.378255631601777
STU_011,PSYCH400_07778,2.479520755356649
STU_011,STAT500_07787,4.053614143756382
STU_011,BIO100_07814,2.6709870428150726
STU_011,BIO500_07832,3.481769333710906
STU_011,BIO400_07872,2.9449339503947005
STU_011,PHYS500_07896,1.7577680389866812
STU_011,MATH500_07927,3.7534694386005376
STU_011,ENGL400_07955,3.383829509222231
STU_011,CHEM100_07958,2.502915677689641
STU_011,ECON300_07991,2.644115513006164
STU_011,CS200_07992,2.622712681604767
STU_011,CHEM400_08004,1.9666045278199817
STU_011,MATH500_08023,2.6063139989549815
STU_011,ENGR400_08071,3.886933004453107
STU_011,PSYCH300_08073,2.815715793183432
STU_011,PHYS400_08084,3.215007852476284
STU_011,BIO400_08092,3.5910531266255585
STU_011,CHEM300_08132,2.8996313383521426
STU_011,BIO300_08199,3.4525231659773215
STU_011,PSYCH400_08253,3.523722043942198
STU_011,ENGR400_08261,2.377030743462715
STU_011,BIO200_08282,4.187631081005639
STU_011,BIO400_08283,3.6560720905556265
STU_011,CS200_08291,3.3276994856484343
STU_011,BIO300_08297,2.220850150083114
STU_011,STAT200_08324,2.572880377818656
STU_011,MATH400_08326,2.971891085789999
STU_011,CHEM500_08332,4.026756188726457
STU_011,CS200_08356,1.661720140082715
STU_011,MATH200_08357,2.5702374816470868
STU_011,CHEM400_08376,3.764769057063729
STU_011,ENGR500_08390,3.660128136663895
STU_011,PSYCH200_08395,2.9867874898486
STU_011,STAT400_08414,3.1008460731028844
STU_011,ECON400_08451,3.4900648565080257
STU_011,PSYCH400_08497,2.705551774124682
STU_011,MATH400_08510,2.762534692154457
STU_011,ENGR100_08511,1.7519692139849452
STU_011,PSYCH100_08529,2.9922252215086322
STU_011,MATH100_08533,3.654615810268484
STU_011,BIO100_08534,3.606176957665591
STU_011,CHEM100_08561,2.3552759843171986
STU_011,PHYS500_08572,3.0550467934856798
STU_011,MATH200_08575,2.8675148575555838
STU_011,ENGR100_08581,2.772449557889236
STU_011,PHYS200_08618,2.614176750329372
STU_011,MATH300_08622,2.8841793570154604
STU_011,CS100_08635,2.1507636203067517
STU_011,STAT100_08701,2.208422205927829
STU_011,CHEM100_08703,3.0353476999462248
STU_011,ENGL100_08736,1.829781096126953
STU_011,CS400_08780,2.9983855062345186
STU_011,ECON500_08795,2.591721547648846
STU_011,PHYS300_08821,2.630368229659699
STU_011,BIO400_08833,3.2280061009026566
STU_011,CS100_08849,3.7823622545921687
STU_011,BIO300_08854,3.4030207854084846
STU_011,PSYCH200_08947,3.191424036672381
STU_011,PSYCH500_09011,2.3530064648788853
STU_011,ECON300_09024,2.9450312114813877
STU_011,PSYCH400_09028,3.089925644511597
STU_011,ENGL300_09052,1.9903248434575858
STU_011,PHYS500_09090,1.6724676633845799
STU_011,ENGL300_09111,2.8347736038298406
STU_011,CHEM500_09150,2.7939786935694313
STU_011,BIO300_09176,2.0700386085550426
STU_011,CS400_09187,2.914843979841288
STU_011,CHEM500_09204,3.21794171448054
STU_011,PSYCH400_09214,3.20328092539173
STU_011,ENGR500_09234,3.7535216880091773
STU_011,CS100_09343,3.880818934465528
STU_011,ECON200_09360,3.9733702913740476
STU_011,PSYCH100_09423,2.2756296985177706
STU_011,PHYS100_09454,3.4419110777194577
STU_011,MATH100_09460,2.337469024881358
STU_011,PSYCH300_09504,2.9021756976546427
STU_011,ENGR100_09514,2.3798293896668645
STU_011,CHEM400_09515,3.1856414162691546
STU_011,PHYS200_09529,3.4999681712802047
STU_011,PSYCH200_09545,1.9692308640015028
STU_011,PSYCH200_09553,2.3840246249321337
STU_011,PSYCH300_09571,2.72372790893637
STU_011,CHEM200_09587,2.8439135285924872
STU_011,ENGL200_09591,3.4445218130242328
STU_011,ENGL100_09611,3.218215158328555
STU_011,MATH400_09627,2.512247951253331
STU_011,ECON200_09629,2.4031275355106474
STU_011,ENGR200_09666,2.4276739451839386
STU_011,STAT300_09669,2.1180767524401833
STU_011,CHEM200_09678,4.375009576050898
STU_011,ECON200_09715,3.3277519779556846
STU_011,ENGL200_09759,2.394612044088012
STU_011,BIO300_09765,2.8079078840894485
STU_011,CS100_09769,4.075848498869946
STU_011,BIO200_09792,3.7134826952697244
STU_011,PHYS200_09830,3.049548421631801
STU_011,PSYCH500_09834,4.212187344065624
STU_011,MATH300_09837,2.956986447083449
STU_011,ENGR100_09839,2.212960049240548
STU_011,CS400_09948,2.5098177765071132
STU_011,BIO400_09956,3.2418988645771663
STU_011,PSYCH500_09960,1.7849870868018594
STU_011,ENGR400_09962,2.7749359546813803
STU_011,ENGL300_09964,4.4624085107771885
STU_011,BIO300_09970,2.3494063488927717
STU_012,ECON500_00001,2.790839788210472
STU_012,STAT400_00010,3.1203477312673384
STU_012,BIO100_00025,3.1966568690225126
STU_012,CS200_00043,2.5865895884544385
STU_012,ENGR100_00085,2.842817688888588
STU_012,STAT100_00096,2.890446380564877
STU_012,STAT500_00125,2.620110745998865
STU_012,ENGR300_00175,2.58475877968921
STU_012,ENGR400_00179,2.4966621575220276
STU_012,BIO200_00188,2.8066261981323177
STU_012,PSYCH200_00213,2.5529020749827307
STU_012,STAT500_00215,3.182138854198793
STU_012,STAT200_00218,3.55366670658852
STU_012,PSYCH500_00238,2.327135055291623
STU_012,CS300_00239,3.198645868513978
STU_012,ECON300_00256,3.8754247884640134
STU_012,PSYCH500_00305,3.0628193868996867
STU_012,ENGR200_00318,3.4237455131318617
STU_012,BIO100_00322,2.6569300200853174
STU_012,ENGL200_00339,3.3989544524476347
STU_012,MATH100_00377,4.1938529145571914
STU_012,PHYS100_00383,3.2860428626319274
STU_012,CS400_00412,2.7323943774239763
STU_012,PHYS400_00446,2.8086449293083424
STU_012,CHEM400_00452,2.7601087003669393
STU_012,PHYS300_00455,2.4748602929799657
STU_012,MATH100_00471,3.1426683894658267
STU_012,CS300_00481,3.2807587932398503
STU_012,ENGR100_00494,1.8967665836240275
STU_012,CHEM300_00518,2.7562143378565596
STU_012,MATH100_00544,2.814725713949381
STU_012,ENGL100_00567,3.336946625626876
STU_012,STAT100_00570,2.6398978194158826
STU_012,PSYCH400_00577,3.2087292820407174
STU_012,BIO300_00594,3.3895044110059596
STU_012,CS200_00605,1.378000904322853
STU_012,STAT300_00625,2.4912468780274923
STU_012,CHEM100_00634,2.695573990785507
STU_012,CHEM300_00658,3.3924341159463243
STU_012,PHYS400_00677,3.0959358100777905
STU_012,ENGL300_00699,2.247385273936828
STU_012,MATH500_00710,2.488699647719494
STU_012,BIO200_00727,3.284921751137801
STU_012,ENGL200_00765,3.1596973617978055
STU_012,PSYCH100_00769,3.6806359290877317
STU_012,ENGL200_00784,2.493634513394481
STU_012,BIO400_00785,4.146179277211682
STU_012,ECON100_00788,3.3125192359836255
STU_012,ECON200_00810,2.3904701055433417
STU_012,ENGL100_00828,3.33041927985734
STU_012,CS500_00847,2.437605672047556
STU_012,ENGL100_00862,3.309327301638767
STU_012,PHYS400_00876,2.795116204896992
STU_012,ECON100_00878,3.243812099015085
STU_012,ENGR400_00920,2.849091230407837
STU_012,PSYCH300_00937,2.622039923031445
STU_012,BIO300_00973,3.106706415250483
STU_012,CS100_00995,2.807144162033216
STU_012,STAT100_01005,3.812020310261694
STU_012,CS400_01018,2.4187939645917376
STU_012,ECON100_01031,2.0930687067747717
STU_012,CHEM500_01045,3.202073190486094
STU_012,MATH200_01057,2.128583402364854
STU_012,PSYCH500_01087,2.9038203322071254
STU_012,ENGR500_01116,3.078260192230456
STU_012,ENGL500_01135,3.535163773222853
STU_012,PHYS500_01142,3.479070174226296
STU_012,ECON400_01198,3.4294815164216654
STU_012,CS100_01236,3.0085612689506616
STU_012,CHEM300_01255,3.230536196164683
STU_012,CHEM100_01279,2.665954758622087
STU_012,PSYCH300_01393,3.696492114480406
STU_012,BIO400_01398,2.417192365338702
STU_012,MATH300_01408,3.9038324841022782
STU_012,STAT300_01414,2.608212582948875
STU_012,PSYCH100_01415,1.992493001858591
STU_012,CHEM200_01419,2.648491520207766
STU_012,PHYS400_01446,3.4301979285690174
STU_012,PHYS300_01448,3.332234081176008
STU_012,ENGL300_01463,3.1352742783282848
STU_012,STAT400_01489,2.4523830587163586
STU_012,BIO200_01506,3.400996217653214
STU_012,PSYCH500_01538,3.7382430691446933
STU_012,ENGL300_01556,3.3445511195413227
STU_012,ECON300_01566,2.3845061620334302
STU_012,PSYCH100_01587,3.0130207230259827
STU_012,CS300_01599,3.3749733401023616
STU_012,BIO300_01630,2.8979316423003376
STU_012,PSYCH100_01631,2.7181730880761767
STU_012,CHEM400_01641,2.6020400404223314
STU_012,ENGL100_01642,3.7363180388103654
STU_012,PSYCH200_01644,3.163758214039179
STU_012,ENGL300_01663,2.417122665844564
STU_012,MATH200_01664,3.338018517313011
STU_012,CHEM300_01678,2.9257175998136637
STU_012,BIO500_01680,3.5926250708740595
STU_012,CHEM100_01764,2.8137381052951107
STU_012,BIO300_01785,2.943355408885535
STU_012,ENGL300_01811,3.1074538325199046
STU_012,ENGR500_01843,2.4631631541925705
STU_012,MATH300_01862,3.5133289509308474
STU_012,ECON100_01951,3.344576566040481
STU_012,ENGL400_01996,3.221151342998999
STU_012,PHYS200_02017,3.4106340739072953
STU_012,BIO200_02036,3.3344602341815235
STU_012,STAT400_02044,3.5956818022886674
STU_012,ENGL500_02049,3.1617174304663607
STU_012,CS200_02065,3.111964288377657
STU_012,ENGR300_02071,2.7728150419909317
STU_012,PSYCH300_02072,3.471522740134788
STU_012,ENGR300_02089,3.208463849292571
STU_012,MATH500_02107,3.7553895328512175
STU_012,PSYCH300_02118,2.550389648139149
STU_012,STAT100_02151,1.8121118356103851
STU_012,PHYS200_02159,3.1180882728557027
STU_012,ENGL500_02174,2.0391564959626365
STU_012,ECON400_02216,2.206503757434004
STU_012,MATH400_02242,3.485869809703986
STU_012,CHEM400_02257,3.454158499706573
STU_012,CS100_02350,3.3784089634519163
STU_012,PHYS500_02361,2.3702827125399772
STU_012,STAT500_02362,2.6484017853344732
STU_012,CS200_02367,2.526177049010448
STU_012,BIO400_02416,3.5981338187291385
STU_012,MATH300_02427,3.42172742706393
STU_012,PSYCH200_02434,3.448265668065992
STU_012,ENGL500_02454,3.1026862191158004
STU_012,PHYS400_02492,2.9684078802191816
STU_012,MATH300_02496,2.4858171129861613
STU_012,MATH400_02499,2.6101042391961804
STU_012,ENGL400_02524,2.6972365198115305
STU_012,BIO200_02537,2.733583426852338
STU_012,PSYCH400_02581,3.1486675109195668
STU_012,PSYCH200_02622,2.4610604922452506
STU_012,CHEM400_02632,3.5155884648488307
STU_012,STAT200_02657,3.644818840249108
STU_012,PSYCH400_02673,2.908892707400133
STU_012,CHEM300_02690,3.346444130590602
STU_012,CS300_02698,3.0581391082924414
STU_012,ENGL400_02720,2.1018100738076497
STU_012,PSYCH300_02759,2.2635990926482203
STU_012,PHYS400_02766,3.0646922664124174
STU_012,PHYS300_02772,3.4872421210604205
STU_012,CHEM200_02788,3.219198647854626
STU_012,ENGL400_02789,2.913553616812537
STU_012,PHYS300_02799,3.4038395600934153
STU_012,CS400_02843,2.8458391722786396
STU_012,ECON400_02848,2.519815846180083
STU_012,ENGL400_02856,3.2481209856019784
STU_012,ENGL500_02866,1.6778180587748446
STU_012,STAT400_02905,3.0848863207194803
STU_012,CHEM500_02908,2.6515477117551205
STU_012,MATH500_02922,3.720953949353028
STU_012,PSYCH200_02924,3.41211441008484
STU_012,PSYCH500_02928,3.0093978682257325
STU_012,ENGR100_02934,3.365665182315907
STU_012,STAT200_02958,2.922569196992291
STU_012,ECON100_02959,3.631016997524761
STU_012,PHYS300_02989,2.4875282897515123
STU_012,ECON400_03001,3.475226115016097
STU_012,CS400_03063,3.218606519303071
STU_012,BIO100_03080,4.73395017758237
STU_012,STAT500_03082,3.5249198973850153
STU_012,PSYCH100_03117,4.367743067720847
STU_012,MATH500_03130,3.231746546031876
STU_012,ECON400_03131,2.332058229060634
STU_012,CS500_03134,2.736825596491822
STU_012,ENGL100_03140,2.9911662496928457
STU_012,MATH500_03165,2.3925970834027526
STU_012,ENGL400_03186,2.236787853938247
STU_012,CHEM300_03197,2.736349571530945
STU_012,ECON300_03238,2.530659424669456
STU_012,ECON100_03302,2.589797796584
STU_012,MATH400_03308,3.2373318276196987
STU_012,CHEM200_03337,2.740605048287759
STU_012,PSYCH200_03375,2.554786200526774
STU_012,PHYS500_03421,2.3362953413757044
STU_012,MATH400_03475,3.6958415093977774
STU_012,STAT300_03494,2.8091572450415354
STU_012,ENGL200_03513,3.3339230295624245
STU_012,PSYCH100_03539,3.0503952898430295
STU_012,ECON300_03570,2.883489530273777
STU_012,CS500_03598,1.4344449029023723
STU_012,ECON500_03631,2.7500100284134823
STU_012,MATH300_03785,3.4255580343171803
STU_012,STAT300_03797,3.078314338373323
STU_012,CS500_03811,2.636407990376624
STU_012,STAT200_03818,2.558751630005484
STU_012,PHYS300_03836,2.6322543121319315
STU_012,ENGR300_03861,2.564246411116553
STU_012,ENGL100_03879,3.1422693910184996
STU_012,ECON500_03939,3.4121760905069025
STU_012,ENGL200_04012,3.4219636538297302
STU_012,PSYCH400_04019,3.288625678896919
STU_012,PHYS200_04032,2.6152933297497913
STU_012,STAT400_04035,1.6818581675013604
STU_012,ENGL500_04080,3.738443841956286
STU_012,STAT500_04090,4.346992424157313
STU_012,ECON400_04092,3.130466661214343
STU_012,CHEM500_04104,2.752975028623089
STU_012,CS100_04110,2.7316126692896616
STU_012,CHEM500_04190,2.969737231537917
STU_012,PHYS100_04203,3.1148967824419826
STU_012,CHEM500_04217,2.463703799190608
STU_012,ENGR100_04218,2.8625648642084593
STU_012,ENGR500_04231,2.6244051804815234
STU_012,ENGR300_04233,3.8374483970637057
STU_012,ENGL300_04238,2.5031046665389214
STU_012,ENGR100_04264,3.037351861024219
STU_012,ECON300_04297,2.9483175172416765
STU_012,PHYS400_04307,3.977044810351067
STU_012,CHEM400_04327,2.9680387692546333
STU_012,ECON200_04333,2.5204303189747748
STU_012,ENGR200_04335,2.763243000140345
STU_012,ENGR300_04343,3.16209658433754
STU_012,CS300_04372,2.2393987206263164
STU_012,ENGL300_04379,3.1833737606431347
STU_012,ENGL100_04391,3.583806634319833
STU_012,STAT400_04395,2.9353374125033262
STU_012,CHEM300_04405,3.418306317419437
STU_012,STAT200_04426,3.3885100985134287
STU_012,BIO400_04435,3.2749148391883276
STU_012,ENGR300_04462,2.2461576718167735
STU_012,CHEM400_04466,2.6949378112292965
STU_012,ENGR100_04495,3.2554887276635713
STU_012,ENGR300_04502,4.672317295221406
STU_012,CHEM100_04509,2.5816274115621014
STU_012,CHEM200_04521,3.0953896145666793
STU_012,CHEM100_04530,2.917632785108852
STU_012,CHEM100_04538,2.792991440933228
STU_012,PSYCH200_04595,2.284962470359938
STU_012,PSYCH100_04684,2.4681436703544573
STU_012,ENGL100_04713,2.3441293300282533
STU_012,CS100_04717,2.7534430871805555
STU_012,BIO500_04731,2.9213522340771645
STU_012,ENGL200_04786,3.2968733176471474
STU_012,BIO400_04787,3.163130872403703
STU_012,STAT400_04815,3.257359063326091
STU_012,PHYS400_04836,4.62190233200495
STU_012,BIO300_04838,3.347801922849106
STU_012,MATH100_04866,2.824662799214944
STU_012,ECON400_04894,3.3883913730139774
STU_012,PHYS400_04906,3.1320796686897117
STU_012,ENGR100_04910,3.489001070109514
STU_012,STAT200_04916,3.473696651211079
STU_012,ENGL400_04954,3.5985772640153617
STU_012,ENGR100_05033,3.534609101642869
STU_012,MATH100_05059,2.9530230308340326
STU_012,ECON100_05084,3.3425701605549083
STU_012,CHEM200_05110,2.964087788395546
STU_012,PSYCH400_05135,2.49152010167121
STU_012,ECON500_05136,2.919514040425639
STU_012,PSYCH200_05150,3.118607450918742
STU_012,MATH500_05225,2.756248983700986
STU_012,ENGR300_05242,2.158953282736152
STU_012,PSYCH500_05251,3.427873499832804
STU_012,PSYCH100_05273,2.9595687681399236
STU_012,CHEM300_05292,3.0359548356107395
STU_012,PHYS400_05302,2.98857463839979
STU_012,CHEM400_05369,2.4846858060109125
STU_012,CHEM300_05409,4.06460154797221
STU_012,STAT500_05440,3.3671041030274798
STU_012,CS500_05482,2.6623622064767503
STU_012,BIO300_05483,2.9903260921603403
STU_012,BIO400_05492,3.6557405305613333
STU_012,PHYS500_05504,2.1565836054672274
STU_012,ECON200_05535,3.2174286265620173
STU_012,ENGL500_05576,2.66065453869384
STU_012,ENGR300_05621,3.01002228558381
STU_012,CHEM500_05635,2.2327513147285742
STU_012,BIO300_05683,3.6184852088117916
STU_012,PHYS100_05705,2.600393768305389
STU_012,BIO300_05715,3.0202026411908505
STU_012,CHEM500_05725,3.6000482410699712
STU_012,PSYCH400_05738,2.8135929849476815
STU_012,ENGL100_05759,3.080258842181817
STU_012,CHEM100_05768,3.233378854693637
STU_012,CS500_05784,2.956322760339809
STU_012,BIO300_05795,2.415430336575619
STU_012,CS100_05824,3.0051017837904572
STU_012,PSYCH400_05839,2.884212158156475
STU_012,PHYS400_05844,1.9989623530688654
STU_012,PSYCH400_05867,2.024451639708027
STU_012,PSYCH400_05893,2.7096790826562973
STU_012,BIO100_05899,3.494794365129664
STU_012,STAT500_05907,2.305613602231294
STU_012,PHYS400_05925,2.384295236173476
STU_012,CS200_05942,2.990600347900116
STU_012,ENGR200_05982,3.229977956635287
STU_012,PSYCH200_05988,3.2256242951786924
STU_012,ECON200_06012,3.5638963926396214
STU_012,MATH400_06016,3.3791982484234024
STU_012,CS400_06025,2.769502068095961
STU_012,BIO100_06049,2.0127589774757864
STU_012,MATH500_06072,2.7046074720202737
STU_012,ENGR300_06103,3.462062045166939
STU_012,ECON500_06147,2.0185664072933136
STU_012,BIO100_06149,2.325121196012635
STU_012,CS500_06163,3.494129050136602
STU_012,ENGL300_06189,2.8307600408008584
STU_012,ECON300_06192,3.0217745793102213
STU_012,ECON400_06194,2.6294749853112354
STU_012,STAT400_06214,3.035845818406422
STU_012,BIO400_06226,2.7890364741854183
STU_012,CS500_06291,2.5849352124521583
STU_012,ENGR400_06333,2.9183050868220137
STU_012,ENGL300_06365,2.9430187645888717
STU_012,ECON300_06388,3.3715820385281736
STU_012,BIO500_06428,2.708763634204541
STU_012,ENGR100_06437,2.366911662318561
STU_012,CHEM200_06462,2.829341877392972
STU_012,STAT100_06471,3.4905668949985564
STU_012,ECON400_06493,3.2506310581435156
STU_012,CHEM100_06495,2.9567463361385706
STU_012,STAT500_06502,2.6273065091701118
STU_012,BIO100_06549,2.056474299758494
STU_012,PSYCH400_06626,2.749407368268458
STU_012,CHEM500_06639,2.506703564259818
STU_012,PHYS400_06642,2.832779745343584
STU_012,BIO100_06655,2.9921392504629782
STU_012,CS300_06661,3.013782906870385
STU_012,STAT400_06666,2.7700309199686814
STU_012,ECON400_06691,3.9647325786577508
STU_012,PHYS200_06692,2.915131008307745
STU_012,BIO100_06695,3.086212477388994
STU_012,MATH200_06702,2.8324488792287412
STU_012,MATH200_06713,2.6827360316306863
STU_012,ENGR500_06722,2.8045659099295634
STU_012,PSYCH500_06728,2.810649337294487
STU_012,ENGL100_06747,3.101210768367341
STU_012,STAT500_06774,3.3658717237962112
STU_012,PSYCH100_06791,3.0824601092860466
STU_012,ENGR200_06850,3.3140876799874945
STU_012,ENGL500_06853,2.560859704248966
STU_012,ENGL300_06869,3.262173654085145
STU_012,CHEM500_06913,2.732331800267831
STU_012,ENGL100_06920,3.101806951565152
STU_012,ENGR300_06921,3.912450197460141
STU_012,PHYS400_06924,4.192190982803414
STU_012,ENGL200_06953,3.0051623994611827
STU_012,PSYCH400_06962,2.649373697910308
STU_012,CHEM400_06993,2.4926225840361873
STU_012,ENGL500_06996,3.088151118027076
STU_012,CS100_07013,3.4627546614011706
STU_012,BIO500_07090,3.1179168008274667
STU_012,ENGR300_07116,2.6070570217930067
STU_012,ECON100_07150,3.0401313900062155
STU_012,CHEM500_07161,2.685377331341486
STU_012,MATH300_07222,2.8984453483372357
STU_012,BIO300_07226,2.448750325710345
STU_012,ECON100_07249,2.9993347367429464
STU_012,CHEM400_07280,2.6463145112460755
STU_012,ENGL200_07289,2.650793899840884
STU_012,STAT200_07319,2.2509625622143625
STU_012,ECON200_07338,3.866755158771785
STU_012,ENGL200_07349,2.655784216191025
STU_012,ECON500_07359,3.3775564827338567
STU_012,ENGR300_07372,2.5973956856927023
STU_012,ENGL200_07376,2.153918669493501
STU_012,PSYCH500_07469,3.2489108663037474
STU_012,ECON100_07486,2.5891541488881145
STU_012,STAT200_07508,2.4457335723580798
STU_012,STAT400_07519,2.2605313690236883
STU_012,CS100_07565,2.0035889079624987
STU_012,ENGL300_07581,2.7673703135398853
STU_012,ENGL500_07586,2.872452635872091
STU_012,PSYCH400_07611,3.0354778796151978
STU_012,PHYS500_07616,2.917848276962731
STU_012,MATH500_07632,3.071288058465768
STU_012,PSYCH400_07633,3.473981009296197
STU_012,ENGL200_07662,2.760118772847859
STU_012,ENGL100_07678,3.127608223505365
STU_012,MATH400_07679,3.8700850683170014
STU_012,STAT500_07685,2.9079095821162055
STU_012,STAT500_07688,2.7970278180724253
STU_012,PHYS100_07693,3.546060634385319
STU_012,MATH400_07708,3.549392124870387
STU_012,ENGR300_07714,2.429733786144415
STU_012,ENGR200_07723,2.1490137687763875
STU_012,BIO300_07740,2.2174156132105134
STU_012,CS100_07741,3.9923476262895927
STU_012,STAT300_07770,3.7076451464667124
STU_012,PSYCH400_07798,2.2758155710144368
STU_012,MATH300_07822,3.1510806586620683
STU_012,CHEM200_07862,3.537194033284612
STU_012,ENGR400_07865,3.0936483446211143
STU_012,MATH300_07876,2.77838681869748
STU_012,BIO400_07880,2.831474374778259
STU_012,CS500_07882,2.3958357704689655
STU_012,BIO500_07906,2.310538163011745
STU_012,PHYS300_07919,3.23376909983187
STU_012,BIO500_07920,3.423771702737646
STU_012,ENGR500_07970,3.0917492453366617
STU_012,PHYS300_07989,2.7414731653218163
STU_012,STAT500_07997,2.283930932339719
STU_012,PSYCH500_08003,3.031761409350068
STU_012,CS100_08068,3.3458448963160943
STU_012,ENGL200_08113,2.3118479796044316
STU_012,ENGL500_08145,3.5864891535736763
STU_012,PHYS500_08149,3.2311027015292213
STU_012,MATH200_08159,2.905792330849881
STU_012,MATH200_08164,3.5680718684793247
STU_012,MATH400_08221,2.385683987338885
STU_012,ENGL200_08229,2.2390275798290227
STU_012,PSYCH400_08253,3.714399660312768
STU_012,BIO400_08283,3.1630687394271906
STU_012,BIO300_08297,2.0592970889369133
STU_012,CS200_08298,2.936721273629567
STU_012,CS400_08315,3.7134861121061435
STU_012,CHEM400_08343,3.355450297407282
STU_012,CS400_08358,2.75161140896087
STU_012,MATH400_08367,2.1391547556710147
STU_012,PSYCH400_08381,3.3335208679915973
STU_012,PHYS400_08460,2.9365617435932543
STU_012,CS100_08464,2.4988910105368527
STU_012,MATH200_08475,3.067100382702335
STU_012,STAT300_08483,2.538728272751274
STU_012,BIO300_08491,3.2315517859500518
STU_012,ECON200_08502,2.7309062880327977
STU_012,ECON500_08514,3.095727709303473
STU_012,BIO300_08521,3.86413209828291
STU_012,MATH400_08540,2.793735138665531
STU_012,CS500_08546,2.639628861481254
STU_012,ENGR200_08553,2.443075586020288
STU_012,BIO400_08583,3.0437362741167724
STU_012,ENGL100_08603,2.88646896731987
STU_012,CS200_08620,2.7415670592102654
STU_012,STAT400_08636,3.4176067371147854
STU_012,CHEM400_08638,3.110130858230274
STU_012,ENGR300_08653,3.124628894605498
STU_012,CHEM200_08664,3.735965482157596
STU_012,ECON100_08692,3.1030674074370594
STU_012,ECON500_08700,3.22784102706362
STU_012,STAT100_08701,2.5057491010817055
STU_012,ENGL200_08755,2.18784784166124
STU_012,ENGR300_08759,3.157117383346666
STU_012,STAT100_08791,1.8227507592297107
STU_012,CS200_08796,3.5676210395833823
STU_012,CS500_08800,3.4505174814868003
STU_012,BIO500_08840,2.850438689823765
STU_012,BIO400_08850,2.9402141318038657
STU_012,STAT500_08870,3.2158623807403406
STU_012,ECON200_08920,3.433461764145034
STU_012,MATH400_08926,2.4029830776459864
STU_012,MATH400_08928,2.7223817348141157
STU_012,MATH200_08957,2.2326517551413145
STU_012,CHEM500_08962,2.355953617016136
STU_012,PSYCH300_08974,1.631470789902171
STU_012,ENGR300_08978,2.5163626278728186
STU_012,CS200_08988,3.8682012183575907
STU_012,PSYCH500_09011,3.1798250856602337
STU_012,CS300_09014,3.1964935507204966
STU_012,ECON300_09024,3.3162147090110854
STU_012,CS100_09057,2.9564650958950947
STU_012,ENGL400_09064,2.8517999839576964
STU_012,STAT500_09095,3.009984833819632
STU_012,CS200_09097,2.9178872824595135
STU_012,CHEM100_09109,2.74911880925918
STU_012,CHEM200_09116,3.508607240251891
STU_012,PSYCH500_09135,3.3958285076605654
STU_012,CHEM500_09150,2.7191989357491804
STU_012,ENGR400_09171,2.5811674907865063
STU_012,ENGR100_09175,2.937248418189072
STU_012,CHEM200_09190,3.97281984533309
STU_012,PHYS300_09191,3.096966762543909
STU_012,PSYCH400_09214,2.58193615084822
STU_012,PSYCH200_09226,2.6930195727895025
STU_012,CS200_09255,3.584241267009313
STU_012,CS300_09259,3.300951182538561
STU_012,CS200_09297,3.2981204831244337
STU_012,CS100_09346,3.7659464067203823
STU_012,ENGL400_09359,3.511399900824186
STU_012,PHYS300_09397,3.2584525718502273
STU_012,ENGR300_09398,2.3917519789794803
STU_012,CHEM200_09415,2.608379027081679
STU_012,CS200_09476,2.921520228734086
STU_012,CHEM500_09477,2.934373722559482
STU_012,ENGR100_09514,2.466725204522205
STU_012,STAT300_09532,2.53831564952816
STU_012,ECON200_09536,3.0165030299685505
STU_012,ENGR200_09550,2.490062343534457
STU_012,BIO500_09563,2.8081988003545355
STU_012,PHYS300_09614,3.076125179277283
STU_012,MATH400_09630,2.929038674624337
STU_012,CHEM100_09640,3.211603108747864
STU_012,ENGL300_09645,3.219554859217531
STU_012,ENGL200_09655,3.8559279075824446
STU_012,PSYCH200_09663,3.2905794994510957
STU_012,CHEM500_09685,2.886983219081099
STU_012,MATH200_09700,2.777257049308744
STU_012,BIO500_09704,3.2384326138261312
STU_012,ENGR400_09722,1.8985658303949897
STU_012,CS500_09746,2.8183379049967603
STU_012,MATH400_09751,3.0729081460169305
STU_012,MATH100_09778,2.7695341494613017
STU_012,CHEM400_09794,2.2082238426115763
STU_012,STAT500_09799,3.563377818838656
STU_012,ENGL100_09841,4.156813211112603
STU_012,ECON100_09855,2.80162258625726
STU_012,STAT500_09874,3.2333931179291553
STU_012,CS400_09881,2.108836253468218
STU_012,PSYCH200_09905,2.3083015677998118
STU_013,PHYS100_00016,2.554783903948582
STU_013,MATH500_00034,2.552431220541403
STU_013,PHYS500_00040,2.802594647801766
STU_013,PHYS100_00042,3.3948582540271737
STU_013,BIO100_00048,3.0952636769045005
STU_013,CS300_00060,3.1249840587465356
STU_013,BIO100_00099,3.925488140508582
STU_013,PSYCH500_00129,1.9437041570516371
STU_013,CHEM200_00134,3.0679456664208002
STU_013,BIO500_00135,3.1826408917102764
STU_013,BIO300_00176,2.602044924214056
STU_013,BIO200_00188,3.720013764847401
STU_013,CS400_00192,2.1639680526225287
STU_013,BIO400_00216,3.140500510480254
STU_013,BIO300_00225,2.4935367208015924
STU_013,ENGL300_00236,3.0295586526011444
STU_013,BIO300_00288,3.5779978972743165
STU_013,CHEM200_00289,2.580628167358756
STU_013,CHEM300_00366,3.3588474373562134
STU_013,CS500_00387,1.870363763783334
STU_013,PHYS100_00434,3.1268978418429585
STU_013,CHEM300_00437,2.6906589162041565
STU_013,PHYS300_00440,3.187014682016137
STU_013,PHYS300_00455,2.42378152478712
STU_013,ENGL100_00506,3.069792255927081
STU_013,CHEM300_00518,2.9654605786928334
STU_013,ENGL300_00531,2.8059282429236374
STU_013,ENGR200_00564,3.6386526728536857
STU_013,ECON200_00590,3.301765270757536
STU_013,ENGL200_00598,3.759042579816948
STU_013,ENGR300_00622,3.7476994848890257
STU_013,PSYCH400_00648,4.206701793146017
STU_013,ECON100_00668,3.2995211983135797
STU_013,PHYS100_00697,3.952880663756236
STU_013,ECON200_00763,5.0
STU_013,CS300_00786,3.76181929865791
STU_013,ENGR200_00804,4.615887183605793
STU_013,CHEM500_00852,2.127364093234287
STU_013,CS200_00856,3.4956631077831197
STU_013,ENGL100_00862,2.1229352169131412
STU_013,CHEM300_00918,2.213173442807802
STU_013,ENGR400_00920,2.0881094060884395
STU_013,PHYS100_00943,1.7452339096694316
STU_013,PSYCH100_00966,1.5835712777331623
STU_013,BIO200_00987,1.6839550660911844
STU_013,ENGL400_01020,2.651321778483411
STU_013,ENGL400_01024,2.3689525066813255
STU_013,ECON300_01054,2.1331188412142748
STU_013,CHEM500_01063,4.1452506789254455
STU_013,ENGL100_01070,3.6916899839195074
STU_013,ENGL500_01078,2.1119142070046366
STU_013,PSYCH100_01081,2.2104871366625796
STU_013,CS500_01183,3.4067393407983753
STU_013,PHYS200_01210,3.6527891586492274
STU_013,MATH400_01211,2.479885947446092
STU_013,PSYCH300_01224,3.258144558599529
STU_013,STAT400_01232,3.07835677926903
STU_013,CHEM500_01241,3.3490695293694364
STU_013,BIO100_01256,2.367453718262155
STU_013,ECON500_01283,4.237080975412818
STU_013,ECON400_01284,4.050227976345933
STU_013,BIO200_01295,3.812066202879273
STU_013,ECON500_01308,3.81640954908518
STU_013,PHYS500_01327,2.7675630060992455
STU_013,ENGL200_01353,3.0165162383499178
STU_013,PHYS400_01375,2.372182843569628
STU_013,CS500_01422,2.3344299712238232
STU_013,ENGL500_01434,1.3369511909445855
STU_013,CS400_01465,4.533063419923438
STU_013,ENGR500_01498,2.7192585757664895
STU_013,ENGR500_01504,3.1298356752456113
STU_013,STAT500_01527,3.1945509516921566
STU_013,PSYCH300_01571,3.6449944629430346
STU_013,CS400_01609,2.1574298935408374
STU_013,ENGR300_01620,3.364627000631385
STU_013,ENGR100_01623,2.9084351887020334
STU_013,ECON100_01633,2.61565443765721
STU_013,PSYCH200_01646,4.24265297216785
STU_013,STAT400_01652,3.2987903518326416
STU_013,STAT100_01656,2.721752201143133
STU_013,PHYS400_01669,3.717127524983532
STU_013,CHEM500_01679,4.082643718365575
STU_013,STAT200_01712,3.193453435853747
STU_013,PHYS200_01716,3.2267045209508693
STU_013,MATH200_01755,4.083998470882032
STU_013,ENGR300_01771,2.362986873260599
STU_013,PHYS500_01775,2.267531570997141
STU_013,CHEM300_01786,3.643609458557412
STU_013,CHEM300_01795,3.385188833969112
STU_013,BIO500_01797,3.660857935253692
STU_013,STAT400_01803,3.0874196957279922
STU_013,BIO300_01820,2.2482932800947983
STU_013,PSYCH100_01821,3.472568756328341
STU_013,STAT400_01826,3.1077652593876235
STU_013,ECON100_01831,3.865910029786858
STU_013,ENGL100_01866,3.65703933533899
STU_013,STAT200_01876,3.285179900993554
STU_013,ENGR400_01929,3.422844567761331
STU_013,ECON100_01956,3.053528132052542
STU_013,CS200_01980,3.421235873025446
STU_013,PSYCH400_02010,2.426024256760728
STU_013,CHEM100_02021,4.1741851577700455
STU_013,ENGR100_02024,1.7138295346160122
STU_013,CS400_02053,3.245358816650224
STU_013,CHEM200_02095,3.751827252242693
STU_013,BIO400_02127,4.447208874445717
STU_013,STAT300_02189,2.301758333655049
STU_013,ENGR200_02222,2.841386248861773
STU_013,CS200_02255,4.122718537655164
STU_013,PSYCH400_02295,1.890040500088615
STU_013,PSYCH100_02300,3.7232324236067305
STU_013,CS400_02316,2.96364127261325
STU_013,STAT200_02323,3.310664440844383
STU_013,ENGL100_02346,3.5203758404526204
STU_013,ECON500_02347,2.570323814005035
STU_013,MATH300_02368,3.5790218939180787
STU_013,CHEM300_02370,2.5093994493480376
STU_013,ECON300_02376,2.942698213971238
STU_013,ENGL200_02395,3.3543317177828462
STU_013,CHEM100_02400,2.7870138544894525
STU_013,ENGR100_02422,3.120259929955464
STU_013,BIO500_02448,3.0764878017151376
STU_013,CHEM300_02498,2.452160978107818
STU_013,ENGL300_02510,4.048356445084096
STU_013,CHEM400_02564,2.8302469876802636
STU_013,CS500_02606,3.8116649485983776
STU_013,CHEM300_02626,3.249574929983595
STU_013,PSYCH400_02673,2.7855980896889965
STU_013,ENGL200_02680,3.764387465686161
STU_013,PSYCH400_02704,2.2241176094349746
STU_013,PSYCH500_02708,1.9702971784498546
STU_013,STAT200_02717,3.32135805544995
STU_013,CS500_02728,2.0606013262164833
STU_013,ECON400_02732,2.912166139002303
STU_013,CS300_02744,2.6875635700923213
STU_013,ENGR400_02768,2.1263766894486373
STU_013,CS100_02818,1.7836359810463491
STU_013,ECON400_02848,2.3494711556835113
STU_013,STAT500_02867,2.8885829791707716
STU_013,STAT200_02875,2.767658424723154
STU_013,BIO100_02879,3.2767565691677074
STU_013,PSYCH500_02881,3.2114177083461866
STU_013,BIO500_02891,2.520597530302915
STU_013,CS200_02897,2.7242093507676817
STU_013,CHEM300_02899,2.4650322866102794
STU_013,ECON500_02906,3.787230000471176
STU_013,ECON500_02907,3.495389536172171
STU_013,STAT200_02909,2.012898907524331
STU_013,BIO300_02937,2.3616464207011965
STU_013,CS500_02949,2.7521740387526967
STU_013,ECON400_02972,2.5136424039924736
STU_013,PHYS500_03009,3.4721660867004234
STU_013,MATH300_03042,3.434365175105134
STU_013,CHEM100_03078,4.17516501117019
STU_013,ENGR400_03125,2.8350209013016188
STU_013,STAT400_03128,3.2484536367652463
STU_013,ECON400_03133,2.4753805428534643
STU_013,MATH100_03139,1.811971428187487
STU_013,ECON100_03173,1.8104625588057197
STU_013,ENGR200_03193,2.2499600406132907
STU_013,MATH300_03209,4.211249829040321
STU_013,ENGR100_03232,3.384967375119389
STU_013,ENGL100_03256,1.7060609145295509
STU_013,CS300_03289,3.5676772737976044
STU_013,BIO300_03290,3.8495200467998787
STU_013,CHEM200_03337,4.280095683254604
STU_013,MATH400_03370,2.7186084628158325
STU_013,BIO400_03373,2.5012475433295513
STU_013,MATH500_03449,3.021723887172149
STU_013,CS200_03459,2.160088048717636
STU_013,CS500_03461,3.567442574416678
STU_013,ENGL200_03477,3.4060203941554623
STU_013,STAT400_03487,2.0877008835063613
STU_013,CHEM100_03493,3.3778720350959195
STU_013,CS200_03534,3.6243956532180226
STU_013,MATH300_03583,1.4457864450206097
STU_013,PSYCH200_03587,3.559157644050375
STU_013,BIO300_03595,2.480488505807456
STU_013,PHYS500_03612,2.952841301691642
STU_013,ENGR500_03641,2.3112288749977914
STU_013,PHYS300_03678,2.9869379825310753
STU_013,ENGR100_03712,3.4725700467487703
STU_013,ENGL100_03749,2.0081936414149286
STU_013,BIO100_03756,1.9864264479846276
STU_013,STAT200_03773,4.93906087539624
STU_013,PHYS300_03779,2.2581389530369558
STU_013,CS400_03803,3.5816163551886593
STU_013,STAT100_03829,3.482709612430472
STU_013,BIO100_03830,1.7236975830181136
STU_013,MATH200_03835,3.1685284204503867
STU_013,MATH500_03895,2.6549588430830697
STU_013,PSYCH300_03900,3.9055382509059258
STU_013,CHEM200_03916,3.583408210562574
STU_013,MATH400_03925,2.9700463550961693
STU_013,ECON500_03939,3.696279535289206
STU_013,CHEM100_03945,1.461352775249782
STU_013,ENGL400_03953,3.6796481328703647
STU_013,ENGR300_03968,3.1396701852104107
STU_013,ENGR100_03979,2.714718657423313
STU_013,ENGR500_04002,2.3992022946438296
STU_013,ECON300_04020,2.8677203901461894
STU_013,MATH200_04059,2.137620652526069
STU_013,ENGL100_04087,2.125699637553925
STU_013,ECON500_04089,3.263490741387251
STU_013,PSYCH200_04095,2.7846890456136664
STU_013,ENGL500_04134,2.462680808866392
STU_013,PHYS500_04151,1.975320199136659
STU_013,STAT500_04158,2.7140505159835326
STU_013,ENGR100_04175,5.0
STU_013,CS100_04215,2.359511754394826
STU_013,ENGR100_04218,2.4329289013665747
STU_013,MATH200_04220,3.3580557163088813
STU_013,STAT100_04260,3.090674654930879
STU_013,ECON200_04267,3.0226558658137628
STU_013,PSYCH500_04282,2.6645444377711462
STU_013,CHEM500_04298,3.635239513239068
STU_013,ENGR200_04305,1.8268542021884042
STU_013,CHEM300_04314,3.220905426563837
STU_013,STAT100_04325,3.424005175188177
STU_013,CS300_04355,2.512093012011588
STU_013,PHYS400_04367,2.3398064462554227
STU_013,PSYCH500_04369,2.6764294370167288
STU_013,CS300_04372,2.842045075963071
STU_013,PSYCH100_04376,2.9224405766118298
STU_013,ECON100_04396,2.931302760877547
STU_013,STAT400_04398,4.361357517727028
STU_013,ENGL100_04416,4.191225551587361
STU_013,CHEM300_04420,3.6836422114776544
STU_013,BIO200_04496,3.364918160109181
STU_013,CHEM200_04521,4.168035992532419
STU_013,ECON500_04557,1.671946561886275
STU_013,BIO400_04605,2.357337810463545
STU_013,ENGR400_04628,1.425257714368497
STU_013,ENGR100_04638,2.8404704906729
STU_013,ECON300_04716,3.2774875682942453
STU_013,ENGL300_04722,3.619706938344218
STU_013,ENGL500_04724,4.291091713328388
STU_013,PSYCH100_04741,2.942240058221894
STU_013,ENGR400_04748,3.976640873149229
STU_013,BIO300_04759,3.144912368908453
STU_013,PHYS200_04768,2.641026077972333
STU_013,CHEM200_04809,4.296316671762981
STU_013,MATH400_04892,2.757582425858789
STU_013,MATH200_04895,4.074815984810178
STU_013,CS300_04928,2.472465040056314
STU_013,STAT300_05011,2.5660258207602817
STU_013,MATH500_05040,2.8188015821927626
STU_013,ENGL300_05047,2.1035907457285234
STU_013,ENGR300_05051,2.2877519426864352
STU_013,ECON300_05073,2.1926781121604395
STU_013,PSYCH400_05093,2.997202633392817
STU_013,CHEM400_05106,2.4499995689519465
STU_013,PSYCH500_05145,2.7848965834895223
STU_013,CHEM100_05147,3.863738528442992
STU_013,CHEM300_05158,2.03603599422639
STU_013,CHEM400_05167,3.1100029461144927
STU_013,ECON400_05168,3.1676612935929636
STU_013,ECON100_05169,2.352016207726808
STU_013,CS500_05230,3.6850922356339186
STU_013,PSYCH100_05273,2.3323647537075707
STU_013,MATH200_05294,2.607510128067571
STU_013,CHEM300_05320,3.975845578680179
STU_013,PSYCH300_05335,2.732081040460059
STU_013,ECON500_05373,3.8412521787672427
STU_013,MATH400_05394,3.0604188781241657
STU_013,CS300_05410,2.141647738451768
STU_013,CS200_05446,2.2827809320548362
STU_013,BIO400_05463,4.211430920008697
STU_013,CHEM500_05485,1.8069727345325153
STU_013,ECON300_05486,2.192671844966673
STU_013,PHYS400_05489,3.472901602396597
STU_013,ENGR100_05497,2.360988084565891
STU_013,BIO200_05499,2.4325696163198653
STU_013,PHYS300_05501,2.894841135545321
STU_013,ENGL300_05527,3.744608501420346
STU_013,CS100_05582,3.003148933663338
STU_013,CHEM500_05625,3.459198707677236
STU_013,PHYS200_05636,2.9150892832069135
STU_013,CHEM100_05639,2.8158949140195464
STU_013,CHEM500_05646,3.006201069047769
STU_013,ENGL100_05654,2.0208416495307873
STU_013,ENGR300_05675,2.6197146499175146
STU_013,CHEM400_05691,3.8448732360244207
STU_013,ENGR400_05753,2.4552152367915734
STU_013,PHYS200_05755,1.6793022871557635
STU_013,CHEM500_05763,3.946401203590079
STU_013,CS400_05773,3.8123015118915617
STU_013,CS100_05777,4.20301363063073
STU_013,PSYCH400_05817,4.147771593432264
STU_013,PSYCH400_05867,2.9326527119836276
STU_013,BIO100_05899,3.9627226774070468
STU_013,MATH300_06021,3.4894754299588
STU_013,ENGR100_06066,2.198237753079596
STU_013,PHYS400_06069,2.3692147524915317
STU_013,CS400_06098,2.4220459073063285
STU_013,MATH100_06102,2.285706975896744
STU_013,STAT300_06105,2.3585695354896803
STU_013,PSYCH200_06118,3.9310227684000782
STU_013,CS500_06122,2.793049014314181
STU_013,CHEM300_06127,2.545238828067461
STU_013,PHYS500_06134,2.1256134773689266
STU_013,CHEM300_06145,2.0880915997645104
STU_013,CS100_06156,2.680639235278424
STU_013,CS200_06171,2.1316389697451803
STU_013,PHYS100_06183,3.9525919836188512
STU_013,PHYS100_06195,2.3089929429832474
STU_013,ENGL500_06208,1.9993118962869947
STU_013,ENGL500_06215,2.7387743845907333
STU_013,BIO400_06226,2.2959775583017117
STU_013,ENGL100_06230,2.2863056669492376
STU_013,STAT300_06259,3.02006980011802
STU_013,ENGR400_06265,3.3112519657372044
STU_013,CS400_06300,3.4828638593547723
STU_013,PSYCH400_06302,3.7736109182358994
STU_013,BIO100_06318,2.8586623440952055
STU_013,CHEM200_06402,2.3490944152311037
STU_013,CHEM400_06403,3.493624133540873
STU_013,CS200_06431,2.6166903861524564
STU_013,ENGR300_06444,2.6223753660939515
STU_013,PHYS400_06458,2.064290812043065
STU_013,ENGR100_06474,2.304644131706835
STU_013,STAT400_06482,1.313721060308239
STU_013,PSYCH500_06490,2.001878382911418
STU_013,ENGL100_06504,2.5850288717231695
STU_013,PSYCH300_06535,3.603256232969675
STU_013,CS500_06563,3.1123579620476054
STU_013,PHYS300_06612,1.412431771741832
STU_013,ENGR500_06640,2.6974562769455717
STU_013,CS200_06748,2.9540638905667564
STU_013,ENGL300_06816,4.408783976828487
STU_013,BIO500_06842,4.1268379413357845
STU_013,ENGL300_06859,2.4169255862935612
STU_013,MATH300_06938,3.3867671501295273
STU_013,ENGR300_06968,1.867707533355942
STU_013,PSYCH500_06970,2.719842013882173
STU_013,ECON200_07009,3.552863521940241
STU_013,PHYS500_07012,1.9032789829956385
STU_013,ECON100_07083,3.007449427462494
STU_013,MATH300_07087,2.6540193559532175
STU_013,BIO500_07090,3.3974663659702995
STU_013,PSYCH300_07092,2.4990123973011245
STU_013,CHEM300_07146,2.5012053461238057
STU_013,BIO300_07179,3.682712072680635
STU_013,MATH500_07188,2.954263842550177
STU_013,MATH400_07197,4.988940207841829
STU_013,CS300_07203,3.407606971788922
STU_013,ECON500_07230,3.0631677336210252
STU_013,ENGL400_07231,2.216705923988433
STU_013,CHEM200_07254,4.386554840834222
STU_013,PHYS100_07264,2.9952484438489835
STU_013,ENGR400_07271,2.040369143178668
STU_013,STAT200_07301,2.76647680848417
STU_013,STAT200_07319,2.6862226283469304
STU_013,PHYS500_07321,2.5686239507229693
STU_013,PHYS400_07383,3.1407663780576835
STU_013,ECON400_07405,2.217072869788373
STU_013,ECON200_07408,2.674192602723281
STU_013,ENGR300_07419,4.34857342064497
STU_013,MATH500_07423,3.6879504365321467
STU_013,MATH300_07425,3.2175639359872386
STU_013,ENGR200_07432,3.3328539891506486
STU_013,STAT200_07437,2.5607963054715355
STU_013,STAT500_07440,3.9183455856770206
STU_013,ECON100_07475,3.8228203400280263
STU_013,STAT200_07516,3.9071493365429744
STU_013,BIO300_07554,3.414605480470331
STU_013,BIO100_07561,4.20610619759479
STU_013,STAT400_07569,2.640021990031916
STU_013,ENGL300_07581,4.232315375850122
STU_013,MATH500_07632,1.588259217515362
STU_013,MATH200_07640,1.3256650249083624
STU_013,STAT500_07688,4.431207582419868
STU_013,PHYS100_07693,3.331608177087826
STU_013,ECON200_07706,3.5858364202874573
STU_013,MATH400_07708,4.3804859431932055
STU_013,PSYCH300_07710,2.446671604161943
STU_013,MATH200_07772,2.807341166865864
STU_013,ENGR500_07779,3.805126873205471
STU_013,PSYCH400_07798,2.523649701912124
STU_013,BIO500_07812,4.362835607883001
STU_013,STAT200_07827,2.185579784443325
STU_013,ECON300_07868,4.540161101337535
STU_013,ECON200_07874,3.1747516985370403
STU_013,MATH300_07876,2.5080383430674895
STU_013,ENGR200_07889,3.0068772800843653
STU_013,PHYS500_07911,2.9379230406412207
STU_013,CHEM300_07946,3.0274063624196605
STU_013,CS100_07952,3.303481810867996
STU_013,CS500_07954,2.639088662431047
STU_013,STAT100_07963,3.732020787293113
STU_013,BIO300_07982,1.3791753214201952
STU_013,MATH300_07985,1.9434707697643983
STU_013,ECON100_08034,3.23063878419476
STU_013,ENGR100_08037,3.807476149013754
STU_013,BIO200_08051,2.631656114385506
STU_013,STAT500_08088,3.1200952892956453
STU_013,ENGL500_08107,2.977902361231566
STU_013,BIO300_08139,3.2264349595546493
STU_013,CHEM100_08155,3.558970664539443
STU_013,PSYCH200_08160,3.2305627273697834
STU_013,CHEM100_08179,2.208326351802177
STU_013,ECON200_08182,3.5995155886057897
STU_013,BIO200_08210,3.7731659137233513
STU_013,ECON200_08254,2.994529205412249
STU_013,STAT500_08294,2.674352950858813
STU_013,BIO300_08297,2.7522844742873738
STU_013,STAT100_08320,2.3679247528505387
STU_013,ENGL100_08329,2.6950840052925233
STU_013,ENGL100_08334,2.2256652041982856
STU_013,CS200_08356,3.5569214394927364
STU_013,ENGL100_08379,2.2418113770131
STU_013,BIO100_08384,2.74469967007843
STU_013,MATH100_08389,2.376979370198058
STU_013,BIO500_08392,2.27394111416133
STU_013,BIO200_08446,2.745125120922375
STU_013,ENGR400_08450,2.2367305300946336
STU_013,PSYCH300_08474,2.2157713878231595
STU_013,BIO300_08491,3.7159250889778517
STU_013,STAT100_08501,2.3170253749499894
STU_013,STAT400_08517,3.527573861988695
STU_013,STAT300_08523,4.057718594647699
STU_013,ENGR500_08548,4.783452971108154
STU_013,ECON200_08560,3.743686139961585
STU_013,MATH200_08575,3.432829794328162
STU_013,MATH400_08613,2.764831698961377
STU_013,PSYCH200_08616,2.8378683480272566
STU_013,ENGR200_08657,3.4953544824489993
STU_013,ENGR400_08662,3.1612115491334727
STU_013,BIO500_08681,1.798223589205768
STU_013,ECON500_08700,3.788589067185938
STU_013,PSYCH300_08702,4.187282450023523
STU_013,PHYS200_08704,2.641598491704524
STU_013,PHYS100_08738,2.1535137854819038
STU_013,CS300_08741,3.0901209365559192
STU_013,PHYS400_08742,2.1216925227556573
STU_013,MATH300_08786,4.469937970108249
STU_013,ENGL100_08822,3.1237153378430524
STU_013,BIO300_08854,2.9518778481262093
STU_013,BIO100_08856,3.7529728693643514
STU_013,CHEM100_08859,2.7267953613642364
STU_013,STAT500_08870,2.072916185846452
STU_013,BIO100_08890,2.86239168252739
STU_013,PSYCH500_08916,2.1740708829548296
STU_013,ENGL500_08921,3.529029512802901
STU_013,STAT500_08941,3.6388442657639377
STU_013,PHYS300_08945,2.2436772642348286
STU_013,ECON400_08950,3.8527366675550345
STU_013,MATH500_08964,3.2791641261016578
STU_013,CS200_08967,2.82740479066094
STU_013,STAT200_09000,2.4456543229603174
STU_013,ENGR100_09015,3.4396113213152253
STU_013,PHYS200_09038,3.0598155627488897
STU_013,ENGR300_09041,3.6571072066703203
STU_013,ENGR200_09045,2.407564243642981
STU_013,ENGL100_09115,4.078991957943883
STU_013,BIO100_09120,2.1410108447574077
STU_013,ENGL100_09132,1.962768583626444
STU_013,PSYCH500_09135,3.8408183303325565
STU_013,STAT500_09154,2.4252158024914747
STU_013,PHYS500_09161,2.71185620864049
STU_013,ENGR400_09171,2.7077971287598412
STU_013,BIO300_09189,1.0
STU_013,CHEM500_09231,2.334880970471639
STU_013,PHYS500_09253,3.0267483102083483
STU_013,STAT100_09258,3.059629212538483
STU_013,ENGL200_09278,3.3126559043696897
STU_013,CS400_09279,1.3671622233484515
STU_013,MATH400_09300,3.495473067982813
STU_013,ENGL100_09352,3.958704131992501
STU_013,ECON200_09360,2.319952400895762
STU_013,MATH500_09379,4.073965487971443
STU_013,PHYS100_09401,3.536085724126183
STU_013,CS400_09407,1.7322476311275123
STU_013,MATH500_09450,2.377301218718592
STU_013,STAT200_09451,2.7936688335694013
STU_013,MATH300_09452,2.5820308367427978
STU_013,STAT300_09468,1.3645242333196816
STU_013,CS300_09555,2.5176670144117423
STU_013,MATH300_09556,2.045799348724764
STU_013,MATH100_09581,3.7906116312410667
STU_013,STAT100_09584,3.9599408396993176
STU_013,STAT500_09623,3.0841117811967194
STU_013,STAT400_09650,2.4727799177226757
STU_013,ENGL500_09711,3.0580980707428442
STU_013,PHYS400_09734,2.2703857179919793
STU_013,ENGL200_09736,2.252902348401615
STU_013,CS300_09784,3.1013822544612015
STU_013,ECON400_09790,3.388660678904223
STU_013,CS300_09835,2.2426942557990404
STU_013,ENGL500_09876,2.6094508193351937
STU_013,ENGR300_09886,2.1274088241545854
STU_013,MATH200_09890,4.288815756712256
STU_013,BIO400_09903,3.6399985591892765
STU_013,CS400_09927,3.4996189760117975
STU_013,PHYS100_09998,3.2503377256235204
STU_014,CHEM100_00029,3.806832115837303
STU_014,MATH100_00038,2.38733347374572
STU_014,PSYCH100_00044,2.83880562943334
STU_014,ENGL400_00088,2.7172789034405005
STU_014,STAT100_00096,3.2782658675307927
STU_014,STAT500_00119,2.753152102103645
STU_014,CHEM500_00133,3.459198674577834
STU_014,PSYCH400_00147,3.0719198541397197
STU_014,CHEM300_00181,2.8487978876502127
STU_014,PSYCH100_00186,3.7692059014430255
STU_014,CS200_00254,2.156646518573379
STU_014,ECON300_00258,2.9839415934336553
STU_014,PSYCH400_00264,3.4399789953619093
STU_014,PHYS500_00303,2.485594768950647
STU_014,MATH200_00311,3.1127932608616584
STU_014,ECON400_00312,3.1595146052183867
STU_014,BIO100_00354,3.1361837005689153
STU_014,CHEM100_00363,3.2510386720996527
STU_014,STAT500_00391,3.109749775552374
STU_014,STAT500_00398,2.8022770705171904
STU_014,ENGR200_00401,3.2915794386800643
STU_014,ENGL300_00460,2.792340651829314
STU_014,CHEM100_00466,2.1054916011022615
STU_014,ENGR200_00564,2.363498818018105
STU_014,PSYCH400_00595,3.187579679394798
STU_014,PHYS100_00597,2.9689324712582064
STU_014,ECON400_00599,3.4411617656708455
STU_014,ECON500_00606,3.803503018517235
STU_014,ECON300_00623,3.8211382482909357
STU_014,CHEM100_00628,3.849296923402549
STU_014,PHYS400_00677,1.9648237857078095
STU_014,PSYCH500_00685,3.916029482824927
STU_014,ENGL300_00699,3.1004230825222012
STU_014,ECON300_00721,3.139882322966816
STU_014,PHYS500_00725,3.6206935239571343
STU_014,BIO100_00796,2.945080011640515
STU_014,ENGL300_00813,2.6712669324509157
STU_014,CS100_00821,2.5897164849435383
STU_014,ECON200_00846,2.4653531919281773
STU_014,BIO100_00857,3.099929915619896
STU_014,PHYS100_00879,3.3760445038675484
STU_014,ENGR400_00927,3.8979455697523733
STU_014,PSYCH400_00932,2.3342469843115077
STU_014,BIO400_00952,3.15149482577857
STU_014,PSYCH500_00964,2.6841198709062755
STU_014,PSYCH300_01007,3.450937698457068
STU_014,STAT500_01043,2.990838730095351
STU_014,ENGL100_01070,2.7847553264185554
STU_014,ENGR200_01075,2.967327027249613
STU_014,ENGR200_01099,2.4982751725014944
STU_014,BIO400_01103,2.768413707066573
STU_014,STAT300_01134,4.582206622723261
STU_014,CHEM200_01159,4.0250678305651615
STU_014,MATH300_01247,2.2823157215813117
STU_014,ENGR200_01258,3.2658923612195463
STU_014,CS400_01269,2.907646861412481
STU_014,BIO200_01288,2.910322994438191
STU_014,PSYCH400_01291,2.765422963484968
STU_014,ENGL200_01314,2.2234212992766484
STU_014,CHEM500_01315,2.828023374945172
STU_014,CS400_01328,2.4379515111953975
STU_014,BIO200_01345,3.3034866661718234
STU_014,STAT100_01361,2.939997749226294
STU_014,ENGL100_01390,3.3717476732044296
STU_014,PSYCH300_01393,2.004229162795156
STU_014,STAT500_01401,4.341017413157799
STU_014,PSYCH500_01492,2.5658255494205053
STU_014,CHEM500_01514,3.3099711115002988
STU_014,ECON400_01523,3.509230072745044
STU_014,ENGL300_01556,2.7104550754604895
STU_014,ECON300_01566,2.691855660811527
STU_014,CHEM400_01569,2.4266412666489705
STU_014,CHEM200_01634,2.135618843086962
STU_014,PHYS100_01635,3.819808569159874
STU_014,PHYS500_01667,4.101533505161847
STU_014,CHEM500_01668,2.309199633719493
STU_014,ENGL200_01686,2.798779702536575
STU_014,STAT200_01688,3.5133864519779263
STU_014,BIO300_01751,2.9761824026144494
STU_014,STAT400_01803,2.2607222089696632
STU_014,ENGL300_01811,3.4008672398755904
STU_014,ENGR500_01827,2.928709330881924
STU_014,STAT100_01881,2.1011745454860264
STU_014,PSYCH500_01883,2.635734542916497
STU_014,MATH500_01890,3.9592117054274834
STU_014,ENGL100_01905,2.5363562655352343
STU_014,BIO500_01918,3.292623542302385
STU_014,PHYS500_01922,3.5319114400327587
STU_014,CHEM400_01944,2.7640116516115802
STU_014,PHYS500_01957,2.97890382887185
STU_014,BIO200_01965,3.250551098717191
STU_014,CS200_01980,2.6538897126840952
STU_014,ENGR100_01994,2.5025740843344257
STU_014,PSYCH400_02010,3.003805941851601
STU_014,STAT100_02012,2.14747291765974
STU_014,BIO300_02050,2.3947694377227977
STU_014,CHEM100_02091,2.3789129916388108
STU_014,PHYS500_02130,2.822211973643499
STU_014,CS100_02139,2.73744741086514
STU_014,ENGL300_02141,2.4835999457836477
STU_014,ENGR400_02148,2.269185721400284
STU_014,CHEM300_02152,3.6378219366064086
STU_014,ENGR200_02167,2.3244318634454095
STU_014,BIO100_02197,3.073046257080869
STU_014,CHEM200_02225,4.191741216028065
STU_014,ECON100_02265,3.729877838961314
STU_014,CS300_02273,2.1564570262865783
STU_014,ENGR500_02275,2.798590692430693
STU_014,CHEM500_02284,3.357457962813526
STU_014,CHEM500_02288,3.3872985065705112
STU_014,CS200_02296,3.8850942502489687
STU_014,CS400_02304,2.292800053405203
STU_014,STAT200_02323,1.4914582075263914
STU_014,CHEM400_02331,2.952760516935965
STU_014,STAT300_02342,3.6821472999242264
STU_014,PSYCH300_02353,3.3247205104858706
STU_014,PHYS500_02385,2.19295578515274
STU_014,STAT500_02408,2.82547310044317
STU_014,MATH200_02430,3.004623420299719
STU_014,ENGR400_02436,3.0298937682196034
STU_014,ENGR400_02440,3.069346637078025
STU_014,STAT500_02468,3.117836472787011
STU_014,CHEM200_02482,3.2130081999158353
STU_014,PHYS200_02486,1.858328109363327
STU_014,MATH400_02499,4.106913707381069
STU_014,BIO500_02521,3.8723057163635373
STU_014,PHYS500_02536,2.963965618377338
STU_014,PSYCH400_02581,3.082514105305917
STU_014,PSYCH100_02598,3.2372690123689827
STU_014,CHEM100_02604,2.420664161425501
STU_014,MATH300_02613,3.683559774915634
STU_014,PSYCH500_02627,2.659723377704518
STU_014,PHYS100_02630,2.0863878981160666
STU_014,ENGR500_02647,3.688304403385618
STU_014,ENGR300_02678,2.9511017877239616
STU_014,ENGL400_02710,3.047185684927271
STU_014,MATH500_02726,3.218114823505036
STU_014,STAT400_02734,3.2797238073920716
STU_014,ENGR300_02750,3.7973738259010212
STU_014,STAT200_02802,2.9338968183775957
STU_014,ECON200_02817,3.4972643161088133
STU_014,PSYCH200_02827,2.9183061001804695
STU_014,PHYS300_02840,2.5665348831932446
STU_014,MATH400_02850,2.9254349644233235
STU_014,PHYS400_02853,3.371747161430669
STU_014,BIO100_02879,4.034094610048228
STU_014,ENGL500_02882,2.235647509530306
STU_014,ENGR200_02886,2.8316218611049138
STU_014,CHEM500_02888,2.5009627849281286
STU_014,CHEM300_02899,4.505660837609001
STU_014,CHEM200_02927,4.167445485928126
STU_014,STAT100_02929,3.233707927420114
STU_014,ENGR300_02980,2.3746034605080704
STU_014,PHYS200_02982,2.710252487900085
STU_014,ENGR200_02998,3.630137961087274
STU_014,STAT200_03061,2.0571359124600326
STU_014,MATH300_03069,2.8152785209595397
STU_014,STAT500_03082,4.319920642203781
STU_014,ENGR200_03089,3.052821349327443
STU_014,MATH200_03113,3.1383801549406036
STU_014,ECON300_03159,3.436844969677639
STU_014,CHEM300_03214,3.487663152072865
STU_014,CS300_03276,4.276856392685673
STU_014,ENGR400_03281,2.8217446469221548
STU_014,ENGR200_03283,2.8414523617891647
STU_014,CS200_03315,3.3295519209539703
STU_014,BIO100_03341,2.122634057111542
STU_014,ENGR500_03388,3.1984883168722136
STU_014,MATH200_03424,4.106046021369987
STU_014,MATH500_03442,2.4597069259039257
STU_014,CHEM400_03447,3.209954722405612
STU_014,MATH500_03449,3.11076263885668
STU_014,MATH200_03450,1.8021870533319335
STU_014,ENGR400_03479,2.8661375573646715
STU_014,PSYCH300_03510,2.5435061705552253
STU_014,STAT100_03522,3.214645790408008
STU_014,STAT300_03532,2.456421566655471
STU_014,CHEM300_03535,3.652889908267393
STU_014,CS200_03545,2.5406830426889333
STU_014,ENGR100_03548,2.199627992846401
STU_014,MATH300_03550,2.0037471787485464
STU_014,PHYS100_03553,2.9197839489801547
STU_014,ENGL200_03565,3.281984102261081
STU_014,ENGR200_03578,2.776485973325344
STU_014,MATH100_03592,3.488953957200131
STU_014,ECON100_03644,2.443881971168104
STU_014,PSYCH200_03651,2.928589714293298
STU_014,ENGR200_03686,3.4355641412430975
STU_014,CHEM100_03715,3.7885648587965877
STU_014,PHYS300_03724,4.3189656862581405
STU_014,ENGR300_03727,2.86085381195657
STU_014,PHYS200_03734,3.321171714330175
STU_014,ENGR300_03774,3.280621348719752
STU_014,CHEM100_03783,1.9436140374608648
STU_014,MATH300_03785,3.3358418019865503
STU_014,ENGR500_03790,2.6336717684618245
STU_014,STAT300_03797,3.0606031069946953
STU_014,ECON500_03821,2.3212271783480456
STU_014,PSYCH500_03850,2.7768511839426346
STU_014,PHYS500_03872,3.1289841247335386
STU_014,PSYCH500_03898,3.6356747068791373
STU_014,CS400_03906,2.580633926483905
STU_014,ECON100_03949,2.560625958288899
STU_014,ECON300_03971,2.676299140107196
STU_014,CS500_03986,2.776042278300036
STU_014,PSYCH400_04014,2.63528220011245
STU_014,CS400_04026,4.135349991198559
STU_014,CHEM400_04054,3.0006233537882343
STU_014,MATH100_04076,2.7443460145831287
STU_014,ECON500_04089,2.612391746430842
STU_014,BIO400_04119,4.031569222250178
STU_014,BIO400_04127,3.054044190749777
STU_014,STAT500_04173,3.2240738851466846
STU_014,CHEM100_04183,3.9399353820030703
STU_014,ENGL300_04196,3.0414466036548085
STU_014,PHYS100_04203,1.7398424326533728
STU_014,CHEM100_04229,3.1517473359319284
STU_014,ENGL300_04261,2.6516206517792824
STU_014,ENGR500_04273,3.625157294176803
STU_014,MATH300_04320,2.404592405414146
STU_014,ECON200_04362,3.1152934132183967
STU_014,CHEM300_04405,3.311701136899229
STU_014,STAT300_04428,3.970085967321986
STU_014,PSYCH500_04433,2.4878355195575192
STU_014,BIO400_04435,2.4269512518241885
STU_014,CHEM300_04460,3.3232088222127265
STU_014,ENGR200_04477,4.159058577232562
STU_014,ENGL500_04480,2.325437761299325
STU_014,CS400_04486,2.5152805172467567
STU_014,ECON500_04499,3.6709950118446923
STU_014,CHEM100_04530,3.723390029321919
STU_014,MATH300_04532,3.573193030333281
STU_014,PSYCH100_04535,3.6539991436035315
STU_014,BIO200_04544,3.1875175139634457
STU_014,CHEM100_04577,3.5661747815995186
STU_014,BIO500_04578,2.635200693544162
STU_014,STAT400_04580,2.798833239264456
STU_014,STAT200_04588,3.0838069038891023
STU_014,PSYCH100_04652,2.4121774324239444
STU_014,ECON500_04658,2.2776551543247945
STU_014,BIO100_04677,2.757517441412415
STU_014,ENGR200_04714,2.7462444247790168
STU_014,BIO100_04738,2.1941719089302896
STU_014,ECON400_04743,3.1130108108210663
STU_014,CHEM200_04754,3.0791987234525995
STU_014,ENGR400_04763,2.6579282048604953
STU_014,PHYS400_04765,2.475087602599609
STU_014,BIO200_04808,2.830686041599261
STU_014,MATH100_04842,3.1975667146366664
STU_014,ECON100_04846,2.5891568785357184
STU_014,PHYS400_04868,3.0966268853208803
STU_014,PHYS400_04912,2.920923463757092
STU_014,ENGL300_04923,2.7710720667320685
STU_014,ENGR400_04936,4.0587598994073355
STU_014,ECON400_04964,3.488456551075316
STU_014,CS300_04976,3.2268640132892252
STU_014,ECON200_04985,2.8306208832056687
STU_014,MATH300_04987,2.1716368816175966
STU_014,ENGR200_04997,2.506412324100666
STU_014,MATH500_05052,1.9273705043847236
STU_014,PHYS400_05053,3.015126240809309
STU_014,MATH100_05059,2.9873028605886107
STU_014,CS200_05074,3.190866223078584
STU_014,PSYCH400_05135,3.1820265311749383
STU_014,BIO200_05173,1.8604255140582562
STU_014,ENGL300_05180,3.7512283066626413
STU_014,BIO200_05184,3.388709231937756
STU_014,PHYS100_05186,2.563084658306031
STU_014,STAT500_05233,2.9731789293847877
STU_014,ENGR300_05242,3.103532108277708
STU_014,BIO300_05253,2.966169447226309
STU_014,ECON500_05255,2.926288629868756
STU_014,ENGR100_05303,2.5526787198797245
STU_014,ENGL100_05308,2.2760346261776134
STU_014,ECON300_05312,3.021119157791981
STU_014,ENGL200_05333,3.208978897628938
STU_014,ENGR200_05340,2.1630119209632017
STU_014,CHEM200_05355,4.128355907444854
STU_014,ENGR100_05361,2.664802234069813
STU_014,CHEM400_05369,3.7795403842081905
STU_014,PSYCH300_05403,3.3652282389016053
STU_014,ENGL400_05417,3.4792284384991903
STU_014,CS300_05450,3.151553568916785
STU_014,STAT100_05461,3.336459065394675
STU_014,PSYCH100_05493,3.482148642941653
STU_014,PHYS300_05501,3.636440489530743
STU_014,PSYCH100_05506,3.394901975797015
STU_014,PHYS400_05513,2.394269403305299
STU_014,ECON500_05565,3.651017965836574
STU_014,ECON200_05577,3.297586506977229
STU_014,ENGR200_05601,2.487686782596824
STU_014,ENGR500_05616,3.471663841153216
STU_014,ENGR400_05622,3.2588292717805443
STU_014,PHYS200_05636,3.2784649700377884
STU_014,BIO500_05641,4.019181284978583
STU_014,CS400_05644,3.325110983838341
STU_014,PHYS300_05658,2.973724648161669
STU_014,ECON300_05700,3.577427357139564
STU_014,ECON500_05716,2.8161636894063737
STU_014,ENGR200_05724,3.198768228302087
STU_014,PSYCH500_05760,2.804886157019582
STU_014,ECON100_05764,3.3287362628914994
STU_014,ENGR500_05769,3.108434476430536
STU_014,CS100_05777,2.5341519850945198
STU_014,ECON300_05790,2.985527673072633
STU_014,STAT100_05804,2.8171174758193525
STU_014,STAT400_05809,3.434221338643338
STU_014,PSYCH400_05817,3.2592830489958233
STU_014,BIO500_05821,2.47398355661349
STU_014,ENGR500_05832,2.8490356123869245
STU_014,ECON400_05909,2.4484276496376434
STU_014,PHYS100_05951,2.5211346122843645
STU_014,CHEM100_05987,3.824790542933578
STU_014,PHYS400_06069,1.9982501569840454
STU_014,CS400_06096,3.191615155494618
STU_014,MATH100_06102,4.134907997237612
STU_014,ENGL400_06158,1.8783654263157186
STU_014,CS200_06171,3.3218321354337186
STU_014,BIO500_06173,2.194122976442535
STU_014,PSYCH500_06178,3.7349577272131436
STU_014,PSYCH300_06184,3.209273117311467
STU_014,PHYS300_06187,2.896827512015843
STU_014,ECON100_06206,3.5567632046327673
STU_014,STAT400_06214,3.0507642872945357
STU_014,CHEM500_06228,3.70900226729133
STU_014,CHEM400_06236,3.4886853477060984
STU_014,ECON100_06246,1.0439452939645073
STU_014,BIO400_06258,4.131575531805582
STU_014,ENGR400_06265,3.2815841722596644
STU_014,PHYS300_06268,3.0888613278242776
STU_014,PSYCH100_06273,3.6969544708385738
STU_014,ECON100_06283,3.5519231323879126
STU_014,ENGL500_06311,3.432897147187932
STU_014,CS300_06323,3.446192567917117
STU_014,PHYS300_06328,2.083939709715697
STU_014,PSYCH400_06352,2.104661038286575
STU_014,CHEM100_06357,3.311679263748485
STU_014,CS200_06362,2.7836156692782037
STU_014,CHEM100_06382,2.3981966127339476
STU_014,CHEM200_06384,3.1472085386829898
STU_014,MATH300_06393,3.395732390087233
STU_014,CHEM200_06462,3.478793393329582
STU_014,MATH500_06467,3.0675437032224346
STU_014,CHEM100_06485,3.163340539565612
STU_014,ENGR200_06564,2.3953672720084924
STU_014,ENGL400_06572,3.2189088629501974
STU_014,BIO500_06593,3.5573490999561095
STU_014,CHEM200_06602,2.3410396259281088
STU_014,PSYCH100_06608,2.317346345448714
STU_014,ENGL500_06610,3.2439094800170545
STU_014,MATH200_06611,1.564380827895891
STU_014,CS100_06622,2.304184489725775
STU_014,MATH500_06658,3.6577721313806566
STU_014,STAT400_06666,2.251647628000451
STU_014,ENGR300_06686,2.9363210193135565
STU_014,PHYS200_06704,3.235046517581917
STU_014,PSYCH400_06760,2.8203236547199473
STU_014,PSYCH400_06794,2.1711703481939875
STU_014,PHYS400_06823,3.445383676078373
STU_014,PHYS400_06825,3.444954552178274
STU_014,ENGR300_06829,3.1611962837879473
STU_014,ENGL500_06833,2.41453341798468
STU_014,BIO500_06835,1.9994854338425911
STU_014,ECON200_06903,3.296835854954068
STU_014,ENGL500_06909,2.3349405734777426
STU_014,PHYS500_06935,2.643267898816757
STU_014,BIO300_06944,3.3427956971923605
STU_014,PHYS500_06955,3.304915513789539
STU_014,ECON300_06961,2.5242442697563896
STU_014,CS200_06965,3.069259026897027
STU_014,ECON400_06980,2.5382162857250847
STU_014,ECON300_07040,2.166249614077634
STU_014,BIO300_07056,2.9525503927870598
STU_014,PHYS100_07077,3.677047098440655
STU_014,PHYS100_07104,2.025598651518147
STU_014,CS300_07143,2.888508596499087
STU_014,STAT400_07167,2.5651891845472266
STU_014,MATH100_07215,2.966777351721528
STU_014,BIO100_07237,2.6587172527069103
STU_014,STAT500_07300,4.251238276521606
STU_014,MATH200_07304,3.3602640255121297
STU_014,BIO200_07315,3.295079270255836
STU_014,ENGL400_07326,3.7412514898969826
STU_014,PHYS100_07343,3.398554303866148
STU_014,MATH200_07351,4.202777258508099
STU_014,PSYCH200_07354,2.168100534342604
STU_014,CS100_07389,2.6004624687310582
STU_014,ECON100_07407,3.1145278024995116
STU_014,ECON300_07420,2.6113753117524334
STU_014,MATH500_07423,3.550074209969476
STU_014,CS100_07462,2.195258481808346
STU_014,STAT400_07463,2.8163402668701396
STU_014,PSYCH500_07469,2.7500977502444144
STU_014,CHEM200_07471,2.6550420864052025
STU_014,ECON300_07474,2.136703187524057
STU_014,ECON400_07509,3.9942647369318927
STU_014,CHEM200_07515,3.597768908410987
STU_014,STAT200_07543,3.7964137193972025
STU_014,CS100_07562,3.66242184448235
STU_014,ENGL300_07581,2.831783773957399
STU_014,ECON300_07585,3.302443916672239
STU_014,BIO400_07610,3.467119588197232
STU_014,CS500_07627,3.7715343891584086
STU_014,PSYCH400_07633,3.0456178238794713
STU_014,PSYCH400_07681,1.7941697899452063
STU_014,ECON300_07717,3.6610298560372643
STU_014,ENGL100_07718,1.9854829799545997
STU_014,ENGR200_07723,3.5852178421176415
STU_014,ECON100_07763,3.0308145125613084
STU_014,ECON200_07789,4.197739246869487
STU_014,PSYCH500_07820,3.1021180496057617
STU_014,CS100_07845,3.515072830559917
STU_014,BIO400_07872,2.701849859991098
STU_014,CHEM200_07884,2.071363256556323
STU_014,CS200_07886,2.7328560799996056
STU_014,CHEM100_07958,3.533048360422896
STU_014,MATH300_07985,3.4363649936843066
STU_014,ENGL500_08012,2.259166188322844
STU_014,CHEM500_08035,3.7114676580649437
STU_014,ENGL300_08038,3.505310718665294
STU_014,BIO300_08047,3.7550244379354805
STU_014,ENGR500_08056,3.0498384158873217
STU_014,ENGR400_08071,3.1382452609559737
STU_014,PHYS400_08084,1.7916189695748537
STU_014,ENGL100_08109,2.083267421822302
STU_014,STAT300_08124,3.58919324445269
STU_014,BIO300_08139,2.61209990017049
STU_014,CHEM400_08262,3.2066620967286092
STU_014,PHYS100_08284,2.9060010991959753
STU_014,PSYCH300_08301,3.632672466941193
STU_014,STAT200_08304,2.6507392925066013
STU_014,STAT200_08324,2.4272168590669696
STU_014,STAT400_08344,2.6506888743364723
STU_014,CHEM100_08354,3.5012091351565213
STU_014,ENGL100_08374,2.546960031499176
STU_014,CHEM400_08376,3.684125106879202
STU_014,PSYCH500_08382,3.274674951889649
STU_014,ENGL200_08391,2.880660073789187
STU_014,PHYS500_08396,2.526610487763158
STU_014,CHEM200_08449,2.8148843889957496
STU_014,CS200_08458,2.587089030476025
STU_014,MATH100_08471,2.5166600346189396
STU_014,BIO300_08480,2.75357183224528
STU_014,ENGR500_08490,3.7657550854707313
STU_014,MATH100_08492,2.2047726136861776
STU_014,PHYS200_08530,3.1717500890704495
STU_014,ENGR400_08539,3.6845667131457813
STU_014,BIO300_08554,2.590995277728978
STU_014,STAT300_08573,2.686895889312639
STU_014,CHEM300_08588,4.914922754587275
STU_014,MATH400_08591,2.861828866094236
STU_014,ENGR100_08596,2.7372530813093667
STU_014,CHEM100_08611,3.743197434655741
STU_014,CS100_08635,3.1472855554050683
STU_014,ENGR300_08653,3.054131524179769
STU_014,CHEM300_08680,2.366420972422977
STU_014,MATH100_08697,3.957443470097462
STU_014,BIO200_08707,1.7475813501387314
STU_014,STAT300_08712,2.8748551527599453
STU_014,ECON400_08718,3.196165453823018
STU_014,CHEM300_08751,3.1360616302600697
STU_014,ECON200_08768,1.7608832221792765
STU_014,STAT500_08772,2.6427210039752387
STU_014,ENGL400_08777,3.1437632503777886
STU_014,ENGL100_08799,3.0870964748632974
STU_014,CHEM300_08809,2.141483014324109
STU_014,BIO100_08839,2.8137822600769216
STU_014,BIO100_08857,1.8688356527421255
STU_014,CHEM100_08859,2.662560539234254
STU_014,ENGL100_08889,3.6418253279493467
STU_014,MATH500_08906,1.9912877660615207
STU_014,MATH200_08914,3.75509424069896
STU_014,PHYS100_08925,3.8848454842751776
STU_014,ENGR300_08978,2.8431086625358764
STU_014,ENGL400_09001,2.9528331358180995
STU_014,ENGL500_09029,2.6669566736172556
STU_014,ECON300_09078,3.0668416907205214
STU_014,CS300_09089,2.569012903797826
STU_014,PHYS500_09090,2.382662061772067
STU_014,PHYS100_09092,2.8040919594929132
STU_014,CS300_09102,3.7921885009202314
STU_014,PHYS400_09146,4.16916933970306
STU_014,STAT500_09148,3.598238313469361
STU_014,MATH100_09149,1.9836715623476597
STU_014,CHEM500_09209,2.917158239954019
STU_014,MATH400_09217,2.854606300212519
STU_014,ECON300_09287,3.37856200605234
STU_014,CS400_09293,3.747737572122128
STU_014,BIO300_09295,2.811562476359679
STU_014,CS500_09324,3.3624295378159252
STU_014,STAT400_09335,2.34929100240474
STU_014,CS100_09355,3.2946453614383193
STU_014,CS300_09356,2.8636003770801697
STU_014,ENGL500_09358,3.778112876922063
STU_014,ENGR400_09363,3.5831200178554714
STU_014,PSYCH400_09364,3.2242521035814864
STU_014,CHEM300_09367,2.7533984020442337
STU_014,ENGL400_09408,3.3346856498152793
STU_014,STAT100_09435,3.7359578975871734
STU_014,CS200_09458,3.856432214910476
STU_014,ENGR200_09459,3.5858153902710046
STU_014,PSYCH500_09462,2.86106910751979
STU_014,CHEM300_09483,2.688557886215096
STU_014,ENGR200_09487,4.3468170454384545
STU_014,ECON200_09498,2.963968491382275
STU_014,BIO100_09575,2.931533824953232
STU_014,ECON200_09590,2.812658585274187
STU_014,ECON300_09608,3.4104940122538503
STU_014,ENGL100_09611,3.0793460201896528
STU_014,CS500_09612,3.7523022705199542
STU_014,PHYS400_09646,2.266005316393434
STU_014,BIO100_09647,3.2710169088983996
STU_014,CHEM500_09701,3.032834131489692
STU_014,ENGR500_09712,3.5644560608275655
STU_014,PSYCH100_09716,3.2245297877350403
STU_014,BIO500_09745,3.8888789269007518
STU_014,ENGL300_09776,2.525537572547594
STU_014,PHYS200_09795,3.157242074999137
STU_014,ENGL500_09802,3.335410306850792
STU_014,ECON400_09806,2.776665715232279
STU_014,ENGL400_09808,3.0776325456283096
STU_014,MATH500_09814,2.577328382229547
STU_014,MATH400_09824,3.1082012583281777
STU_014,MATH200_09831,2.733479872734656
STU_014,PSYCH500_09857,1.7335572806428146
STU_014,PHYS400_09896,2.0906333098669223
STU_014,ECON100_09910,2.5958106465341584
STU_014,ENGR100_09938,3.678646448795213
STU_014,CHEM500_09945,3.761798978607151
STU_014,STAT100_09952,3.189778625501784
STU_015,ECON500_00001,3.072802353535036
STU_015,ENGL400_00026,3.062948384453836
STU_015,CHEM100_00029,2.0049823584061097
STU_015,MATH500_00034,2.156340856564364
STU_015,MATH100_00038,4.948281787687463
STU_015,CS500_00064,2.970566066215814
STU_015,PHYS300_00068,2.08837123090474
STU_015,ENGR200_00086,3.045767754637233
STU_015,CHEM400_00116,2.5372545554603665
STU_015,STAT500_00119,2.7731124272192096
STU_015,ECON300_00132,2.567017308990035
STU_015,ENGR400_00191,1.3544413752341522
STU_015,ENGL300_00198,1.79423997577791
STU_015,ECON500_00237,2.079285631971139
STU_015,PSYCH500_00238,2.6736909497063692
STU_015,CS200_00240,2.716438375857869
STU_015,BIO400_00271,3.5984052793576367
STU_015,CHEM200_00289,2.800903391250054
STU_015,BIO200_00301,2.5330313022563336
STU_015,ENGR200_00307,3.3945778839841774
STU_015,STAT300_00375,3.821007669865165
STU_015,BIO500_00388,3.5521320882963208
STU_015,ENGR100_00459,3.227913979713449
STU_015,ENGL300_00489,4.335780412457075
STU_015,PSYCH300_00493,2.8377033790368213
STU_015,ENGR500_00495,2.2909259183937043
STU_015,ENGL200_00510,2.981381378261344
STU_015,ECON500_00517,1.80814368509295
STU_015,PSYCH200_00542,2.757351268978127
STU_015,ENGR100_00555,3.85658345123844
STU_015,STAT200_00557,2.1912347691437883
STU_015,BIO400_00559,2.762493330106583
STU_015,ENGL100_00567,2.401856143472689
STU_015,PHYS400_00677,3.429353078923858
STU_015,PSYCH400_00691,2.690586182054361
STU_015,CHEM500_00700,3.0204574198881247
STU_015,CHEM500_00713,3.041141596090889
STU_015,ENGR500_00728,3.6939233488931444
STU_015,PSYCH400_00798,1.5896783088598772
STU_015,ENGR100_00836,1.7285163781834632
STU_015,MATH300_00840,2.5873443331158374
STU_015,PHYS200_00855,2.763201452066304
STU_015,BIO100_00857,3.7241928953841588
STU_015,CS200_00858,4.5291765366253705
STU_015,ENGR200_00867,3.4218302721243474
STU_015,ECON100_00878,3.597252017183601
STU_015,PSYCH300_00919,1.9326448593919812
STU_015,ECON400_00953,2.5626936833569247
STU_015,CS100_00954,4.660667292870164
STU_015,ECON300_00962,2.427396574889471
STU_015,BIO300_00973,3.3870470398548784
STU_015,BIO200_01003,1.683775608125078
STU_015,PSYCH500_01012,2.838003309035759
STU_015,ENGL400_01020,3.5692569335105695
STU_015,CHEM100_01039,2.719885513514557
STU_015,CHEM400_01040,1.775397913885889
STU_015,CHEM500_01045,3.338096377168739
STU_015,ENGL500_01055,2.9549023889703907
STU_015,MATH400_01150,2.7743591786349184
STU_015,PHYS100_01156,4.410263987513351
STU_015,ENGL400_01234,4.454993561856178
STU_015,PHYS100_01242,3.21402609842233
STU_015,MATH400_01243,2.437286664608247
STU_015,PHYS100_01252,3.9315806431756233
STU_015,ENGR200_01258,1.4834487558979306
STU_015,ENGR400_01264,2.8081103749668883
STU_015,CHEM500_01266,2.832279414327054
STU_015,PSYCH400_01359,2.2375685988598413
STU_015,ENGL500_01406,3.2430123163107494
STU_015,PSYCH500_01462,2.972277282901195
STU_015,ENGL300_01463,3.1604409725167955
STU_015,ENGR200_01473,3.2874755729311
STU_015,PSYCH200_01513,1.81924515784429
STU_015,ENGL100_01591,3.461748806602481
STU_015,PSYCH400_01605,2.7957797501000208
STU_015,ENGL200_01608,3.9044755149547314
STU_015,MATH100_01613,1.8901472035102145
STU_015,CHEM500_01668,2.947541697418194
STU_015,CHEM500_01679,2.767907910458761
STU_015,ECON300_01769,3.5357167223480315
STU_015,PSYCH100_01779,2.6145793545752003
STU_015,ENGL300_01811,2.40473598305636
STU_015,MATH300_01835,3.314383778233657
STU_015,PSYCH500_01854,2.5582343776256757
STU_015,STAT200_01927,3.4784543928587364
STU_015,PHYS400_01959,3.0432042888768573
STU_015,CHEM300_01991,2.9780468356093577
STU_015,STAT100_02012,2.208519724397202
STU_015,BIO200_02036,3.8267407048485045
STU_015,BIO200_02046,2.5917278550863307
STU_015,ECON400_02051,3.1219088109740336
STU_015,ENGL300_02054,4.3741928826067715
STU_015,CS200_02065,2.543320553489576
STU_015,MATH400_02100,3.966684592736626
STU_015,BIO500_02147,4.0382657876835175
STU_015,CHEM200_02166,3.262830243657946
STU_015,ECON400_02170,4.480295757652145
STU_015,ENGR500_02177,2.450869952687562
STU_015,BIO200_02196,2.1047891060447723
STU_015,PHYS500_02226,3.033548386178862
STU_015,BIO400_02227,3.2285488644519322
STU_015,PHYS400_02236,2.9374050790460684
STU_015,ENGL400_02267,3.170466031615224
STU_015,PHYS100_02268,3.2769585383430617
STU_015,CS400_02270,1.0
STU_015,CS400_02285,2.2756485849961754
STU_015,CHEM400_02294,3.449556451844609
STU_015,PSYCH400_02303,2.9852006981373695
STU_015,PHYS400_02330,2.428389087688423
STU_015,CS200_02367,3.089347911116614
STU_015,ENGR200_02406,1.9423563504112933
STU_015,ECON200_02425,3.3477402602554025
STU_015,PHYS300_02442,3.5223056395355252
STU_015,ECON400_02483,3.3142946433504012
STU_015,CS300_02514,2.8240710223751226
STU_015,MATH500_02551,3.5233039140136295
STU_015,STAT500_02585,3.005826830536022
STU_015,PSYCH100_02598,2.533592293902978
STU_015,CS500_02606,4.093242116419018
STU_015,PHYS100_02608,2.7231511124385808
STU_015,ECON100_02637,2.7662913588805615
STU_015,CS500_02655,3.8004613980377866
STU_015,BIO200_02675,3.915353213378098
STU_015,STAT500_02685,3.7326434677279203
STU_015,ECON200_02711,3.9857768484181797
STU_015,ECON100_02738,3.826134256775617
STU_015,STAT400_02749,4.043001727177322
STU_015,PHYS500_02771,2.3722102709586435
STU_015,ECON200_02784,3.5319531817409304
STU_015,PHYS300_02799,2.6058349259600027
STU_015,ENGR200_02801,2.6005564672175328
STU_015,PSYCH300_02826,1.8912154483452368
STU_015,PHYS500_02832,4.203038041254407
STU_015,STAT100_02838,4.130651575130673
STU_015,ECON400_02848,1.621571463767061
STU_015,ENGR200_02863,3.3879984508134777
STU_015,ENGR200_02910,3.316670943628526
STU_015,ECON100_02912,2.1805702272042558
STU_015,MATH500_02952,2.90662231795037
STU_015,CS100_02999,5.0
STU_015,PSYCH100_03018,2.148323069122597
STU_015,CS100_03022,3.1780618976912542
STU_015,CS200_03023,3.2375137789350483
STU_015,STAT200_03045,3.430155246859801
STU_015,ECON400_03064,2.1416322943085464
STU_015,PSYCH400_03094,3.151133306594611
STU_015,ENGL500_03109,2.46007214210394
STU_015,PHYS400_03127,2.8114053353356447
STU_015,STAT400_03128,2.3463414309913
STU_015,BIO200_03129,2.9243326670180525
STU_015,CS400_03149,2.973446313670173
STU_015,CS400_03160,2.045412326108295
STU_015,MATH500_03164,2.467160215597875
STU_015,MATH500_03182,3.9935009258903236
STU_015,MATH400_03308,3.2326282619824322
STU_015,ENGL200_03310,4.453943892943876
STU_015,CHEM400_03340,1.9412402303923897
STU_015,CHEM200_03362,3.5193367851215944
STU_015,CHEM200_03377,3.2827424889830787
STU_015,ECON400_03398,3.770730817993161
STU_015,CS300_03408,2.279318679804663
STU_015,BIO100_03438,1.677671559692306
STU_015,CHEM400_03439,3.4615924375697937
STU_015,STAT300_03441,3.257806143267404
STU_015,CS500_03461,3.560065815945272
STU_015,ENGL500_03486,4.542660812093824
STU_015,STAT300_03494,2.4262553980466577
STU_015,BIO500_03615,3.0897560663997203
STU_015,PSYCH500_03623,2.5896810388001237
STU_015,PHYS200_03626,3.240515486276251
STU_015,PSYCH200_03632,2.6776543122465593
STU_015,ENGR500_03633,2.6492365313110726
STU_015,CS300_03670,4.152685216486632
STU_015,ECON400_03671,3.4976542029311832
STU_015,ENGL500_03695,3.4713150073714916
STU_015,ECON100_03705,4.6534321039798305
STU_015,CHEM300_03723,3.669497002573432
STU_015,CS300_03739,2.402419030012363
STU_015,PSYCH400_03740,4.434145318533824
STU_015,PHYS300_03744,1.9954762508366009
STU_015,ECON100_03759,3.8239597475138782
STU_015,PHYS500_03777,3.5972114196083256
STU_015,STAT300_03797,2.426157406418169
STU_015,STAT200_03818,2.747078883260401
STU_015,STAT300_03880,1.7950559638013792
STU_015,ECON100_03893,3.3250648043476585
STU_015,CHEM100_03927,3.7391391215214935
STU_015,CHEM200_03934,3.430216620079225
STU_015,ENGL300_03942,2.308865733319888
STU_015,ENGL500_03957,2.484055026982192
STU_015,CHEM200_03964,2.1998278814512444
STU_015,CS300_03981,2.874948116239788
STU_015,PHYS200_04082,3.5097944029969215
STU_015,ENGL100_04085,3.40776492043066
STU_015,STAT500_04090,2.563036552718955
STU_015,MATH200_04101,2.0941253453857374
STU_015,CS500_04114,2.4355167824046537
STU_015,CS400_04118,1.4969253409677634
STU_015,ENGL500_04134,2.689020288613794
STU_015,BIO200_04135,3.1382054213469632
STU_015,ECON300_04202,2.72915132227668
STU_015,ENGR100_04218,2.557738355663715
STU_015,ENGL500_04255,3.3122614755906707
STU_015,PHYS300_04269,2.9171300436335583
STU_015,ENGL300_04304,2.7465551133744013
STU_015,PHYS400_04307,2.3942326271689125
STU_015,ENGR200_04341,2.585046380467354
STU_015,CHEM300_04368,3.375832176035629
STU_015,BIO400_04384,3.5027818058894935
STU_015,STAT200_04390,3.8352024981222526
STU_015,PSYCH400_04518,1.5783805972191844
STU_015,ENGL400_04524,2.825500117901501
STU_015,PSYCH100_04535,1.7715230162867406
STU_015,PSYCH400_04592,2.332245896510822
STU_015,PHYS100_04599,3.7803664589565202
STU_015,CHEM100_04640,3.6616517625689813
STU_015,PSYCH200_04642,3.326527884633236
STU_015,ENGR100_04649,2.8238204875357753
STU_015,ECON400_04667,3.860119420491372
STU_015,ECON300_04681,2.290540509129022
STU_015,ENGL500_04699,2.676649499092002
STU_015,PSYCH200_04712,2.83598961760431
STU_015,STAT100_04757,2.8430393728373518
STU_015,BIO300_04759,2.3926398188142164
STU_015,BIO100_04773,3.977245185458191
STU_015,ENGR300_04784,3.889866404156158
STU_015,STAT400_04815,3.3585511093119322
STU_015,BIO100_04826,1.6234267702830112
STU_015,CHEM300_04843,2.740247634098823
STU_015,MATH200_04872,4.107705134528213
STU_015,PSYCH400_04891,4.290830250093663
STU_015,STAT300_04946,3.3773177238493233
STU_015,ECON200_04955,2.4550979165049025
STU_015,PHYS400_05041,2.302171779284157
STU_015,CS300_05064,2.756439589859447
STU_015,ECON100_05084,3.679415555167287
STU_015,MATH200_05085,4.313599108766703
STU_015,CS400_05087,3.892951936385372
STU_015,MATH100_05100,3.742831469133454
STU_015,MATH200_05139,2.557887581118584
STU_015,ENGL300_05163,1.8945516377569585
STU_015,MATH500_05202,4.04952923493949
STU_015,ENGR500_05247,2.649998211404542
STU_015,ECON200_05282,3.031594244376101
STU_015,ENGL200_05288,2.0434054466464464
STU_015,PHYS200_05293,3.471597351381546
STU_015,ENGR500_05332,2.5801200780977265
STU_015,STAT400_05345,2.557228914374472
STU_015,CHEM200_05355,3.0553613251250447
STU_015,ENGL100_05382,2.475050787226116
STU_015,MATH400_05401,2.4728456192023933
STU_015,ENGL300_05434,2.699353686482085
STU_015,CHEM100_05439,3.557453873894106
STU_015,BIO500_05455,3.5636764106694474
STU_015,ENGR100_05497,2.9778337470900347
STU_015,CHEM200_05511,3.277281824577376
STU_015,PHYS400_05513,3.162265988283654
STU_015,ENGR200_05522,3.7505154988697855
STU_015,STAT100_05543,3.6243072684995665
STU_015,BIO400_05615,3.317618201326597
STU_015,ENGR300_05621,2.6731327294042675
STU_015,PHYS400_05631,3.248298547035087
STU_015,MATH300_05638,3.8689582679455095
STU_015,STAT100_05663,3.566603468727832
STU_015,ENGL100_05668,3.1180570370674654
STU_015,CS100_05686,5.0
STU_015,ECON300_05700,2.1350085640064353
STU_015,ECON500_05735,2.8043689590953775
STU_015,CS200_05739,3.6804190063449047
STU_015,ENGL400_05743,3.089305687603904
STU_015,CS500_05784,3.3725590783801733
STU_015,ECON400_05802,2.454576804202551
STU_015,CS400_05858,1.545144795863219
STU_015,ENGR500_05881,3.062232333581684
STU_015,MATH400_05910,2.990119402201645
STU_015,ENGR500_05911,3.325920645483692
STU_015,PSYCH200_05914,2.5298522891462203
STU_015,STAT200_05936,2.413690827831162
STU_015,CHEM400_05944,2.4665856684944862
STU_015,CS500_05964,3.0169752332273605
STU_015,BIO200_05971,2.5932739662965427
STU_015,ECON500_05978,3.362439829274936
STU_015,STAT300_05980,3.3466418601898407
STU_015,ECON400_05984,2.145157891114546
STU_015,ECON300_05985,2.894040120808798
STU_015,ECON100_06010,3.499613332671351
STU_015,ECON500_06045,4.509290897843557
STU_015,BIO100_06049,2.3792710122884064
STU_015,CS200_06111,2.5249961188878327
STU_015,ENGR200_06144,3.7568512949320163
STU_015,BIO400_06234,3.002605392286216
STU_015,PSYCH100_06250,2.9912109336134702
STU_015,ENGR400_06265,2.775561444547826
STU_015,ECON300_06272,2.9908002738791724
STU_015,MATH400_06305,3.4774244799406615
STU_015,ENGL500_06311,2.249507815446983
STU_015,ECON100_06313,2.4234635800637285
STU_015,BIO300_06338,2.0942426603290247
STU_015,CS200_06370,3.0007376605698575
STU_015,PHYS500_06379,3.1234232247976546
STU_015,MATH500_06397,3.2449038242280173
STU_015,PSYCH500_06457,2.8517169818401724
STU_015,PSYCH300_06535,3.3351221370064823
STU_015,CHEM200_06569,1.9061305755938378
STU_015,PHYS300_06613,2.8586566762425507
STU_015,STAT400_06619,2.9392050137054886
STU_015,MATH200_06637,4.255257029574556
STU_015,MATH100_06651,2.4183640057885745
STU_015,CS200_06748,3.5640647531132488
STU_015,STAT500_06781,2.664427049533934
STU_015,PHYS400_06807,2.288576370825499
STU_015,CS100_06840,2.3365921978192796
STU_015,ENGR200_06850,3.652797724792112
STU_015,ENGR500_06857,2.985322474649941
STU_015,ENGL300_06869,2.776683233310668
STU_015,ECON100_06874,1.7956285490350627
STU_015,CS500_06902,2.841190377937512
STU_015,ECON200_06903,2.9845162541649066
STU_015,MATH500_06915,2.5306030012580365
STU_015,BIO300_06944,3.1568985001249
STU_015,PSYCH100_06948,3.2588412747332463
STU_015,ECON200_06990,2.885437997703545
STU_015,PHYS100_07018,2.767925506972305
STU_015,ENGL400_07061,2.89276313751745
STU_015,MATH500_07073,2.6488074581584033
STU_015,PHYS400_07082,2.613426550298632
STU_015,PHYS500_07088,2.5453743183926396
STU_015,PHYS400_07112,3.399513351837564
STU_015,ENGR300_07116,4.307052197593051
STU_015,MATH300_07130,1.9767931346402334
STU_015,PSYCH300_07229,3.758038139634814
STU_015,ENGR200_07245,2.1610001466048043
STU_015,MATH500_07259,2.8800356899317774
STU_015,MATH100_07311,1.2716366689923626
STU_015,MATH300_07324,3.9993221570574367
STU_015,ENGL200_07349,3.1533092609657567
STU_015,STAT400_07355,2.49909538682482
STU_015,PSYCH100_07418,3.7603258917040536
STU_015,STAT500_07440,3.950880803816374
STU_015,MATH200_07470,2.4597751805781543
STU_015,PSYCH200_07495,2.3006994051741083
STU_015,ECON400_07509,1.6792302424989272
STU_015,CS500_07520,3.124850625446074
STU_015,ENGL300_07527,2.27124705682869
STU_015,PHYS100_07528,1.784651464413501
STU_015,MATH100_07531,3.198291827075546
STU_015,STAT200_07550,2.6174503791385995
STU_015,MATH500_07555,2.812769919099581
STU_015,CS100_07562,1.287713485623125
STU_015,PHYS200_07566,1.5823135164341067
STU_015,STAT300_07597,2.9268643768999425
STU_015,MATH500_07652,3.792312942477424
STU_015,PSYCH500_07659,2.6115221931272727
STU_015,MATH400_07675,4.051863605363851
STU_015,CHEM200_07690,2.8697023382887767
STU_015,PHYS500_07704,3.024844631502903
STU_015,ENGR300_07714,2.8609296259002788
STU_015,CS200_07715,2.547337046865471
STU_015,ENGL200_07727,1.9620770094291793
STU_015,BIO300_07737,3.1219751028094462
STU_015,CS100_07741,1.7001872314211017
STU_015,ENGR500_07750,4.003066900949066
STU_015,ENGR100_07768,3.1493352760907625
STU_015,MATH400_07782,2.2383948634169992
STU_015,ENGR200_07797,2.155301980602761
STU_015,ENGR300_07810,3.151189494661318
STU_015,ENGL500_07857,3.2285033647642467
STU_015,PSYCH400_07867,3.3964684894799
STU_015,MATH300_07876,1.981943382684006
STU_015,ENGR400_07890,2.587683884574399
STU_015,MATH200_07892,2.3167772128116733
STU_015,MATH300_07897,3.3463141301327726
STU_015,MATH500_07927,3.3383975201594644
STU_015,BIO200_07930,3.07066271472641
STU_015,CHEM500_07993,2.9277375304883733
STU_015,PSYCH300_08000,2.891834278365503
STU_015,STAT100_08015,3.36468622850637
STU_015,STAT500_08027,2.050322306586126
STU_015,BIO200_08036,2.2116705082348163
STU_015,ENGR400_08062,3.92751646894322
STU_015,STAT300_08075,2.3264665607734116
STU_015,PSYCH500_08100,3.490320458820082
STU_015,BIO300_08199,3.6905879593478126
STU_015,BIO500_08204,3.937639257907751
STU_015,MATH500_08205,3.2691391822392037
STU_015,CHEM400_08257,3.0669050734219416
STU_015,BIO300_08264,2.2265557017553106
STU_015,ENGR100_08277,2.4966119749557403
STU_015,STAT200_08304,3.9187060971242014
STU_015,MATH400_08311,3.9429894594091928
STU_015,ENGR400_08317,3.549426932641244
STU_015,CHEM400_08343,3.3937195627223242
STU_015,ENGR100_08388,2.5978740225333135
STU_015,PHYS300_08397,3.552861364725656
STU_015,BIO300_08402,3.3367960764421283
STU_015,CS300_08403,3.0961740574269068
STU_015,PHYS100_08406,3.5750109424831242
STU_015,PHYS100_08408,2.3960624669928476
STU_015,ENGL200_08410,4.172197783162104
STU_015,ECON100_08434,2.7254190736303996
STU_015,ENGL300_08438,3.1263414365238513
STU_015,ENGL200_08465,3.048649662632343
STU_015,BIO400_08484,3.3904780948462605
STU_015,ECON500_08509,2.619294947721425
STU_015,PSYCH300_08531,3.3656430259346006
STU_015,ENGL500_08541,2.6674674156344778
STU_015,CS500_08557,2.4392396002448464
STU_015,BIO500_08621,3.6000883101621914
STU_015,PSYCH300_08630,2.239052415644542
STU_015,STAT100_08682,1.983221589018617
STU_015,CS200_08685,4.277384939517151
STU_015,ECON500_08700,3.3901756978204634
STU_015,PSYCH300_08702,3.3049983739450868
STU_015,ECON400_08718,3.4291478424315347
STU_015,STAT100_08724,1.8753804944197536
STU_015,CS400_08729,1.7036203330042228
STU_015,ENGL500_08735,2.0251520314005407
STU_015,PSYCH200_08737,1.0647797537925805
STU_015,BIO100_08739,3.3348736179178915
STU_015,CHEM300_08751,2.91898466233296
STU_015,ENGR200_08811,2.8853982799460653
STU_015,STAT100_08816,3.3272874459513075
STU_015,PSYCH300_08834,3.1154551901491923
STU_015,CHEM100_08835,3.4314273177061816
STU_015,CS200_08846,4.060887011636559
STU_015,BIO100_08856,3.612695759975979
STU_015,CHEM100_08859,3.6817332681731356
STU_015,ENGR200_08886,3.5555958837037713
STU_015,MATH200_08914,3.0187458163121077
STU_015,CS100_08943,4.265764883123602
STU_015,CHEM200_08985,2.284001804785931
STU_015,MATH200_08993,2.0127793368146563
STU_015,PSYCH400_08995,3.6448811561833585
STU_015,PSYCH400_09028,2.5055181522362906
STU_015,ENGL300_09052,3.177495951859049
STU_015,ECON300_09072,1.9974235510295173
STU_015,CS100_09083,1.842662299730839
STU_015,CHEM300_09099,2.419003127799052
STU_015,PSYCH200_09131,2.846829289817966
STU_015,PHYS500_09161,3.064602879440785
STU_015,MATH300_09167,2.863447162992951
STU_015,ENGR400_09171,3.1316410388384788
STU_015,MATH100_09184,3.5239268379765525
STU_015,PSYCH500_09222,3.2533103114923065
STU_015,ENGR200_09236,3.3360586758639235
STU_015,PHYS500_09253,3.829684517377865
STU_015,MATH200_09254,2.0549632667047546
STU_015,BIO500_09270,3.725655685893428
STU_015,CS400_09279,1.0
STU_015,PHYS100_09284,3.8552878442286853
STU_015,CS500_09324,2.632192950037538
STU_015,STAT400_09335,3.4547029591484884
STU_015,PHYS100_09370,4.101787715487808
STU_015,PHYS100_09401,3.3301464582390854
STU_015,BIO500_09424,4.46243765316927
STU_015,STAT500_09430,3.1447370700343114
STU_015,ENGR300_09434,2.2170730435529844
STU_015,STAT500_09436,3.1335387034873214
STU_015,ECON200_09438,1.9689318476668354
STU_015,PSYCH500_09462,2.700941937077084
STU_015,ECON300_09478,2.6582320706715956
STU_015,PHYS400_09501,3.437416638587008
STU_015,BIO500_09563,3.5124125006404183
STU_015,MATH300_09565,3.6826367873956536
STU_015,STAT300_09588,2.8545384019918347
STU_015,PSYCH500_09621,2.3121455199472143
STU_015,CHEM200_09678,2.378074561666164
STU_015,MATH100_09688,3.173236602452707
STU_015,STAT500_09707,2.8835938798606904
STU_015,ECON400_09710,3.1457253550351068
STU_015,PHYS200_09752,2.338470620534736
STU_015,ENGR500_09755,2.7716630740156427
STU_015,BIO300_09765,2.8883091986803975
STU_015,PSYCH300_09770,4.038896421397243
STU_015,CHEM200_09782,2.7594488690646948
STU_015,ENGR300_09804,2.8790280301900575
STU_015,STAT200_09884,3.4615912270195537
STU_015,ECON100_09887,2.859930753433487
STU_015,CHEM300_09909,3.0489180291747866
STU_015,CS300_09916,3.3741561345190916
STU_015,ENGR100_09917,2.1667332173130407
STU_015,CHEM100_09928,2.6963984339427216
STU_015,PHYS400_09930,3.5121408352432035
STU_015,CS400_09939,2.946102445710498
STU_015,BIO100_09953,3.076771162936686
STU_015,ENGR400_09962,1.9812866792339263
STU_015,MATH100_09968,4.778017975145133
STU_015,MATH300_09971,3.8379306357064147
STU_015,MATH200_09976,2.0944490513216314
STU_015,STAT500_09985,2.7512065880746586
